enterprise_id,date,milk_yield_liters,milk_price_per_liter,feed_cost_inr,upi_txn_count,upi_amount_inr,upi_velocity_7d,rainfall_mm,temperature_c,gross_revenue_inr,net_cashflow_inr
ENT-DAI-001,2025-07-01,47.35,31.99,502.52,17,5157.88,5157.88,2.97,24.8,1514.88,1786.04
ENT-DAI-001,2025-07-02,46.11,34.37,569.78,12,4214.38,4686.13,5.22,30.1,1584.81,1647.18
ENT-DAI-001,2025-07-03,46.36,36.85,542.75,7,1945.48,3772.58,4.53,35.2,1708.04,1457.11
ENT-DAI-001,2025-07-04,47.07,34.47,556.67,14,1477.47,3198.8,3.19,22.7,1622.53,1287.48
ENT-DAI-001,2025-07-05,46.79,33.68,587.05,12,4556.75,3470.39,4.25,31.0,1575.76,1672.22
ENT-DAI-001,2025-07-06,49.0,37.49,576.24,15,5949.71,3883.61,7.29,30.8,1836.99,2153.21
ENT-DAI-001,2025-07-07,43.58,35.34,515.37,14,2319.48,3660.16,2.7,22.2,1540.07,1372.62
ENT-DAI-001,2025-07-08,50.98,33.6,522.86,10,3726.55,3455.69,5.52,27.2,1713.28,1749.4
ENT-DAI-001,2025-07-09,47.68,34.65,617.02,14,2102.56,3154.0,5.08,38.0,1652.22,1350.58
ENT-DAI-001,2025-07-10,47.3,35.39,605.19,14,4668.52,3543.01,3.19,26.4,1674.22,1769.31
ENT-DAI-001,2025-07-11,48.25,30.14,526.74,11,3416.94,3820.07,0,31.6,1454.11,1439.91
ENT-DAI-001,2025-07-12,46.67,37.76,591.77,14,3152.68,3619.49,4.65,37.1,1762.0,1643.13
ENT-DAI-001,2025-07-13,51.63,36.82,650.44,14,3982.49,3338.46,4.7,30.2,1901.12,1848.06
ENT-DAI-001,2025-07-14,44.54,32.58,561.95,8,641.46,3098.74,3.16,24.5,1450.9,985.17
ENT-DAI-001,2025-07-15,41.66,35.16,513.61,17,6511.4,3496.58,10.56,19.7,1464.84,1927.94
ENT-DAI-001,2025-07-16,49.69,36.08,553.56,10,2320.9,3527.77,7.19,29.0,1792.78,1587.36
ENT-DAI-001,2025-07-17,43.6,35.25,611.42,11,1977.24,3143.3,7.19,37.9,1536.93,1222.1
ENT-DAI-001,2025-07-18,45.51,35.99,576.8,14,2634.62,3031.54,3.01,29.8,1637.8,1456.19
ENT-DAI-001,2025-07-19,45.63,33.87,524.5,16,1642.79,2815.85,5.21,22.8,1545.51,1267.43
ENT-DAI-001,2025-07-20,48.11,36.25,610.74,11,2543.8,2610.32,1.67,33.7,1743.8,1514.63
ENT-DAI-001,2025-07-21,49.66,32.92,572.99,8,2363.81,2856.37,5.5,37.7,1634.79,1416.38
ENT-DAI-001,2025-07-22,42.48,35.82,575.36,9,1267.8,2107.28,6.0,27.0,1521.71,1136.52
ENT-DAI-001,2025-07-23,47.67,36.83,525.87,14,1346.64,1968.1,4.59,38.0,1756.0,1432.13
ENT-DAI-001,2025-07-24,53.5,34.28,568.48,11,2589.46,2055.56,2.1,22.3,1833.89,1653.83
ENT-DAI-001,2025-07-25,46.74,36.17,547.33,12,2584.35,2048.38,7.73,37.1,1690.48,1530.8
ENT-DAI-001,2025-07-26,47.11,34.11,574.58,15,5849.8,2649.38,1.77,29.6,1606.79,1909.69
ENT-DAI-001,2025-07-27,46.32,32.84,521.12,13,5036.84,3005.53,4.99,19.6,1520.88,1755.28
ENT-DAI-001,2025-07-28,42.09,33.33,553.3,13,4743.6,3345.5,3.6,22.9,1402.76,1561.0
ENT-DAI-001,2025-07-29,45.94,33.0,520.43,14,4328.54,3782.75,2.71,22.8,1516.05,1644.9
ENT-DAI-001,2025-07-30,45.21,33.47,517.23,16,1651.42,3826.29,4.19,27.2,1512.92,1243.4
ENT-DAI-001,2025-07-31,50.11,35.12,589.16,18,6504.6,4385.59,6.17,25.4,1759.61,2146.14
ENT-DAI-001,2025-08-01,45.94,32.43,440.41,5,1446.36,4223.02,2.48,18.2,1489.94,1266.48
ENT-DAI-001,2025-08-02,51.69,36.01,543.14,13,3341.41,3864.68,3.65,23.4,1861.34,1819.41
ENT-DAI-001,2025-08-03,47.16,33.46,527.16,10,2363.3,3482.75,5.95,36.1,1577.93,1405.26
ENT-DAI-001,2025-08-04,50.23,34.58,557.35,13,2129.73,3109.34,7.63,32.8,1737.24,1499.35
ENT-DAI-001,2025-08-05,46.82,35.42,645.43,15,5538.86,3282.24,0.77,28.9,1658.38,1843.79
ENT-DAI-001,2025-08-06,48.44,36.22,584.01,17,6042.22,3909.5,3.52,36.0,1754.51,2076.83
ENT-DAI-001,2025-08-07,44.74,36.12,572.72,5,1050.2,3130.3,1.83,30.4,1616.08,1200.89
ENT-DAI-001,2025-08-08,42.65,37.94,539.6,12,3788.41,3464.88,10.43,24.6,1618.16,1646.82
ENT-DAI-001,2025-08-09,50.95,31.14,567.87,10,3319.6,3461.76,4.54,20.2,1586.5,1516.57
ENT-DAI-001,2025-08-10,48.16,35.64,502.45,11,1681.14,3364.31,6.34,18.5,1716.58,1466.3
ENT-DAI-001,2025-08-11,42.73,37.9,592.77,11,3138.02,3508.35,10.03,26.0,1619.36,1497.29
ENT-DAI-001,2025-08-12,48.94,39.35,641.14,16,2639.19,3094.11,0,20.2,1925.62,1680.36
ENT-DAI-001,2025-08-13,46.04,32.46,506.19,9,1829.36,2492.27,11.93,29.5,1494.46,1262.68
ENT-DAI-001,2025-08-14,44.93,37.1,525.17,10,2946.01,2763.1,4.96,25.3,1666.78,1583.52
ENT-DAI-001,2025-08-15,42.86,33.82,515.25,16,4965.14,2931.21,0.15,24.0,1449.58,1679.1
ENT-DAI-001,2025-08-16,46.52,34.84,578.22,5,1483.71,2668.94,2.45,36.1,1620.44,1264.78
ENT-DAI-001,2025-08-17,46.71,36.93,594.31,12,2610.77,2801.74,8.41,29.6,1724.92,1522.23
ENT-DAI-001,2025-08-18,48.25,35.7,608.33,16,2148.82,2660.43,1.84,19.7,1722.54,1436.53
ENT-DAI-001,2025-08-19,45.61,33.85,587.95,7,2067.06,2578.7,1.89,22.5,1543.72,1265.83
ENT-DAI-001,2025-08-20,44.89,30.81,568.34,14,3941.35,2880.41,7.22,21.9,1382.86,1405.72
ENT-DAI-001,2025-08-21,46.56,34.79,550.26,12,3843.7,3008.65,6.37,33.4,1620.0,1646.3
ENT-DAI-001,2025-08-22,44.59,37.37,537.42,13,4569.08,2952.07,3.34,27.1,1666.53,1814.46
ENT-DAI-001,2025-08-23,45.84,29.64,452.15,8,2922.05,3157.55,5.7,30.3,1358.63,1344.79
ENT-DAI-001,2025-08-24,48.1,31.3,521.59,12,1955.3,3063.91,0,22.9,1505.63,1277.33
ENT-DAI-001,2025-08-25,47.9,32.8,525.18,10,1047.95,2906.64,1.6,23.7,1571.05,1203.07
ENT-DAI-001,2025-08-26,47.41,35.97,580.9,10,1005.53,2754.99,3.41,26.2,1705.45,1275.38
ENT-DAI-001,2025-08-27,45.83,36.0,458.11,15,4003.58,2763.88,0.59,31.9,1650.13,1792.55
ENT-DAI-001,2025-08-28,47.21,36.71,554.92,13,5006.27,2929.97,5.29,26.4,1732.88,1928.9
ENT-DAI-001,2025-08-29,45.8,34.6,559.67,14,3072.55,2716.17,0,18.6,1584.67,1485.89
ENT-DAI-001,2025-08-30,43.76,36.15,601.51,14,1240.81,2476.0,3.68,25.9,1581.83,1166.45
ENT-DAI-001,2025-08-31,49.98,35.06,589.81,14,1345.28,2388.85,8.01,25.6,1752.5,1364.48
ENT-DAI-001,2025-09-01,47.74,32.69,612.92,12,1274.52,2421.22,2.64,18.4,1560.67,1138.93
ENT-DAI-001,2025-09-02,48.84,35.07,504.26,8,2308.49,2607.36,3.01,33.1,1713.05,1555.07
ENT-DAI-001,2025-09-03,50.18,35.45,576.67,11,1647.24,2270.74,5.19,32.0,1778.94,1449.35
ENT-DAI-001,2025-09-04,49.89,37.59,555.11,11,3763.94,2093.26,1.62,37.3,1875.47,1884.95
ENT-DAI-001,2025-09-05,44.32,32.4,442.35,7,730.23,1758.64,7.56,31.8,1435.71,1102.9
ENT-DAI-001,2025-09-06,50.35,36.64,595.34,9,1068.64,1734.05,7.87,37.7,1844.88,1409.83
ENT-DAI-001,2025-09-07,50.38,33.43,598.57,9,3088.31,1983.05,3.18,20.1,1684.01,1548.68
ENT-DAI-001,2025-09-08,47.39,31.56,541.26,10,3148.14,2250.71,9.91,37.3,1495.58,1426.54
ENT-DAI-001,2025-09-09,42.82,32.61,560.97,11,3878.03,2474.93,6.33,34.6,1396.64,1417.38
ENT-DAI-001,2025-09-10,44.99,34.1,488.47,12,2415.32,2584.66,2.65,18.6,1534.12,1407.95
ENT-DAI-001,2025-09-11,50.37,35.33,511.87,16,2694.5,2431.88,5.86,18.2,1779.61,1671.91
ENT-DAI-001,2025-09-12,52.52,36.83,471.4,13,3912.93,2886.55,1.81,30.9,1934.27,2049.81
ENT-DAI-001,2025-09-13,45.8,35.38,630.93,10,2314.43,3064.52,5.35,28.6,1620.67,1336.91
ENT-DAI-001,2025-09-14,46.16,32.71,543.83,9,1444.04,2829.63,8.72,20.4,1510.02,1182.79
ENT-DAI-001,2025-09-15,46.31,34.7,523.53,12,3742.41,2914.52,7.72,37.5,1606.89,1644.72
ENT-DAI-001,2025-09-16,46.7,35.44,567.79,14,1923.9,2635.36,8.38,18.3,1654.82,1375.61
ENT-DAI-001,2025-09-17,52.3,32.08,530.0,16,3793.3,2832.22,3.76,35.5,1677.66,1716.66
ENT-DAI-001,2025-09-18,45.11,34.86,561.94,13,4954.82,3155.12,9.31,27.6,1572.28,1753.56
ENT-DAI-001,2025-09-19,49.38,34.51,543.37,15,2658.41,2975.9,4.04,37.9,1704.23,1559.62
ENT-DAI-001,2025-09-20,44.36,31.84,564.49,9,2225.01,2963.13,8.11,27.0,1412.48,1181.74
ENT-DAI-001,2025-09-21,41.65,33.34,620.91,8,3065.83,3194.81,10.81,22.2,1388.79,1227.76
ENT-DAI-001,2025-09-22,44.12,34.2,564.53,12,970.27,2798.79,1.87,27.0,1508.78,1089.79
ENT-DAI-001,2025-09-23,48.76,34.1,480.35,8,3005.21,2953.27,4.44,33.8,1662.66,1633.09
ENT-DAI-001,2025-09-24,45.1,30.79,499.53,14,4021.4,2985.85,6.3,36.2,1388.89,1492.57
ENT-DAI-001,2025-09-25,49.47,33.53,633.18,10,1197.93,2449.15,6.63,31.8,1659.04,1205.55
ENT-DAI-001,2025-09-26,50.29,34.15,534.97,12,1113.07,2228.39,3.96,26.6,1717.26,1349.25
ENT-DAI-001,2025-09-27,46.38,38.57,532.9,5,1999.32,2196.15,5.0,31.4,1788.76,1555.76
ENT-DAI-001,2025-09-28,48.39,36.05,484.08,12,4477.72,2397.85,1.65,21.6,1744.66,1932.24
ENT-DAI-001,2025-09-29,45.56,36.66,580.51,10,3544.75,2765.63,2.69,24.6,1670.12,1621.32
ENT-DAI-001,2025-09-30,46.89,39.17,580.01,9,2029.9,2626.3,8.87,24.3,1836.84,1561.32
ENT-DAI-001,2025-10-01,52.7,29.05,544.04,11,2334.63,2385.33,4.0,21.8,1530.75,1336.91
ENT-DAI-001,2025-10-02,53.55,32.57,559.79,12,3069.0,2652.63,0,36.6,1744.25,1644.81
ENT-DAI-001,2025-10-03,53.16,38.03,546.17,14,3587.76,3006.15,0.51,29.0,2021.58,2013.58
ENT-DAI-001,2025-10-04,55.4,34.88,533.41,13,4501.72,3363.64,2.76,28.0,1932.54,2074.39
ENT-DAI-001,2025-10-05,56.58,38.22,436.98,15,3041.21,3158.42,0,36.4,2162.35,2181.55
ENT-DAI-001,2025-10-06,57.67,32.15,543.17,19,4042.85,3229.58,4.79,36.7,1853.95,1917.21
ENT-DAI-001,2025-10-07,53.29,34.37,621.09,17,2168.36,3249.36,2.05,28.8,1831.64,1535.81
ENT-DAI-001,2025-10-08,50.91,34.48,515.33,14,1965.16,3196.58,0.98,31.9,1755.07,1534.51
ENT-DAI-001,2025-10-09,58.79,38.4,580.05,13,2646.09,3136.16,1.53,31.3,2257.56,2074.42
ENT-DAI-001,2025-10-10,59.94,35.09,615.15,15,4032.87,3199.75,0,35.4,2103.47,2093.25
ENT-DAI-001,2025-10-11,59.0,32.29,579.07,11,1423.35,2759.98,0,27.4,1905.04,1539.47
ENT-DAI-001,2025-10-12,57.35,37.65,500.17,10,3527.49,2829.45,3.34,35.2,2159.08,2188.04
ENT-DAI-001,2025-10-13,56.51,35.61,456.39,15,4229.57,2856.13,0,36.4,2012.55,2190.59
ENT-DAI-001,2025-10-14,59.18,33.12,615.41,18,6466.06,3470.08,1.25,26.9,1959.95,2314.45
ENT-DAI-001,2025-10-15,56.11,35.68,517.74,13,3249.65,3653.58,1.76,29.3,2001.81,1971.52
ENT-DAI-001,2025-10-16,57.75,35.87,605.53,12,1884.79,3544.83,2.19,36.3,2071.31,1748.49
ENT-DAI-001,2025-10-17,51.81,35.37,564.54,15,4452.53,3604.78,0,21.2,1832.29,1935.63
ENT-DAI-001,2025-10-18,52.66,37.57,523.91,11,1760.35,3652.92,0,34.9,1978.41,1718.55
ENT-DAI-001,2025-10-19,53.47,35.58,622.59,5,872.37,3273.62,0,37.6,1902.83,1411.09
ENT-DAI-001,2025-10-20,55.74,37.93,525.24,10,956.94,2806.1,0,30.1,2114.1,1732.4
ENT-DAI-001,2025-10-21,53.73,35.9,492.53,11,3065.54,2320.31,3.03,31.6,1928.9,1896.2
ENT-DAI-001,2025-10-22,54.64,31.72,482.81,10,2868.29,2265.83,4.42,24.2,1733.32,1680.76
ENT-DAI-001,2025-10-23,52.6,36.79,580.11,14,1712.08,2241.16,0,28.8,1934.84,1611.55
ENT-DAI-001,2025-10-24,54.65,34.52,576.34,13,4470.71,2243.75,0,27.6,1886.61,1980.88
ENT-DAI-001,2025-10-25,55.67,39.13,642.64,20,7104.9,3007.26,0.94,32.5,2178.17,2601.26
ENT-DAI-001,2025-10-26,62.61,33.93,498.87,19,1604.63,3111.87,7.05,28.7,2124.34,1866.17
ENT-DAI-001,2025-10-27,51.64,32.17,510.57,15,2322.35,3306.93,0,18.5,1661.13,1498.91
ENT-DAI-001,2025-10-28,54.08,33.66,560.9,16,5498.14,3654.44,0.47,36.2,1820.03,2083.84
ENT-DAI-001,2025-10-29,53.49,36.98,543.56,12,4367.08,3868.55,0,20.7,1978.12,2089.62
ENT-DAI-001,2025-10-30,52.69,32.37,606.81,13,4127.84,4213.66,1.06,21.1,1705.81,1718.17
ENT-DAI-001,2025-10-31,55.27,30.87,624.81,17,3772.0,4113.85,3.83,37.0,1706.09,1647.08
ENT-DAI-001,2025-11-01,60.4,36.99,427.25,12,2337.31,3432.76,1.59,26.0,2234.54,2157.89
ENT-DAI-001,2025-11-02,54.56,32.03,580.6,11,955.18,3339.98,5.19,33.7,1747.35,1310.02
ENT-DAI-001,2025-11-03,54.17,37.21,637.24,15,2194.36,3321.7,0,22.3,2015.56,1707.48
ENT-DAI-001,2025-11-04,59.06,35.48,557.71,16,1945.56,2814.19,0.2,23.0,2095.23,1829.36
ENT-DAI-001,2025-11-05,51.48,34.99,647.86,14,2185.93,2502.6,0,24.5,1801.27,1481.3
ENT-DAI-001,2025-11-06,52.79,31.54,546.41,8,1953.89,2192.03,5.67,20.2,1665.06,1411.73
ENT-DAI-001,2025-11-07,55.29,35.0,580.73,8,1974.92,1935.31,1.77,27.2,1934.95,1650.46
ENT-DAI-001,2025-11-08,59.77,32.48,604.02,8,828.14,1719.71,4.18,19.6,1941.23,1461.43
ENT-DAI-001,2025-11-09,57.15,35.88,517.65,11,2024.65,1872.49,1.4,37.9,2050.41,1836.45
ENT-DAI-001,2025-11-10,55.75,37.9,605.3,17,5543.16,2350.89,0,32.4,2113.13,2339.3
ENT-DAI-001,2025-11-11,50.72,35.81,530.77,16,3409.87,2560.08,0,19.9,1816.14,1796.85
ENT-DAI-001,2025-11-12,52.36,37.98,652.6,19,2086.84,2545.92,0,19.9,1988.32,1648.74
ENT-DAI-001,2025-11-13,57.83,32.68,504.95,12,2225.84,2584.77,3.32,20.4,1890.19,1719.12
ENT-DAI-001,2025-11-14,50.49,37.53,501.02,18,3465.48,2797.71,0,29.6,1895.01,1913.82
ENT-DAI-001,2025-11-15,51.29,34.17,635.04,17,3359.53,3159.34,0.2,33.3,1752.32,1621.22
ENT-DAI-001,2025-11-16,51.75,38.72,545.2,11,972.41,3009.02,3.04,36.6,2003.76,1604.42
ENT-DAI-001,2025-11-17,57.56,36.63,547.32,12,2264.93,2540.7,0,18.1,2108.29,1900.71
ENT-DAI-001,2025-11-18,57.24,37.15,615.0,20,2976.85,2478.84,0,26.4,2126.92,1958.44
ENT-DAI-001,2025-11-19,51.05,37.51,570.78,10,1071.86,2333.84,1.95,19.1,1915.0,1505.01
ENT-DAI-001,2025-11-20,49.55,34.97,632.84,10,1674.13,2255.03,0,33.1,1732.62,1350.9
ENT-DAI-001,2025-11-21,49.7,35.94,534.83,10,2934.82,2179.22,1.29,18.9,1786.15,1691.55
ENT-DAI-001,2025-11-22,53.59,34.87,592.57,15,2774.99,2095.71,0.7,18.2,1868.66,1692.34
ENT-DAI-001,2025-11-23,57.82,36.85,543.01,11,3813.41,2501.57,2.75,34.1,2130.67,2159.67
ENT-DAI-001,2025-11-24,50.34,39.7,573.15,15,3952.32,2742.63,1.57,32.2,1998.36,2018.06
ENT-DAI-001,2025-11-25,54.25,35.65,519.22,19,5278.2,3071.39,0,34.6,1933.85,2206.36
ENT-DAI-001,2025-11-26,60.55,34.89,626.52,12,2151.45,3225.62,5.92,24.8,2112.81,1809.01
ENT-DAI-001,2025-11-27,54.35,37.4,604.95,16,5918.32,3831.93,0.55,25.0,2032.66,2315.46
ENT-DAI-001,2025-11-28,53.43,35.14,587.94,16,5172.3,4151.57,3.31,31.1,1877.58,2065.48
ENT-DAI-001,2025-11-29,52.08,32.58,562.27,8,1789.2,4010.74,4.85,36.5,1696.83,1402.94
ENT-DAI-001,2025-11-30,53.18,37.22,507.0,15,3322.6,3940.63,0,24.1,1979.42,1970.81
ENT-DAI-001,2025-12-01,54.87,36.01,541.83,16,1571.28,3600.48,1.92,34.6,1975.71,1669.57
ENT-DAI-001,2025-12-02,47.87,33.1,522.82,9,3000.44,3275.08,4.88,35.9,1584.7,1511.95
ENT-DAI-001,2025-12-03,55.3,32.48,537.47,17,2180.68,3279.26,1.89,19.2,1796.39,1586.03
ENT-DAI-001,2025-12-04,49.99,34.53,504.38,14,3081.16,2873.95,3.22,26.8,1726.04,1683.83
ENT-DAI-001,2025-12-05,55.95,36.7,551.63,17,3200.72,2592.3,3.0,30.0,2053.18,1981.66
ENT-DAI-001,2025-12-06,56.74,37.84,604.29,14,4061.41,2916.9,0.33,36.1,2146.92,2151.84
ENT-DAI-001,2025-12-07,56.77,37.09,591.4,17,6624.27,3388.56,5.7,32.0,2105.96,2508.2
ENT-DAI-001,2025-12-08,51.06,34.66,607.4,15,4416.56,3795.03,0,34.6,1769.79,1824.88
ENT-DAI-001,2025-12-09,55.9,33.13,530.26,12,2349.42,3702.03,0,25.3,1852.01,1674.16
ENT-DAI-001,2025-12-10,56.51,33.68,565.24,14,4903.04,4090.94,2.63,20.0,1903.63,2073.84
ENT-DAI-001,2025-12-11,59.28,31.61,606.19,15,4878.28,4347.67,1.91,20.6,1873.98,1999.53
ENT-DAI-001,2025-12-12,56.78,35.46,471.96,15,3172.12,4343.58,3.97,31.5,2013.51,2017.36
ENT-DAI-001,2025-12-13,50.76,35.56,561.65,10,2508.84,4121.79,3.78,24.2,1805.09,1619.77
ENT-DAI-001,2025-12-14,58.24,32.1,651.65,18,3063.01,3613.04,0,25.6,1869.72,1677.52
ENT-DAI-001,2025-12-15,58.55,34.53,570.79,12,1920.01,3256.39,0.67,30.8,2021.73,1738.94
ENT-DAI-001,2025-12-16,57.79,37.59,481.74,14,2342.11,3255.34,0,36.1,2172.18,2041.76
ENT-DAI-001,2025-12-17,47.01,36.63,571.72,16,3069.88,2993.46,5.97,18.5,1721.94,1610.69
ENT-DAI-001,2025-12-18,50.6,37.31,560.48,20,6970.73,3292.38,0,31.0,1888.09,2373.22
ENT-DAI-001,2025-12-19,58.42,36.4,599.23,11,1368.55,3034.73,2.22,32.1,2126.59,1732.64
ENT-DAI-001,2025-12-20,54.25,35.01,657.0,9,2239.98,2996.32,2.22,20.2,1899.43,1578.43
ENT-DAI-001,2025-12-21,52.56,35.97,484.32,16,3620.42,3075.95,0,20.2,1890.64,1949.38
ENT-DAI-001,2025-12-22,58.18,33.84,558.56,17,4704.56,3473.75,0.55,22.8,1968.63,2115.76
ENT-DAI-001,2025-12-23,53.5,34.3,580.63,14,3476.75,3635.84,3.49,28.1,1834.95,1775.83
ENT-DAI-001,2025-12-24,58.48,32.58,575.41,17,1448.36,3404.19,0,33.8,1905.44,1547.29
ENT-DAI-001,2025-12-25,52.98,32.5,573.13,9,1677.65,2648.04,0.73,18.9,1722.01,1400.53
ENT-DAI-001,2025-12-26,53.97,35.61,507.19,13,4415.83,3083.37,1.72,19.3,1921.81,2077.0
ENT-DAI-001,2025-12-27,55.6,35.81,594.25,15,1401.15,2963.53,0,36.7,1991.28,1607.2
ENT-DAI-001,2025-12-28,54.66,34.83,645.79,15,4948.04,3153.19,4.75,35.3,1903.92,2000.34
ENT-DAI-001,2025-12-29,54.52,36.36,625.52,10,3662.84,3004.37,3.63,25.7,1982.48,1906.39
ENT-DAI-001,2025-12-30,59.07,37.53,534.44,17,1789.36,2763.32,0,30.0,2216.61,1950.57
ENT-DAI-001,2025-12-31,55.94,34.88,626.58,17,3027.34,2988.89,0,30.1,1951.18,1778.71
ENT-DAI-001,2026-01-01,44.48,39.27,564.08,5,839.29,2869.12,0,37.6,1746.94,1308.75
ENT-DAI-001,2026-01-02,52.32,35.72,478.81,17,5055.99,2960.57,9.51,37.1,1868.68,2148.27
ENT-DAI-001,2026-01-03,42.09,36.1,541.56,12,2430.16,3107.57,0,29.3,1519.7,1342.66
ENT-DAI-001,2026-01-04,45.33,30.98,478.65,16,4218.48,3003.35,0,28.6,1404.19,1558.31
ENT-DAI-001,2026-01-05,44.8,37.84,590.86,9,2337.62,2814.03,0,23.2,1695.22,1455.01
ENT-DAI-001,2026-01-06,38.75,37.49,512.82,18,4269.31,3168.31,1.02,20.5,1452.97,1580.55
ENT-DAI-001,2026-01-07,50.4,34.57,544.76,10,1822.68,2996.22,0,24.9,1742.2,1470.84
ENT-DAI-001,2026-01-08,39.68,34.27,584.42,7,2637.21,3253.06,0,30.8,1359.75,1170.91
ENT-DAI-001,2026-01-09,48.67,35.71,563.57,13,3344.73,3008.6,0,25.4,1737.79,1675.93
ENT-DAI-001,2026-01-10,46.18,34.46,574.37,14,5598.19,3461.17,0.33,32.4,1591.73,1857.09
ENT-DAI-001,2026-01-11,43.2,40.0,597.39,10,2976.35,3283.73,1.67,24.9,1727.87,1576.93
ENT-DAI-001,2026-01-12,49.84,32.57,591.48,20,4368.76,3573.89,0,36.2,1623.24,1687.07
ENT-DAI-001,2026-01-13,44.49,36.05,575.46,10,3810.89,3508.4,2.23,35.9,1603.97,1600.15
ENT-DAI-001,2026-01-14,49.07,38.21,512.96,12,2122.85,3551.28,0,28.7,1875.23,1680.69
ENT-DAI-001,2026-01-15,50.89,36.59,597.94,11,3845.71,3723.92,4.5,29.3,1861.92,1840.83
ENT-DAI-001,2026-01-16,49.54,35.48,496.18,9,2595.25,3616.86,0,33.3,1757.86,1650.97
ENT-DAI-001,2026-01-17,44.35,34.22,507.88,15,5062.5,3540.33,0,31.7,1517.6,1769.1
ENT-DAI-001,2026-01-18,45.96,35.68,484.07,13,1888.74,3384.96,0.07,30.1,1639.88,1439.12
ENT-DAI-001,2026-01-19,42.24,38.86,433.08,13,3376.47,3243.2,0.04,24.4,1641.66,1715.05
ENT-DAI-001,2026-01-20,46.32,36.56,571.49,13,2638.06,3075.65,3.11,30.3,1693.73,1517.95
ENT-DAI-001,2026-01-21,44.11,33.93,595.55,9,2155.0,3080.25,2.17,28.3,1496.72,1224.43
ENT-DAI-001,2026-01-22,46.55,35.21,593.37,11,4282.74,3142.68,5.7,22.3,1639.07,1688.11
ENT-DAI-001,2026-01-23,46.44,37.1,488.42,8,2808.76,3173.18,4.33,26.6,1722.76,1655.66
ENT-DAI-001,2026-01-24,48.85,31.84,503.84,15,3937.35,3012.45,1.68,21.9,1555.59,1642.36
ENT-DAI-001,2026-01-25,48.14,35.1,497.18,16,1888.31,3012.39,4.18,37.5,1689.76,1475.83
ENT-DAI-001,2026-01-26,46.5,33.56,615.28,10,1436.99,2735.32,0.69,28.2,1560.37,1160.64
ENT-DAI-001,2026-01-27,47.02,33.99,586.63,8,1959.69,2638.41,2.56,24.6,1598.25,1305.57
ENT-DAI-001,2026-01-28,50.68,40.38,534.69,9,1688.76,2571.8,2.09,34.6,2046.4,1765.03
ENT-DAI-002,2025-07-01,24.71,36.87,745.7,18,4802.12,4802.12,4.35,33.9,911.22,885.84
ENT-DAI-002,2025-07-02,26.91,36.11,660.61,24,7932.7,6367.41,0,33.5,971.62,1500.92
ENT-DAI-002,2025-07-03,23.91,37.46,851.41,18,2291.19,5008.67,4.29,31.6,895.77,388.04
ENT-DAI-002,2025-07-04,25.34,36.12,832.67,21,2697.62,4430.91,1.07,31.8,915.26,487.24
ENT-DAI-002,2025-07-05,21.43,38.21,731.12,23,3366.03,4217.93,6.05,24.5,818.85,592.64
ENT-DAI-002,2025-07-06,25.13,35.7,840.77,28,5307.25,4399.49,5.62,25.1,897.11,852.42
ENT-DAI-002,2025-07-07,24.44,35.16,725.28,24,6206.11,4657.57,4.22,22.5,859.3,1064.94
ENT-DAI-002,2025-07-08,27.55,37.4,810.31,28,5080.69,4697.37,7.11,25.0,1030.46,982.25
ENT-DAI-002,2025-07-09,26.35,38.14,841.66,17,5811.97,4394.41,5.67,37.1,1004.94,1035.07
ENT-DAI-002,2025-07-10,26.98,37.06,779.29,20,4431.21,4700.12,10.76,23.1,999.6,884.99
ENT-DAI-002,2025-07-11,28.52,38.74,758.06,25,6694.64,5271.13,6.11,22.8,1104.85,1350.98
ENT-DAI-002,2025-07-12,24.08,35.17,838.44,24,7429.31,5851.6,8.15,20.0,846.74,1122.7
ENT-DAI-002,2025-07-13,27.34,37.5,767.57,29,6750.72,6057.81,8.79,22.0,1025.42,1270.46
ENT-DAI-002,2025-07-14,26.76,38.88,807.72,23,6065.62,6037.74,2.56,28.7,1040.25,1142.37
ENT-DAI-002,2025-07-15,25.36,37.3,881.76,26,10376.47,6794.28,11.12,25.9,946.13,1620.84
ENT-DAI-002,2025-07-16,30.92,33.45,881.05,19,1576.34,6189.19,11.02,29.4,1034.31,389.71
ENT-DAI-002,2025-07-17,24.54,38.29,785.31,14,4932.75,6260.84,7.44,27.4,939.66,894.26
ENT-DAI-002,2025-07-18,25.95,36.78,752.31,22,3070.84,5743.15,5.27,32.7,954.46,662.78
ENT-DAI-002,2025-07-19,25.95,38.27,877.46,27,6612.02,5626.4,0.4,19.7,993.08,1107.42
ENT-DAI-002,2025-07-20,27.31,37.39,772.75,25,4086.28,5245.76,1.61,22.7,1020.98,861.18
ENT-DAI-002,2025-07-21,26.71,35.74,782.12,20,1997.6,4664.62,7.44,20.4,954.74,472.26
ENT-DAI-002,2025-07-22,23.52,37.74,851.24,19,3410.75,3669.51,1.21,20.3,887.7,548.07
ENT-DAI-002,2025-07-23,30.47,36.36,815.86,26,7119.75,4461.43,3.84,26.3,1107.87,1359.97
ENT-DAI-002,2025-07-24,23.97,36.08,771.55,20,3183.78,4211.57,9.09,33.1,864.8,570.81
ENT-DAI-002,2025-07-25,28.72,35.52,770.27,22,5615.45,4575.09,7.84,28.1,1020.32,1092.37
ENT-DAI-002,2025-07-26,27.55,37.52,764.94,22,3206.03,4088.52,4.58,29.7,1033.71,749.67
ENT-DAI-002,2025-07-27,24.41,34.24,806.9,20,4559.22,4156.08,0,34.1,835.94,712.92
ENT-DAI-002,2025-07-28,24.15,38.25,787.86,19,1795.36,4127.19,5.28,24.9,923.9,405.34
ENT-DAI-002,2025-07-29,24.37,39.57,838.55,24,7825.71,4757.9,12.0,33.3,964.41,1299.72
ENT-DAI-002,2025-07-30,26.79,34.32,838.64,23,8240.41,4917.99,5.61,36.1,919.25,1316.68
ENT-DAI-002,2025-07-31,23.06,33.39,771.8,21,5290.38,5218.94,3.19,28.6,770.02,791.78
ENT-DAI-002,2025-08-01,27.12,36.05,834.46,23,6796.96,5387.72,6.54,28.9,977.76,1162.84
ENT-DAI-002,2025-08-02,24.99,35.02,825.85,27,3134.98,5377.57,6.01,34.2,875.35,519.75
ENT-DAI-002,2025-08-03,26.33,32.09,826.61,22,2470.31,5079.16,3.15,18.7,845.0,388.94
ENT-DAI-002,2025-08-04,25.99,35.94,742.17,23,8197.05,5993.68,4.73,19.1,934.25,1421.64
ENT-DAI-002,2025-08-05,25.34,39.4,787.72,19,5155.34,5612.2,7.09,31.5,998.2,983.77
ENT-DAI-002,2025-08-06,26.59,35.33,762.94,21,8054.06,5585.58,4.47,35.6,939.44,1384.61
ENT-DAI-002,2025-08-07,26.32,34.43,658.95,24,9151.38,6137.15,6.01,31.4,906.19,1619.95
ENT-DAI-002,2025-08-08,29.2,37.32,831.98,23,8091.15,6322.04,3.7,24.0,1089.78,1471.48
ENT-DAI-002,2025-08-09,28.54,32.21,671.68,20,5166.64,6612.28,1.6,20.7,919.28,1022.59
ENT-DAI-002,2025-08-10,28.0,39.33,747.31,25,3523.85,6762.78,6.25,23.4,1101.23,882.5
ENT-DAI-002,2025-08-11,23.64,33.32,824.88,27,8418.0,6794.34,7.64,29.2,787.76,1225.58
ENT-DAI-002,2025-08-12,24.83,36.19,790.46,29,3408.69,6544.82,6.84,38.0,898.5,619.35
ENT-DAI-002,2025-08-13,26.27,39.05,824.11,28,7186.63,6420.91,2.05,33.5,1025.81,1279.7
ENT-DAI-002,2025-08-14,25.37,36.14,852.61,20,7880.44,6239.34,2.23,27.4,916.77,1246.23
ENT-DAI-002,2025-08-15,29.18,35.05,737.68,25,3770.19,5622.06,5.02,20.9,1022.62,850.46
ENT-DAI-002,2025-08-16,24.25,34.68,807.04,20,6933.52,5874.48,8.62,28.0,841.05,1074.04
ENT-DAI-002,2025-08-17,26.2,34.37,849.46,16,4565.48,6023.28,7.57,27.8,900.37,735.73
ENT-DAI-002,2025-08-18,23.78,35.56,735.92,24,6849.1,5799.15,5.51,19.2,845.49,1136.93
ENT-DAI-002,2025-08-19,27.18,32.27,751.02,16,3391.45,5796.69,3.13,34.9,877.14,634.84
ENT-DAI-002,2025-08-20,24.93,34.12,791.06,18,4991.15,5483.05,4.89,27.7,850.49,808.1
ENT-DAI-002,2025-08-21,28.71,36.44,854.02,22,3694.17,4885.01,2.0,37.5,1046.11,746.21
ENT-DAI-002,2025-08-22,21.61,37.38,689.89,22,2808.24,4747.59,6.74,21.8,807.64,538.99
ENT-DAI-002,2025-08-23,26.95,34.51,754.27,24,5038.29,4476.84,5.84,29.3,929.98,931.45
ENT-DAI-002,2025-08-24,31.1,37.65,733.32,27,2967.84,4248.61,5.69,25.6,1171.01,882.86
ENT-DAI-002,2025-08-25,26.68,36.53,820.71,25,5471.28,4051.77,1.06,33.7,974.6,974.58
ENT-DAI-002,2025-08-26,25.78,35.37,790.21,24,8736.42,4815.34,5.84,27.5,911.78,1432.04
ENT-DAI-002,2025-08-27,28.55,37.5,844.72,18,1629.51,4335.11,10.86,36.6,1070.81,470.52
ENT-DAI-002,2025-08-28,24.87,35.69,713.84,20,2639.68,4184.47,8.87,22.8,887.78,569.9
ENT-DAI-002,2025-08-29,24.24,38.7,751.57,28,3493.96,4282.43,5.72,37.8,937.95,710.47
ENT-DAI-002,2025-08-30,27.05,38.56,810.55,24,7825.96,4680.67,0,37.1,1043.23,1406.58
ENT-DAI-002,2025-08-31,25.9,35.78,769.93,31,7346.79,5306.23,2.68,25.1,926.72,1258.8
ENT-DAI-002,2025-09-01,29.17,36.0,778.09,20,6163.89,5405.17,0.88,19.6,1049.97,1196.46
ENT-DAI-002,2025-09-02,24.22,33.65,793.18,18,2053.73,4450.5,1.36,18.1,814.89,329.77
ENT-DAI-002,2025-09-03,26.71,37.06,819.84,18,3790.33,4759.19,3.48,18.5,989.69,738.4
ENT-DAI-002,2025-09-04,27.91,37.41,773.78,24,4161.39,4976.58,6.21,25.8,1044.12,894.55
ENT-DAI-002,2025-09-05,22.1,38.09,787.11,22,2737.43,4868.5,10.3,24.0,841.79,465.3
ENT-DAI-002,2025-09-06,28.16,36.61,745.4,24,2510.76,4109.19,7.57,23.0,1031.02,662.23
ENT-DAI-002,2025-09-07,23.35,36.64,818.42,19,3539.88,3565.35,2.15,30.4,855.57,568.14
ENT-DAI-002,2025-09-08,26.52,36.93,835.62,18,7051.54,3692.15,11.89,20.7,979.57,1201.68
ENT-DAI-002,2025-09-09,25.1,33.82,914.88,24,7257.28,4435.52,6.9,27.8,848.76,1022.47
ENT-DAI-002,2025-09-10,26.6,38.03,816.28,20,2328.88,4226.74,4.51,29.3,1011.68,544.73
ENT-DAI-002,2025-09-11,25.72,31.77,757.73,18,3965.5,4198.75,0.65,23.8,817.1,654.19
ENT-DAI-002,2025-09-12,28.46,32.69,746.53,25,7066.69,4817.22,6.12,22.8,930.28,1243.76
ENT-DAI-002,2025-09-13,23.39,41.62,864.56,20,4842.32,5150.3,3.85,36.4,973.31,835.1
ENT-DAI-002,2025-09-14,23.55,35.04,728.52,28,7050.68,5651.84,5.4,30.8,825.25,1154.33
ENT-DAI-002,2025-09-15,21.72,34.22,853.02,29,8606.94,5874.04,5.52,26.0,743.21,1181.23
ENT-DAI-002,2025-09-16,29.26,35.35,834.62,23,5598.58,5637.08,7.36,28.4,1034.4,1039.57
ENT-DAI-002,2025-09-17,25.54,33.66,850.37,19,3617.4,5821.16,2.1,18.5,859.72,551.96
ENT-DAI-002,2025-09-18,20.29,38.8,884.63,25,3133.4,5702.29,3.13,24.2,787.21,372.6
ENT-DAI-002,2025-09-19,28.26,33.82,804.02,21,3697.77,5221.01,5.92,34.2,955.9,706.54
ENT-DAI-002,2025-09-20,26.43,33.94,782.77,19,7502.11,5600.98,2.52,22.9,897.03,1239.58
ENT-DAI-002,2025-09-21,27.14,37.24,786.64,19,5414.11,5367.19,7.06,26.6,1010.43,1035.91
ENT-DAI-002,2025-09-22,23.41,35.06,754.49,19,5804.79,4966.88,6.08,22.1,820.89,937.12
ENT-DAI-002,2025-09-23,26.52,39.25,856.5,24,5433.99,4943.37,5.39,23.2,1040.94,999.53
ENT-DAI-002,2025-09-24,24.8,35.3,739.64,21,5624.67,5230.12,7.46,25.0,875.37,979.43
ENT-DAI-002,2025-09-25,25.08,35.99,755.59,22,2702.99,5168.63,0.93,20.4,902.58,552.43
ENT-DAI-002,2025-09-26,26.73,38.93,744.09,21,2606.47,5012.73,4.17,25.7,1040.55,687.44
ENT-DAI-002,2025-09-27,22.7,31.09,626.27,18,2248.11,4262.16,1.96,24.3,705.86,416.8
ENT-DAI-002,2025-09-28,27.81,36.78,823.06,22,7499.12,4560.02,3.82,37.3,1022.94,1324.75
ENT-DAI-002,2025-09-29,26.34,33.19,844.4,21,1887.38,4000.39,0.44,33.2,874.16,312.87
ENT-DAI-002,2025-09-30,25.04,38.48,823.19,24,7622.54,4313.04,5.09,33.3,963.48,1283.68
ENT-DAI-002,2025-10-01,31.6,36.91,707.29,22,2052.94,3802.79,2.12,32.4,1166.2,766.86
ENT-DAI-002,2025-10-02,31.86,35.96,839.44,22,3855.87,3967.49,5.14,38.0,1145.9,884.84
ENT-DAI-002,2025-10-03,33.44,30.61,858.93,26,8825.05,4855.86,0,29.8,1023.52,1488.35
ENT-DAI-002,2025-10-04,29.24,33.79,813.01,27,3945.19,5098.3,0,22.1,988.17,766.93
ENT-DAI-002,2025-10-05,29.75,34.82,788.56,23,3807.64,4570.95,0,35.2,1036.03,818.62
ENT-DAI-002,2025-10-06,32.8,35.73,884.59,27,10098.16,5743.91,0,37.8,1171.83,1801.96
ENT-DAI-002,2025-10-07,35.45,36.02,878.05,30,8891.85,5925.24,5.2,27.8,1276.85,1732.59
ENT-DAI-002,2025-10-08,30.85,38.59,731.56,28,10125.92,7078.53,0,19.9,1190.6,1977.92
ENT-DAI-002,2025-10-09,35.4,33.2,889.0,26,8520.81,7744.95,0,32.7,1175.37,1564.49
ENT-DAI-002,2025-10-10,29.03,37.18,787.85,28,7028.44,7488.29,1.19,22.4,1079.19,1345.61
ENT-DAI-002,2025-10-11,31.87,37.24,759.22,22,5176.78,7664.23,1.56,24.9,1186.97,1204.27
ENT-DAI-002,2025-10-12,32.51,36.81,810.94,23,2754.39,7513.76,0,35.2,1196.6,798.81
ENT-DAI-002,2025-10-13,30.42,36.58,872.2,29,3795.31,6613.36,8.55,36.7,1112.83,809.93
ENT-DAI-002,2025-10-14,28.68,34.86,724.25,30,3989.04,5912.96,4.2,25.9,1000.05,874.16
ENT-DAI-002,2025-10-15,28.31,34.76,734.59,28,3428.99,4956.25,0.32,22.5,984.24,764.0
ENT-DAI-002,2025-10-16,34.7,36.61,860.17,19,4087.67,4322.95,1.02,20.6,1270.47,1023.45
ENT-DAI-002,2025-10-17,30.67,37.92,825.24,25,8187.68,4488.55,0,33.1,1163.3,1566.22
ENT-DAI-002,2025-10-18,29.93,36.49,792.82,24,6912.16,4736.46,0,26.8,1092.1,1336.11
ENT-DAI-002,2025-10-19,31.01,33.95,839.34,28,3140.17,4791.57,0,33.0,1052.72,684.41
ENT-DAI-002,2025-10-20,27.32,39.96,788.4,28,4721.63,4923.91,0.02,19.7,1091.71,1011.55
ENT-DAI-002,2025-10-21,29.36,37.09,723.91,29,5119.31,5085.37,0,28.4,1089.13,1133.11
ENT-DAI-002,2025-10-22,30.72,34.86,899.82,28,10793.86,6137.5,0,27.9,1071.14,1790.4
ENT-DAI-002,2025-10-23,28.72,31.11,774.84,31,3789.27,6094.87,0,35.2,893.55,687.09
ENT-DAI-002,2025-10-24,29.04,38.76,809.15,19,6203.83,5811.46,0.42,18.3,1125.58,1247.01
ENT-DAI-002,2025-10-25,29.05,39.72,831.95,20,4806.71,5510.68,0.93,26.3,1154.07,1043.13
ENT-DAI-002,2025-10-26,33.89,37.68,769.16,25,4479.26,5701.98,0.82,28.2,1276.91,1179.63
ENT-DAI-002,2025-10-27,26.86,34.11,844.18,27,2731.23,5417.64,2.33,32.0,916.3,481.81
ENT-DAI-002,2025-10-28,32.27,35.97,844.96,29,6527.29,5618.78,0,30.2,1160.67,1294.8
ENT-DAI-002,2025-10-29,26.44,38.76,852.72,25,9624.13,5451.67,0.74,28.5,1024.79,1615.69
ENT-DAI-002,2025-10-30,31.92,35.35,860.1,31,5146.14,5645.51,0,35.7,1128.51,1040.33
ENT-DAI-002,2025-10-31,32.75,35.8,817.21,26,2721.22,5148.0,6.35,27.1,1172.6,763.57
ENT-DAI-002,2025-11-01,27.39,36.54,776.57,27,3049.1,4896.91,0,29.5,1001.11,681.91
ENT-DAI-002,2025-11-02,34.2,40.22,829.66,27,5468.94,5038.29,1.48,21.0,1375.7,1366.38
ENT-DAI-002,2025-11-03,34.49,34.12,872.86,25,5354.95,5413.11,4.39,24.4,1176.74,1107.12
ENT-DAI-002,2025-11-04,28.71,38.19,825.13,19,2610.41,4853.56,0.56,34.1,1096.19,662.62
ENT-DAI-002,2025-11-05,33.89,36.23,762.68,29,10160.18,4930.14,0.92,24.5,1227.69,1989.04
ENT-DAI-002,2025-11-06,31.04,34.67,785.82,24,6464.19,5118.43,3.01,27.9,1076.02,1259.82
ENT-DAI-002,2025-11-07,33.54,40.58,804.9,25,2051.02,5022.68,0,26.2,1361.05,863.8
ENT-DAI-002,2025-11-08,32.48,40.06,716.81,29,10198.78,6044.07,0,32.5,1300.97,2113.98
ENT-DAI-002,2025-11-09,27.22,36.16,784.88,24,9576.65,6630.88,1.04,32.2,984.31,1635.93
ENT-DAI-002,2025-11-10,26.59,32.79,792.81,18,1929.04,6141.47,6.63,19.9,871.91,368.45
ENT-DAI-002,2025-11-11,29.16,35.14,753.78,23,8936.65,7045.21,6.84,22.7,1024.62,1611.34
ENT-DAI-002,2025-11-12,32.77,35.54,724.78,24,2493.6,5949.99,0,22.1,1164.85,814.11
ENT-DAI-002,2025-11-13,31.13,35.63,831.13,30,6302.52,5926.89,3.17,28.7,1109.11,1223.35
ENT-DAI-002,2025-11-14,34.73,36.27,827.59,30,10333.31,7110.08,1.68,31.9,1259.88,1982.28
ENT-DAI-002,2025-11-15,29.26,34.53,834.17,25,4845.94,6345.39,4.82,28.3,1010.33,903.05
ENT-DAI-002,2025-11-16,37.71,38.49,812.31,22,3518.96,5480.0,0.41,27.2,1451.49,1167.02
ENT-DAI-002,2025-11-17,32.45,36.53,871.27,20,2436.58,5552.51,2.47,34.5,1185.39,679.6
ENT-DAI-002,2025-11-18,27.94,35.19,783.29,26,2616.41,4649.62,0,36.0,983.37,592.54
ENT-DAI-002,2025-11-19,33.4,39.64,823.89,23,2154.24,4601.14,0.42,27.2,1324.01,823.25
ENT-DAI-002,2025-11-20,27.34,36.15,809.93,24,3569.02,4210.64,0,21.7,988.23,713.65
ENT-DAI-002,2025-11-21,29.97,36.18,774.92,23,4011.97,3307.59,0,26.2,1084.25,911.13
ENT-DAI-002,2025-11-22,31.56,37.08,827.76,29,8173.4,3782.94,3.25,34.0,1170.36,1568.61
ENT-DAI-002,2025-11-23,35.69,36.31,762.73,30,7052.92,4287.79,0,36.3,1295.7,1590.9
ENT-DAI-002,2025-11-24,31.52,35.95,834.35,30,2962.48,4362.92,0,37.8,1133.16,743.19
ENT-DAI-002,2025-11-25,31.68,28.66,825.09,26,7545.11,5067.02,0,23.3,908.18,1214.85
ENT-DAI-002,2025-11-26,31.98,37.76,801.63,30,5806.12,5588.72,1.88,34.8,1207.41,1276.7
ENT-DAI-002,2025-11-27,33.66,38.93,829.18,23,8566.89,6302.7,0,18.6,1310.67,1766.52
ENT-DAI-002,2025-11-28,30.89,34.88,789.96,33,7837.91,6849.26,4.66,24.2,1077.48,1463.2
ENT-DAI-002,2025-11-29,31.88,37.27,814.34,29,2326.34,6013.97,0.53,36.4,1187.91,722.52
ENT-DAI-002,2025-11-30,31.49,39.48,755.33,24,6425.16,5924.29,4.25,36.3,1243.3,1451.74
ENT-DAI-002,2025-12-01,34.36,33.12,852.52,26,9916.8,6917.76,1.57,25.9,1138.05,1773.05
ENT-DAI-002,2025-12-02,29.68,39.17,907.49,26,7481.18,6908.63,0.48,21.5,1162.55,1377.24
ENT-DAI-002,2025-12-03,31.5,32.23,813.83,26,6980.07,7076.34,0,21.5,1015.08,1248.26
ENT-DAI-002,2025-12-04,28.74,35.85,684.82,28,11148.78,7445.18,0.41,37.3,1030.41,2017.91
ENT-DAI-002,2025-12-05,24.7,33.83,840.24,23,6002.45,7182.97,0.05,36.7,835.55,895.69
ENT-DAI-002,2025-12-06,27.39,37.65,802.29,25,7671.73,7946.59,0.94,30.8,1031.03,1379.5
ENT-DAI-002,2025-12-07,31.19,37.04,805.69,29,4701.79,7700.4,0.15,20.2,1155.39,1054.96
ENT-DAI-002,2025-12-08,30.28,40.62,785.6,21,5349.28,7047.9,0,20.0,1229.83,1246.63
ENT-DAI-002,2025-12-09,32.5,34.24,794.18,24,2486.09,6334.31,1.13,34.9,1112.65,691.38
ENT-DAI-002,2025-12-10,34.12,37.63,819.37,22,5611.21,6138.76,0,36.0,1283.87,1306.19
ENT-DAI-002,2025-12-11,26.33,34.56,793.17,24,9157.96,5854.36,4.43,21.3,909.74,1490.27
ENT-DAI-002,2025-12-12,33.46,36.72,836.84,26,8153.38,6161.63,1.76,23.3,1228.73,1614.89
ENT-DAI-002,2025-12-13,29.63,37.17,719.51,22,2841.27,5471.57,0,25.2,1101.45,808.13
ENT-DAI-002,2025-12-14,33.16,35.46,785.99,27,4681.25,5468.63,0,19.6,1175.76,1091.96
ENT-DAI-002,2025-12-15,31.73,38.29,732.26,28,3056.59,5141.11,1.3,28.9,1215.04,941.27
ENT-DAI-002,2025-12-16,27.82,34.75,818.7,22,3650.68,5307.48,3.17,19.2,966.66,695.56
ENT-DAI-002,2025-12-17,31.57,35.66,770.94,30,11718.77,6179.99,1.47,29.8,1125.59,2112.47
ENT-DAI-002,2025-12-18,27.86,33.98,835.94,28,10139.62,6320.22,3.99,27.5,946.72,1631.73
ENT-DAI-002,2025-12-19,31.14,34.72,698.25,24,8067.46,6307.95,0,31.6,1081.12,1593.0
ENT-DAI-002,2025-12-20,33.62,38.76,933.24,32,3852.14,6452.36,4.67,26.5,1303.05,947.63
ENT-DAI-002,2025-12-21,26.88,39.25,739.57,24,3900.57,6340.83,0.05,36.2,1055.03,900.54
ENT-DAI-002,2025-12-22,33.63,34.75,832.35,27,9706.75,7290.86,3.71,33.7,1168.41,1792.07
ENT-DAI-002,2025-12-23,29.26,35.82,781.32,27,7239.75,7803.58,4.28,33.2,1048.03,1352.67
ENT-DAI-002,2025-12-24,31.78,37.42,829.97,25,5287.12,6884.77,4.44,25.7,1189.02,1152.11
ENT-DAI-002,2025-12-25,30.2,36.15,801.21,27,7418.78,6496.08,0.39,31.9,1091.55,1403.16
ENT-DAI-002,2025-12-26,27.19,36.49,888.14,29,2507.76,5701.84,3.07,34.3,992.13,480.16
ENT-DAI-002,2025-12-27,29.25,38.82,798.1,24,8593.15,6379.13,0,20.7,1135.51,1626.38
ENT-DAI-002,2025-12-28,34.43,36.28,857.18,27,3986.41,6391.39,0,34.5,1249.37,990.15
ENT-DAI-002,2025-12-29,32.17,32.53,831.61,24,3140.91,5453.41,0,24.2,1046.36,685.89
ENT-DAI-002,2025-12-30,33.67,36.4,797.31,28,9739.31,5810.49,4.86,23.0,1225.79,1889.38
ENT-DAI-002,2025-12-31,33.19,34.37,791.66,31,7490.85,6125.31,6.31,30.7,1140.78,1472.74
ENT-DAI-002,2026-01-01,25.15,35.11,752.92,24,4606.16,5723.51,3.84,21.3,883.0,821.01
ENT-DAI-002,2026-01-02,27.71,33.48,759.53,26,3435.39,5856.03,0,29.4,927.93,683.71
ENT-DAI-002,2026-01-03,25.75,35.47,734.76,23,7583.03,5711.72,3.7,33.4,913.31,1316.0
ENT-DAI-002,2026-01-04,26.79,34.88,765.09,20,3215.3,5601.56,1.33,34.1,934.44,651.64
ENT-DAI-002,2026-01-05,24.88,34.29,792.72,20,4586.87,5808.13,5.21,31.5,853.3,748.61
ENT-DAI-002,2026-01-06,26.72,36.81,696.85,23,8046.57,5566.31,2.86,25.5,983.72,1493.86
ENT-DAI-002,2026-01-07,25.72,37.1,781.74,27,9603.29,5868.09,0,23.2,954.31,1613.06
ENT-DAI-002,2026-01-08,28.35,35.41,820.42,27,9933.3,6629.11,0.69,34.1,1003.83,1673.4
ENT-DAI-002,2026-01-09,25.65,35.19,697.86,17,2771.28,6534.23,0,26.4,902.72,620.56
ENT-DAI-002,2026-01-10,28.85,37.23,741.15,21,6562.42,6388.43,0,22.4,1074.18,1317.39
ENT-DAI-002,2026-01-11,22.1,35.17,717.87,25,9011.96,7216.52,2.42,21.6,777.47,1411.4
ENT-DAI-002,2026-01-12,25.75,37.65,800.74,16,2217.31,6878.02,0,31.6,969.55,501.41
ENT-DAI-002,2026-01-13,26.59,36.14,727.53,22,3594.34,6241.98,3.38,23.9,960.79,772.41
ENT-DAI-002,2026-01-14,23.62,37.28,666.36,20,2055.78,5163.77,0,35.8,880.63,522.63
ENT-DAI-002,2026-01-15,24.77,36.04,786.24,23,3314.18,4218.18,2.98,26.2,892.8,603.68
ENT-DAI-002,2026-01-16,28.33,35.31,738.21,27,8890.05,5092.29,0,27.8,1000.39,1595.69
ENT-DAI-002,2026-01-17,29.27,37.85,771.52,23,7466.6,5221.46,2.89,27.8,1107.65,1456.12
ENT-DAI-002,2026-01-18,29.58,37.99,736.37,21,8167.0,5100.75,0,25.7,1123.77,1612.45
ENT-DAI-002,2026-01-19,26.28,38.1,774.23,21,6227.75,5673.67,1.91,30.5,1001.49,1161.42
ENT-DAI-002,2026-01-20,24.62,34.81,804.24,23,6172.62,6042.0,0,21.3,857.08,978.73
ENT-DAI-002,2026-01-21,29.05,36.14,703.63,20,7971.02,6887.03,0.26,24.9,1049.66,1541.68
ENT-DAI-002,2026-01-22,26.94,36.9,876.32,21,4390.79,7040.83,6.35,22.6,994.23,776.54
ENT-DAI-002,2026-01-23,29.48,35.08,754.08,20,1839.13,6033.56,4.32,35.5,1034.16,555.95
ENT-DAI-002,2026-01-24,24.67,35.98,843.93,21,6071.97,5834.33,4.23,18.4,887.48,954.34
ENT-DAI-002,2026-01-25,27.93,34.37,753.73,25,7042.49,5673.68,0,24.0,959.78,1262.42
ENT-DAI-002,2026-01-26,26.01,34.71,748.94,22,7607.8,5870.83,4.79,20.1,902.76,1294.99
ENT-DAI-002,2026-01-27,27.72,37.37,790.94,23,5690.36,5801.94,2.09,22.0,1036.14,1098.76
ENT-DAI-002,2026-01-28,26.84,36.76,736.22,23,8707.8,5907.19,3.23,24.6,986.69,1556.64
ENT-DAI-003,2025-07-01,18.47,42.66,361.33,11,2681.2,2681.2,1.91,32.5,787.98,828.84
ENT-DAI-003,2025-07-02,22.61,42.17,467.06,10,2285.69,2483.45,6.05,20.0,953.39,829.19
ENT-DAI-003,2025-07-03,23.33,41.14,384.23,10,3226.25,2731.05,7.41,18.9,959.6,1059.31
ENT-DAI-003,2025-07-04,24.67,39.92,391.72,14,3905.7,3024.71,3.66,35.6,984.77,1178.9
ENT-DAI-003,2025-07-05,21.46,36.6,500.02,10,3522.15,3124.2,5.76,34.0,785.5,813.8
ENT-DAI-003,2025-07-06,24.87,39.6,419.5,10,3815.89,3239.48,7.93,21.2,984.93,1137.81
ENT-DAI-003,2025-07-07,21.82,40.73,396.8,9,802.99,2891.41,0.45,31.7,889.01,612.66
ENT-DAI-003,2025-07-08,26.3,40.46,446.75,11,2327.72,2840.91,6.94,18.9,1064.09,966.5
ENT-DAI-003,2025-07-09,26.1,39.52,348.47,7,2750.49,2907.31,3.16,31.4,1031.31,1095.42
ENT-DAI-003,2025-07-10,20.42,40.56,486.09,13,2074.08,2742.72,3.21,24.9,828.28,653.3
ENT-DAI-003,2025-07-11,27.22,35.72,372.07,15,1953.25,2463.8,0.7,35.0,972.04,892.95
ENT-DAI-003,2025-07-12,25.84,40.11,388.2,11,4294.91,2574.19,6.45,19.0,1036.43,1292.46
ENT-DAI-003,2025-07-13,21.5,41.23,480.46,11,3895.19,2585.52,3.11,26.9,886.19,990.01
ENT-DAI-003,2025-07-14,19.81,41.19,466.47,12,3099.38,2913.58,1.9,18.0,815.95,814.38
ENT-DAI-003,2025-07-15,20.93,40.36,481.38,11,4225.25,3184.65,1.69,25.3,844.76,997.17
ENT-DAI-003,2025-07-16,22.87,42.57,360.65,9,2082.63,3089.24,9.31,31.1,973.42,925.17
ENT-DAI-003,2025-07-17,27.04,40.77,470.25,15,2601.52,3164.59,8.82,28.4,1102.48,1022.46
ENT-DAI-003,2025-07-18,25.92,41.67,475.73,15,4663.48,3551.77,0,20.1,1080.25,1304.04
ENT-DAI-003,2025-07-19,28.72,38.84,459.71,12,1373.82,3134.47,7.65,26.3,1115.32,861.68
ENT-DAI-003,2025-07-20,26.96,39.02,432.86,8,2325.65,2910.25,0.33,37.1,1052.03,968.01
ENT-DAI-003,2025-07-21,22.8,45.66,460.43,12,2912.0,2883.48,1.31,36.4,1040.9,1017.27
ENT-DAI-003,2025-07-22,20.08,39.59,459.52,12,3266.1,2746.46,2.08,35.7,794.72,825.12
ENT-DAI-003,2025-07-23,27.78,44.26,382.54,10,3905.57,3006.88,0,27.1,1229.27,1432.57
ENT-DAI-003,2025-07-24,20.12,41.68,424.85,8,2435.83,2983.21,12.64,35.2,838.85,779.37
ENT-DAI-003,2025-07-25,23.69,41.29,491.92,10,2951.6,2738.65,8.9,37.6,978.33,929.15
ENT-DAI-003,2025-07-26,26.88,39.95,410.15,9,1052.37,2692.73,7.67,25.0,1073.83,821.54
ENT-DAI-003,2025-07-27,22.72,38.35,466.4,12,4213.64,2962.44,0.98,34.2,871.3,1036.94
ENT-DAI-003,2025-07-28,25.25,41.21,409.23,9,2880.53,2957.95,2.93,21.2,1040.68,1063.52
ENT-DAI-003,2025-07-29,27.14,40.22,386.33,10,3404.88,2977.77,4.98,20.0,1091.51,1215.91
ENT-DAI-003,2025-07-30,25.1,36.91,422.21,8,1248.24,2598.16,4.23,33.7,926.39,691.42
ENT-DAI-003,2025-07-31,27.99,42.71,403.21,19,3420.94,2738.89,3.96,29.0,1195.35,1305.28
ENT-DAI-003,2025-08-01,22.33,43.83,446.51,4,1382.38,2514.71,2.8,36.2,978.61,739.46
ENT-DAI-003,2025-08-02,22.1,38.53,407.37,12,2089.64,2662.89,1.98,21.5,851.46,757.54
ENT-DAI-003,2025-08-03,25.18,42.47,378.53,11,2388.35,2402.14,0,29.1,1069.56,1049.29
ENT-DAI-003,2025-08-04,21.99,39.5,495.78,11,2015.66,2278.58,3.01,19.0,868.62,675.19
ENT-DAI-003,2025-08-05,23.39,38.73,361.91,12,2335.05,2125.75,6.43,33.7,905.7,894.04
ENT-DAI-003,2025-08-06,24.68,42.95,451.64,7,765.96,2056.85,5.36,22.4,1059.83,723.09
ENT-DAI-003,2025-08-07,22.12,42.29,443.46,15,3746.39,2103.35,6.88,37.9,935.58,1054.08
ENT-DAI-003,2025-08-08,25.17,39.73,379.58,15,4181.43,2503.21,5.4,37.2,1000.12,1247.75
ENT-DAI-003,2025-08-09,22.79,45.08,473.45,10,2528.76,2565.94,2.66,23.7,1027.28,933.14
ENT-DAI-003,2025-08-10,23.77,41.41,375.66,18,2548.87,2588.87,6.27,28.3,984.29,990.96
ENT-DAI-003,2025-08-11,28.13,45.0,421.11,11,1110.46,2459.56,6.74,31.4,1265.6,1011.07
ENT-DAI-003,2025-08-12,23.45,42.59,464.74,9,2952.6,2547.78,7.08,30.9,998.88,977.03
ENT-DAI-003,2025-08-13,25.59,40.17,383.57,12,1296.08,2623.51,0,19.1,1028.06,838.9
ENT-DAI-003,2025-08-14,24.17,41.41,465.3,8,1748.54,2338.11,1.33,18.3,1000.8,797.78
ENT-DAI-003,2025-08-15,21.88,39.93,365.19,8,2139.16,2046.35,7.74,32.0,873.69,829.37
ENT-DAI-003,2025-08-16,22.15,41.09,385.79,14,3080.79,2125.21,6.28,25.9,909.96,986.29
ENT-DAI-003,2025-08-17,22.19,40.97,459.6,13,4357.54,2383.59,7.64,28.9,909.2,1103.22
ENT-DAI-003,2025-08-18,28.05,43.61,381.29,11,4222.12,2828.12,7.79,29.1,1223.18,1475.21
ENT-DAI-003,2025-08-19,24.4,41.26,376.03,9,3447.3,2898.79,2.13,24.1,1006.75,1147.81
ENT-DAI-003,2025-08-20,23.89,38.14,464.59,9,1355.87,2907.33,7.26,34.7,911.37,650.16
ENT-DAI-003,2025-08-21,24.49,44.1,485.5,6,2270.15,2981.85,4.86,37.9,1079.91,934.93
ENT-DAI-003,2025-08-22,23.42,41.89,436.34,10,1858.72,2941.78,2.63,20.6,981.14,823.61
ENT-DAI-003,2025-08-23,26.86,42.81,462.39,9,2017.86,2789.94,1.57,30.3,1149.82,990.1
ENT-DAI-003,2025-08-24,22.08,40.01,459.8,10,1587.76,2394.25,1.66,22.4,883.39,661.76
ENT-DAI-003,2025-08-25,21.38,42.31,481.0,15,5413.85,2564.5,5.13,27.3,904.79,1235.87
ENT-DAI-003,2025-08-26,25.95,42.19,488.01,14,1747.21,2321.63,3.7,28.8,1094.67,868.75
ENT-DAI-003,2025-08-27,23.83,40.8,435.63,11,2665.27,2508.69,0.02,18.6,972.5,936.66
ENT-DAI-003,2025-08-28,25.85,43.27,391.84,0,0.0,2184.38,1.68,33.5,1118.55,726.72
ENT-DAI-003,2025-08-29,24.17,44.52,422.64,8,1829.63,2180.23,2.04,28.2,1075.78,927.59
ENT-DAI-003,2025-08-30,23.66,43.36,353.01,9,2200.71,2206.35,0.58,26.9,1026.04,1003.14
ENT-DAI-003,2025-08-31,25.72,40.02,506.92,9,2112.49,2281.31,3.81,25.2,1029.21,839.16
ENT-DAI-003,2025-09-01,23.13,40.53,439.55,12,2347.21,1843.22,3.92,27.4,937.54,850.07
ENT-DAI-003,2025-09-02,29.28,41.81,393.73,15,3702.59,2122.56,11.31,34.6,1224.42,1386.08
ENT-DAI-003,2025-09-03,27.74,42.2,493.37,8,2778.8,2138.78,4.69,28.3,1170.77,1094.23
ENT-DAI-003,2025-09-04,25.64,39.18,368.14,15,3536.94,2644.05,8.27,27.6,1004.51,1166.91
ENT-DAI-003,2025-09-05,24.42,41.4,446.01,10,1398.1,2582.4,3.36,25.2,1010.89,774.6
ENT-DAI-003,2025-09-06,25.9,41.97,458.65,7,1638.6,2502.1,3.38,27.6,1086.83,873.97
ENT-DAI-003,2025-09-07,26.26,41.12,430.82,9,2533.08,2562.19,8.01,18.8,1079.65,1028.79
ENT-DAI-003,2025-09-08,25.77,41.44,482.35,18,4892.3,2925.77,4.21,29.3,1067.93,1319.42
ENT-DAI-003,2025-09-09,19.48,40.74,449.43,1,357.54,2447.91,4.16,21.4,793.47,397.66
ENT-DAI-003,2025-09-10,22.36,38.43,442.3,10,2910.88,2466.77,7.96,23.3,859.22,853.55
ENT-DAI-003,2025-09-11,26.69,39.79,409.25,10,1447.52,2168.29,3.19,35.2,1062.08,869.95
ENT-DAI-003,2025-09-12,23.08,41.28,475.47,13,3597.35,2482.46,5.95,18.8,952.95,1017.08
ENT-DAI-003,2025-09-13,25.04,39.93,431.67,7,2569.21,2615.41,3.5,33.5,999.94,953.65
ENT-DAI-003,2025-09-14,22.68,40.9,487.88,12,1841.23,2516.57,1.6,34.0,927.88,716.19
ENT-DAI-003,2025-09-15,26.89,40.94,344.19,11,1351.27,2010.71,2.06,27.5,1101.07,959.57
ENT-DAI-003,2025-09-16,24.16,39.69,465.37,8,1123.89,2120.19,3.72,32.2,958.81,662.03
ENT-DAI-003,2025-09-17,24.61,43.87,432.02,10,1959.26,1984.25,3.67,21.1,1079.85,941.72
ENT-DAI-003,2025-09-18,24.51,45.0,386.42,12,2018.15,2065.77,2.58,31.6,1102.88,1019.18
ENT-DAI-003,2025-09-19,26.78,39.37,434.01,9,1603.16,1780.88,0.51,24.9,1054.13,860.59
ENT-DAI-003,2025-09-20,24.44,36.99,383.94,7,1560.37,1636.76,4.22,32.0,903.99,754.1
ENT-DAI-003,2025-09-21,24.85,39.43,482.45,9,1182.93,1542.72,5.67,37.3,979.63,674.62
ENT-DAI-003,2025-09-22,23.26,41.88,476.49,9,904.55,1478.9,0.56,22.4,974.32,633.51
ENT-DAI-003,2025-09-23,23.05,43.29,422.0,5,1355.96,1512.05,7.87,36.9,997.72,779.12
ENT-DAI-003,2025-09-24,23.82,39.23,450.58,15,5058.77,1954.84,4.38,23.7,934.68,1242.91
ENT-DAI-003,2025-09-25,21.01,41.26,459.0,12,961.1,1803.83,2.07,21.1,867.0,552.17
ENT-DAI-003,2025-09-26,26.16,38.94,376.22,14,3439.49,2066.17,5.5,32.7,1018.79,1158.5
ENT-DAI-003,2025-09-27,23.42,42.76,331.36,6,1010.9,1987.67,7.07,30.1,1001.49,821.76
ENT-DAI-003,2025-09-28,25.35,39.08,425.16,13,1482.89,2030.52,11.29,19.4,990.86,788.13
ENT-DAI-003,2025-09-29,22.16,44.25,401.28,12,3625.7,2419.26,10.11,37.3,980.77,1123.35
ENT-DAI-003,2025-09-30,24.71,37.85,482.5,10,2274.31,2550.45,1.38,29.7,935.22,793.87
ENT-DAI-003,2025-10-01,26.45,36.86,310.99,11,1991.37,2112.25,1.84,37.1,975.06,962.78
ENT-DAI-003,2025-10-02,32.02,41.56,430.7,14,4138.17,2566.12,0,34.4,1330.83,1520.86
ENT-DAI-003,2025-10-03,25.23,38.35,514.81,11,3284.54,2543.98,4.1,36.2,967.65,945.52
ENT-DAI-003,2025-10-04,29.18,43.61,454.18,11,1593.74,2627.24,8.22,23.0,1272.55,1057.43
ENT-DAI-003,2025-10-05,29.52,43.78,394.38,11,3570.14,2925.42,1.79,28.8,1292.39,1433.54
ENT-DAI-003,2025-10-06,23.26,41.64,285.3,12,4404.48,3036.68,0,35.4,968.34,1343.72
ENT-DAI-003,2025-10-07,27.69,40.3,465.25,12,4029.2,3287.38,7.65,27.6,1115.97,1255.1
ENT-DAI-003,2025-10-08,26.36,41.24,418.39,11,4317.31,3619.65,0.54,32.0,1087.36,1316.56
ENT-DAI-003,2025-10-09,27.7,41.89,494.41,11,1794.15,3284.79,0.83,29.0,1160.33,935.04
ENT-DAI-003,2025-10-10,24.23,41.35,391.34,15,2210.56,3131.37,4.68,32.0,1001.91,942.15
ENT-DAI-003,2025-10-11,26.29,41.53,454.44,10,1119.58,3063.63,2.48,23.4,1091.87,805.37
ENT-DAI-003,2025-10-12,25.15,42.14,507.43,18,2301.4,2882.38,0.01,34.1,1059.71,897.49
ENT-DAI-003,2025-10-13,26.67,42.74,381.52,11,1936.12,2529.76,0,29.2,1139.92,1048.81
ENT-DAI-003,2025-10-14,26.03,43.15,515.69,15,3487.39,2452.36,0,30.6,1123.37,1130.79
ENT-DAI-003,2025-10-15,29.57,37.02,387.56,13,1544.35,2056.22,0,35.3,1094.72,938.81
ENT-DAI-003,2025-10-16,31.17,43.65,412.12,12,3956.39,2365.11,1.6,25.1,1360.87,1542.21
ENT-DAI-003,2025-10-17,29.24,42.84,399.15,12,1516.22,2265.92,0,21.4,1252.63,1080.91
ENT-DAI-003,2025-10-18,28.14,43.23,342.93,11,1131.13,2267.57,5.13,21.2,1216.53,1043.26
ENT-DAI-003,2025-10-19,28.41,41.01,501.95,12,4273.18,2549.25,0,25.3,1165.29,1304.32
ENT-DAI-003,2025-10-20,30.6,40.46,434.82,13,4067.53,2853.74,4.23,31.2,1238.16,1413.47
ENT-DAI-003,2025-10-21,29.46,41.73,450.67,19,4854.48,3049.04,0.63,18.5,1229.53,1507.03
ENT-DAI-003,2025-10-22,27.77,40.16,428.19,14,4053.65,3407.51,3.4,35.7,1115.11,1294.97
ENT-DAI-003,2025-10-23,28.91,40.48,411.53,13,3800.36,3385.22,1.04,35.2,1170.45,1328.98
ENT-DAI-003,2025-10-24,21.98,42.1,391.87,12,2668.2,3549.79,0.39,37.4,925.43,933.79
ENT-DAI-003,2025-10-25,31.52,39.12,378.33,10,2846.49,3794.84,2.79,24.2,1233.01,1281.66
ENT-DAI-003,2025-10-26,23.95,40.44,385.89,13,2120.8,3487.36,0,24.1,968.57,900.8
ENT-DAI-003,2025-10-27,22.27,39.74,477.22,18,6894.48,3891.21,3.33,27.5,884.98,1441.93
ENT-DAI-003,2025-10-28,24.36,41.9,431.17,12,2394.79,3539.82,1.35,26.2,1020.62,948.68
ENT-DAI-003,2025-10-29,29.19,41.17,380.93,11,2366.28,3298.77,0,22.8,1201.73,1175.74
ENT-DAI-003,2025-10-30,32.48,39.12,414.12,11,3495.1,3255.16,2.62,34.2,1270.64,1380.79
ENT-DAI-003,2025-10-31,26.75,40.41,499.44,11,3072.09,3312.86,2.15,21.8,1081.19,1042.57
ENT-DAI-003,2025-11-01,28.27,42.09,441.28,13,2159.85,3214.77,0,32.3,1189.91,1072.61
ENT-DAI-003,2025-11-02,30.38,39.38,434.03,11,4392.83,3539.35,1.18,27.3,1196.27,1421.16
ENT-DAI-003,2025-11-03,27.68,44.1,448.39,13,4266.72,3163.95,5.98,19.4,1220.8,1412.42
ENT-DAI-003,2025-11-04,31.62,42.56,346.59,16,2554.69,3186.8,3.05,33.4,1345.93,1382.54
ENT-DAI-003,2025-11-05,27.86,40.35,348.92,14,3454.7,3342.28,4.56,37.6,1124.41,1293.69
ENT-DAI-003,2025-11-06,26.47,40.08,495.32,19,4687.23,3512.59,0,23.1,1061.07,1268.83
ENT-DAI-003,2025-11-07,30.15,45.01,455.14,11,1277.51,3256.22,2.85,30.7,1356.92,1093.4
ENT-DAI-003,2025-11-08,28.74,43.69,492.44,13,4299.26,3561.85,2.2,27.5,1255.77,1408.23
ENT-DAI-003,2025-11-09,28.03,41.85,444.18,14,3891.53,3490.23,1.05,36.6,1172.91,1312.45
ENT-DAI-003,2025-11-10,30.01,39.39,370.89,14,2162.38,3189.61,0.26,37.6,1182.11,1135.57
ENT-DAI-003,2025-11-11,29.68,37.71,401.84,14,4207.84,3425.78,0,25.2,1119.32,1348.66
ENT-DAI-003,2025-11-12,25.09,39.41,448.18,11,1536.93,3151.81,3.78,25.0,988.61,770.98
ENT-DAI-003,2025-11-13,28.67,45.05,486.81,11,1122.45,2642.56,0,21.1,1291.56,973.11
ENT-DAI-003,2025-11-14,29.12,44.1,432.51,11,945.89,2595.18,0.76,35.1,1284.31,993.68
ENT-DAI-003,2025-11-15,29.69,44.28,398.28,10,2039.97,2272.43,2.32,28.5,1314.98,1222.69
ENT-DAI-003,2025-11-16,27.29,40.07,496.43,16,1621.4,1948.12,0,34.7,1093.28,840.07
ENT-DAI-003,2025-11-17,27.38,40.04,409.48,12,3152.69,2089.59,3.34,34.7,1096.02,1159.44
ENT-DAI-003,2025-11-18,28.41,41.26,479.92,12,4532.01,2135.9,0,22.2,1172.22,1372.11
ENT-DAI-003,2025-11-19,28.76,40.78,437.76,12,3102.8,2359.6,0.29,36.8,1172.83,1200.49
ENT-DAI-003,2025-11-20,30.08,42.03,397.01,14,2481.49,2553.75,0,36.9,1264.28,1239.49
ENT-DAI-003,2025-11-21,32.97,43.04,400.42,13,3228.96,2879.9,1.29,23.0,1419.1,1503.02
ENT-DAI-003,2025-11-22,31.76,40.2,444.18,11,2494.7,2944.86,3.16,31.3,1276.8,1206.82
ENT-DAI-003,2025-11-23,30.6,42.42,395.22,15,1959.25,2993.13,0,38.0,1298.13,1196.8
ENT-DAI-003,2025-11-24,29.3,43.1,429.81,9,1960.09,2822.76,0,32.5,1262.71,1126.91
ENT-DAI-003,2025-11-25,27.4,40.32,443.43,6,967.85,2313.59,4.68,37.2,1104.99,806.73
ENT-DAI-003,2025-11-26,29.87,44.01,424.99,3,529.77,1946.02,0,24.0,1314.27,968.75
ENT-DAI-003,2025-11-27,27.13,41.0,465.6,8,1346.45,1783.87,0,29.1,1112.12,848.49
ENT-DAI-003,2025-11-28,27.92,42.9,443.2,15,3994.35,1893.21,2.55,22.7,1197.53,1353.49
ENT-DAI-003,2025-11-29,31.33,42.11,502.99,11,3427.0,2026.39,3.19,33.9,1319.26,1330.32
ENT-DAI-003,2025-11-30,23.92,37.14,381.89,10,3138.53,2194.86,3.1,29.5,888.4,977.3
ENT-DAI-003,2025-12-01,29.42,42.51,380.71,16,3412.59,2402.36,0,35.4,1250.56,1381.73
ENT-DAI-003,2025-12-02,32.79,40.92,429.37,14,2485.43,2619.16,1.64,18.8,1341.74,1285.18
ENT-DAI-003,2025-12-03,29.75,43.24,436.85,14,4397.47,3171.69,0,25.9,1286.49,1509.26
ENT-DAI-003,2025-12-04,26.58,41.62,474.64,11,1170.56,3146.56,0,29.4,1106.34,807.28
ENT-DAI-003,2025-12-05,25.38,41.63,347.71,12,1460.64,2784.6,1.98,20.7,1056.44,927.82
ENT-DAI-003,2025-12-06,28.67,42.25,499.16,13,1338.04,2486.18,0,33.5,1211.38,912.92
ENT-DAI-003,2025-12-07,28.11,40.93,409.14,10,1914.59,2311.33,0,24.4,1150.74,1028.78
ENT-DAI-003,2025-12-08,28.87,43.74,428.55,16,2026.59,2113.33,3.53,18.9,1262.75,1138.18
ENT-DAI-003,2025-12-09,30.27,43.09,438.67,8,927.67,1890.79,0.8,19.1,1304.22,1004.7
ENT-DAI-003,2025-12-10,28.49,40.83,426.39,13,2912.26,1678.62,6.42,18.5,1163.24,1173.68
ENT-DAI-003,2025-12-11,25.49,41.01,395.64,12,2814.82,1913.51,0,32.6,1045.53,1072.11
ENT-DAI-003,2025-12-12,26.12,38.69,397.15,14,2392.38,2046.62,0.82,33.8,1010.66,972.37
ENT-DAI-003,2025-12-13,31.48,42.13,483.45,13,2168.65,2165.28,1.49,35.0,1326.52,1168.37
ENT-DAI-003,2025-12-14,28.63,43.14,380.34,13,5102.71,2620.73,1.39,20.0,1235.0,1620.06
ENT-DAI-003,2025-12-15,28.96,39.11,456.83,16,3624.89,2849.05,3.92,36.5,1132.4,1219.3
ENT-DAI-003,2025-12-16,28.38,40.22,477.17,13,2503.96,3074.24,1.06,30.5,1141.51,1039.93
ENT-DAI-003,2025-12-17,29.27,40.68,460.5,8,2889.41,3070.97,3.31,35.8,1190.66,1163.58
ENT-DAI-003,2025-12-18,30.12,40.64,462.08,17,1837.6,2931.37,4.75,25.6,1223.99,1037.55
ENT-DAI-003,2025-12-19,28.2,39.51,439.16,16,2062.08,2884.19,0,37.4,1114.3,984.46
ENT-DAI-003,2025-12-20,32.29,41.62,460.22,8,2848.22,2981.27,0,24.2,1344.11,1311.12
ENT-DAI-003,2025-12-21,28.07,41.17,570.25,13,1643.83,2487.14,0,36.7,1155.59,831.92
ENT-DAI-003,2025-12-22,32.46,42.28,425.95,11,3439.32,2460.63,0,33.3,1372.39,1462.34
ENT-DAI-003,2025-12-23,28.19,41.72,324.8,16,5857.95,2939.77,6.62,36.7,1176.32,1730.21
ENT-DAI-003,2025-12-24,26.18,42.55,511.66,10,2614.54,2900.51,1.26,22.6,1113.92,994.44
ENT-DAI-003,2025-12-25,26.19,39.59,412.35,9,2166.69,2947.52,0,30.1,1036.84,949.49
ENT-DAI-003,2025-12-26,31.95,40.24,435.38,13,4220.48,3255.86,0,18.3,1285.82,1483.51
ENT-DAI-003,2025-12-27,24.28,42.87,517.88,12,1213.96,3022.4,1.72,36.5,1040.76,704.97
ENT-DAI-003,2025-12-28,28.73,39.99,483.21,14,1307.38,2974.33,3.34,32.7,1149.1,862.01
ENT-DAI-003,2025-12-29,26.55,43.46,430.74,8,1984.59,2766.51,4.06,35.5,1154.01,1020.96
ENT-DAI-003,2025-12-30,29.24,41.6,420.88,17,3512.12,2431.4,0,32.7,1216.33,1322.26
ENT-DAI-003,2025-12-31,25.64,40.95,473.42,14,2903.22,2472.64,0.91,24.1,1049.85,1011.91
ENT-DAI-003,2026-01-01,25.72,40.82,403.97,10,3455.66,2656.77,0,27.0,1050.01,1164.39
ENT-DAI-003,2026-01-02,27.48,43.51,486.26,9,1109.68,2212.37,0.82,26.3,1195.78,875.97
ENT-DAI-003,2026-01-03,26.3,40.74,382.24,9,2712.15,2426.4,2.73,36.1,1071.59,1096.17
ENT-DAI-003,2026-01-04,24.91,40.16,456.06,13,2549.84,2603.9,1.64,28.5,1000.17,926.58
ENT-DAI-003,2026-01-05,21.34,42.99,399.75,7,2603.45,2692.3,1.92,29.3,917.49,908.25
ENT-DAI-003,2026-01-06,26.99,44.14,449.0,15,3213.99,2649.71,4.5,24.2,1191.55,1224.65
ENT-DAI-003,2026-01-07,25.94,42.11,432.78,12,1931.95,2510.96,0,27.2,1092.46,949.47
ENT-DAI-003,2026-01-08,25.11,40.77,442.19,10,2684.36,2400.77,5.01,27.5,1023.71,984.18
ENT-DAI-003,2026-01-09,25.04,40.96,477.82,8,2752.65,2635.48,4.57,19.0,1025.68,960.76
ENT-DAI-003,2026-01-10,22.51,40.88,459.91,7,2437.15,2596.2,0,24.0,920.34,826.0
ENT-DAI-003,2026-01-11,26.17,42.23,482.1,8,2163.12,2540.95,3.97,33.7,1105.45,947.81
ENT-DAI-003,2026-01-12,20.4,42.06,434.99,10,1757.74,2420.14,0,25.4,858.0,686.67
ENT-DAI-003,2026-01-13,24.51,39.36,401.92,14,2349.4,2296.62,3.89,28.5,964.64,915.13
ENT-DAI-003,2026-01-14,23.23,38.29,477.44,14,3937.82,2583.18,4.46,37.7,889.54,1002.77
ENT-DAI-003,2026-01-15,19.69,42.97,411.36,9,2233.13,2518.72,0,37.9,845.93,769.54
ENT-DAI-003,2026-01-16,25.31,43.2,344.75,10,2376.01,2464.91,0,21.6,1093.58,1105.23
ENT-DAI-003,2026-01-17,19.07,41.77,415.01,10,3513.82,2618.72,0,34.0,796.5,908.57
ENT-DAI-003,2026-01-18,24.28,42.26,348.74,10,836.15,2429.15,0,22.0,1025.79,802.47
ENT-DAI-003,2026-01-19,21.63,39.4,413.04,15,2838.54,2583.55,1.64,32.5,852.32,865.06
ENT-DAI-003,2026-01-20,25.7,41.44,392.89,13,3837.49,2796.14,1.18,36.3,1064.74,1247.47
ENT-DAI-003,2026-01-21,23.29,38.39,339.27,9,2977.89,2659.0,0,26.3,894.18,1001.59
ENT-DAI-003,2026-01-22,25.78,39.84,408.08,9,2263.35,2663.32,0.38,22.2,1027.01,958.43
ENT-DAI-003,2026-01-23,20.73,37.83,520.04,11,4342.34,2944.22,2.92,30.5,784.42,915.73
ENT-DAI-003,2026-01-24,23.48,40.3,332.27,8,2563.94,2808.53,1.74,32.1,946.09,998.41
ENT-DAI-003,2026-01-25,23.82,39.45,415.58,3,447.49,2753.01,4.04,24.0,939.72,591.26
ENT-DAI-003,2026-01-26,23.45,37.62,461.23,8,703.83,2448.05,3.19,27.7,882.45,526.8
ENT-DAI-003,2026-01-27,28.28,40.71,354.38,11,3948.73,2463.94,3.5,34.4,1151.5,1389.43
ENT-DAI-003,2026-01-28,25.13,40.37,406.08,8,2467.01,2390.96,0,28.4,1014.68,978.65
ENT-DAI-004,2025-07-01,26.6,42.41,685.72,24,5918.04,5918.04,9.17,31.2,1128.06,1330.05
ENT-DAI-004,2025-07-02,27.69,42.7,731.9,25,3540.37,4729.2,5.19,23.5,1182.22,981.37
ENT-DAI-004,2025-07-03,29.61,44.62,729.88,31,7579.48,5679.29,3.6,22.1,1320.89,1727.93
ENT-DAI-004,2025-07-04,28.92,44.49,686.09,24,3800.26,5209.54,5.4,19.4,1286.79,1170.73
ENT-DAI-004,2025-07-05,32.37,45.25,738.77,27,2624.83,4692.59,3.28,26.5,1464.83,1119.78
ENT-DAI-004,2025-07-06,26.42,42.13,737.59,22,6098.86,4926.97,3.73,24.2,1113.25,1290.49
ENT-DAI-004,2025-07-07,28.53,38.36,669.47,29,3543.06,4729.27,3.97,34.3,1094.49,956.48
ENT-DAI-004,2025-07-08,29.72,44.3,666.15,25,5723.17,4701.43,1.64,22.6,1316.77,1509.1
ENT-DAI-004,2025-07-09,26.7,44.97,671.67,25,8310.23,5382.84,7.67,35.6,1200.72,1775.58
ENT-DAI-004,2025-07-10,32.06,44.38,664.55,30,4039.69,4877.16,0.78,33.4,1423.06,1364.47
ENT-DAI-004,2025-07-11,31.17,44.9,616.3,26,8673.03,5573.27,5.97,28.7,1399.51,2084.16
ENT-DAI-004,2025-07-12,27.22,44.59,568.71,24,4867.71,5893.68,8.86,24.8,1213.6,1375.05
ENT-DAI-004,2025-07-13,29.52,40.74,732.4,26,7592.93,6107.12,0.58,19.6,1202.79,1609.33
ENT-DAI-004,2025-07-14,29.87,42.55,650.98,27,6955.96,6594.67,4.39,34.4,1271.06,1663.48
ENT-DAI-004,2025-07-15,28.41,46.27,755.54,26,6192.54,6661.73,6.1,31.2,1314.3,1487.64
ENT-DAI-004,2025-07-16,29.95,40.01,756.0,23,1841.36,5737.6,2.1,20.9,1198.11,718.31
ENT-DAI-004,2025-07-17,28.11,42.66,682.12,25,6562.21,6097.96,2.07,36.3,1199.08,1501.29
ENT-DAI-004,2025-07-18,31.18,43.02,743.3,26,2822.87,5262.23,2.62,18.2,1341.57,1021.7
ENT-DAI-004,2025-07-19,32.77,43.13,743.8,28,8542.05,5787.13,3.71,34.4,1413.43,1950.94
ENT-DAI-004,2025-07-20,32.0,40.49,704.84,31,6391.14,5615.45,4.7,24.4,1295.72,1549.55
ENT-DAI-004,2025-07-21,31.22,42.62,649.25,28,10523.36,6125.08,2.23,34.8,1330.81,2260.06
ENT-DAI-004,2025-07-22,31.5,43.21,710.46,27,2295.72,5568.39,7.74,32.4,1360.97,994.86
ENT-DAI-004,2025-07-23,32.34,46.5,734.0,24,7978.97,6445.19,0,30.1,1503.67,1966.52
ENT-DAI-004,2025-07-24,30.73,45.52,645.86,26,5036.16,6227.18,6.67,21.7,1398.95,1508.52
ENT-DAI-004,2025-07-25,28.68,44.23,756.45,24,4738.33,6500.82,0,37.6,1268.27,1222.57
ENT-DAI-004,2025-07-26,30.06,42.39,621.58,28,3513.1,5782.4,7.0,32.6,1274.4,1179.79
ENT-DAI-004,2025-07-27,31.81,42.22,702.05,30,6935.54,5860.17,10.18,32.8,1343.1,1681.39
ENT-DAI-004,2025-07-28,34.56,44.95,710.52,27,2615.97,4730.54,4.18,24.9,1553.55,1235.42
ENT-DAI-004,2025-07-29,31.73,40.69,713.27,22,7379.49,5456.79,1.47,23.8,1291.07,1684.72
ENT-DAI-004,2025-07-30,30.94,41.62,688.35,21,2092.73,4615.9,8.63,27.5,1287.65,913.21
ENT-DAI-004,2025-07-31,30.53,43.68,632.41,26,6286.56,4794.53,13.66,35.0,1333.27,1643.85
ENT-DAI-004,2025-08-01,30.16,44.61,705.78,26,3008.09,4547.35,6.21,21.5,1345.26,1090.7
ENT-DAI-004,2025-08-02,32.21,43.89,664.11,26,8730.78,5292.74,6.9,35.2,1413.89,2059.41
ENT-DAI-004,2025-08-03,30.31,44.43,726.95,26,6206.29,5188.56,1.71,37.9,1346.74,1550.73
ENT-DAI-004,2025-08-04,33.38,42.61,674.3,28,7994.66,5956.94,5.24,33.1,1422.22,1947.12
ENT-DAI-004,2025-08-05,29.35,45.56,674.21,30,9623.31,6277.49,2.25,28.7,1337.1,2106.38
ENT-DAI-004,2025-08-06,27.33,46.1,780.38,34,7603.17,7064.69,4.06,31.6,1259.84,1619.94
ENT-DAI-004,2025-08-07,31.83,42.95,762.39,27,10421.43,7655.39,5.51,26.6,1367.22,2168.05
ENT-DAI-004,2025-08-08,30.47,43.26,723.09,27,8840.02,8488.52,6.71,33.0,1318.33,1921.25
ENT-DAI-004,2025-08-09,29.95,43.08,660.51,32,4402.35,7870.17,2.54,29.0,1290.31,1290.15
ENT-DAI-004,2025-08-10,30.53,44.27,713.97,26,4437.03,7617.42,5.23,21.9,1351.59,1303.18
ENT-DAI-004,2025-08-11,31.9,46.04,647.88,21,8067.29,7627.8,5.7,30.8,1468.76,2030.97
ENT-DAI-004,2025-08-12,33.65,45.1,753.72,31,12074.28,7977.94,9.31,35.9,1517.71,2575.14
ENT-DAI-004,2025-08-13,30.85,46.0,766.17,26,9756.83,8285.6,2.72,23.5,1419.24,2116.6
ENT-DAI-004,2025-08-14,27.76,42.58,727.09,32,6479.86,7722.52,9.22,24.7,1182.1,1426.98
ENT-DAI-004,2025-08-15,29.61,42.87,646.31,27,10182.99,7914.37,7.33,30.2,1269.36,2150.5
ENT-DAI-004,2025-08-16,28.68,43.86,665.62,22,6796.42,8256.38,3.33,20.1,1258.01,1611.86
ENT-DAI-004,2025-08-17,26.79,43.37,600.08,28,3573.73,8133.06,0,30.8,1162.05,1098.03
ENT-DAI-004,2025-08-18,30.59,42.31,597.37,26,9900.06,8394.88,3.79,27.8,1294.3,2181.93
ENT-DAI-004,2025-08-19,31.7,40.8,714.21,23,1864.34,6936.32,3.37,37.1,1293.33,858.76
ENT-DAI-004,2025-08-20,31.73,45.65,681.76,27,7622.83,6631.46,1.14,37.2,1448.29,1909.96
ENT-DAI-004,2025-08-21,23.27,42.71,749.01,27,8782.63,6960.43,2.24,31.0,993.66,1562.04
ENT-DAI-004,2025-08-22,29.1,44.36,772.38,29,5653.94,6313.42,7.86,19.7,1290.89,1366.6
ENT-DAI-004,2025-08-23,30.52,42.69,728.39,32,8631.76,6575.62,2.44,27.8,1303.07,1869.45
ENT-DAI-004,2025-08-24,27.69,40.07,680.41,16,1469.66,6275.03,2.51,19.1,1109.46,649.49
ENT-DAI-004,2025-08-25,32.27,43.49,726.52,24,5440.28,5637.92,8.11,31.6,1403.34,1492.86
ENT-DAI-004,2025-08-26,33.8,43.78,694.24,31,7154.5,6393.66,7.34,36.4,1480.06,1859.0
ENT-DAI-004,2025-08-27,27.72,42.18,707.99,26,4637.05,5967.12,8.39,33.9,1169.45,1157.02
ENT-DAI-004,2025-08-28,32.2,43.73,678.88,22,3312.83,5185.72,6.92,34.1,1407.93,1225.97
ENT-DAI-004,2025-08-29,31.85,38.26,681.22,24,9414.55,5722.95,5.1,29.5,1218.85,1949.81
ENT-DAI-004,2025-08-30,25.41,43.49,633.69,25,3129.89,4936.97,7.75,26.3,1104.99,940.78
ENT-DAI-004,2025-08-31,28.87,42.69,713.34,28,3135.71,5174.97,6.31,34.9,1232.62,989.63
ENT-DAI-004,2025-09-01,30.18,43.3,703.77,28,8079.73,5552.04,5.09,35.7,1306.84,1815.03
ENT-DAI-004,2025-09-02,30.89,40.19,691.27,25,7118.61,5546.91,6.17,28.5,1241.38,1617.9
ENT-DAI-004,2025-09-03,28.61,44.37,710.69,19,5333.33,5646.38,8.81,33.7,1269.57,1358.88
ENT-DAI-004,2025-09-04,30.84,43.57,748.77,29,3207.95,5631.4,5.01,25.2,1343.58,1076.0
ENT-DAI-004,2025-09-05,30.84,44.11,630.53,28,9377.65,5626.12,2.95,31.7,1360.29,2136.41
ENT-DAI-004,2025-09-06,30.87,43.54,696.17,28,8017.95,6324.42,6.94,23.7,1343.91,1850.43
ENT-DAI-004,2025-09-07,32.87,43.84,688.45,26,3543.38,6382.66,2.26,33.7,1441.04,1284.1
ENT-DAI-004,2025-09-08,33.14,46.86,691.33,23,4239.16,5834.0,0,22.0,1552.95,1497.49
ENT-DAI-004,2025-09-09,33.91,43.35,723.48,27,5404.6,5589.15,2.61,22.4,1469.85,1557.06
ENT-DAI-004,2025-09-10,25.73,44.44,773.62,32,7219.11,5858.54,0,25.7,1143.28,1452.52
ENT-DAI-004,2025-09-11,25.66,44.94,698.17,29,2873.57,5810.77,4.2,20.7,1153.28,886.15
ENT-DAI-004,2025-09-12,30.4,43.52,645.47,34,9287.56,5797.9,8.3,33.8,1322.9,2070.56
ENT-DAI-004,2025-09-13,29.86,47.53,684.98,33,7806.09,5767.64,3.6,37.9,1419.23,1905.17
ENT-DAI-004,2025-09-14,31.28,41.84,693.09,23,3655.37,5783.64,8.06,24.5,1308.93,1164.15
ENT-DAI-004,2025-09-15,28.71,44.77,755.88,36,3341.48,5655.4,8.12,27.4,1285.06,1030.4
ENT-DAI-004,2025-09-16,33.63,44.02,614.64,29,9941.58,6303.54,5.27,27.0,1480.24,2356.84
ENT-DAI-004,2025-09-17,28.78,43.02,581.75,28,8042.86,6421.22,4.56,19.8,1238.2,1862.87
ENT-DAI-004,2025-09-18,28.9,46.28,755.33,23,2019.68,6299.23,6.86,27.1,1337.32,884.94
ENT-DAI-004,2025-09-19,29.78,43.79,656.71,24,8527.74,6190.69,7.15,19.4,1304.34,1926.79
ENT-DAI-004,2025-09-20,31.51,43.88,667.88,30,11482.52,6715.89,5.95,28.8,1382.84,2437.34
ENT-DAI-004,2025-09-21,30.53,45.89,647.79,35,10356.11,7673.14,5.29,35.8,1401.3,2306.93
ENT-DAI-004,2025-09-22,26.48,45.36,682.7,27,6987.95,8194.06,7.44,19.3,1201.39,1566.88
ENT-DAI-004,2025-09-23,36.37,43.36,727.8,21,5578.4,7570.75,7.38,37.2,1577.23,1686.19
ENT-DAI-004,2025-09-24,28.72,42.01,679.59,28,8334.83,7612.46,5.96,23.5,1206.35,1776.98
ENT-DAI-004,2025-09-25,30.03,42.72,699.04,24,6012.33,8182.84,3.05,23.8,1282.64,1485.45
ENT-DAI-004,2025-09-26,32.06,39.38,746.25,21,2121.02,7267.59,0.62,35.8,1262.47,834.37
ENT-DAI-004,2025-09-27,31.92,41.77,824.94,29,8788.92,6882.8,10.61,27.9,1333.23,1826.63
ENT-DAI-004,2025-09-28,28.9,43.01,667.9,36,9117.33,6705.83,6.53,20.6,1243.14,1942.83
ENT-DAI-004,2025-09-29,30.36,43.75,720.73,28,10729.14,7240.28,0.95,30.9,1328.19,2216.83
ENT-DAI-004,2025-09-30,28.06,46.09,672.37,30,9089.89,7741.92,3.43,34.8,1293.58,1984.69
ENT-DAI-004,2025-10-01,35.85,44.28,676.39,31,12109.58,8281.17,0.47,33.4,1587.58,2727.63
ENT-DAI-004,2025-10-02,31.18,45.35,763.11,35,10772.3,8961.17,4.45,23.7,1413.98,2266.72
ENT-DAI-004,2025-10-03,35.34,43.11,681.18,35,6346.21,9564.77,3.45,20.5,1523.35,1794.1
ENT-DAI-004,2025-10-04,34.79,46.2,748.77,31,5890.96,9150.77,1.87,25.5,1607.41,1742.29
ENT-DAI-004,2025-10-05,36.85,45.58,681.74,30,6797.19,8819.32,2.33,24.4,1679.66,2017.49
ENT-DAI-004,2025-10-06,31.87,38.49,667.93,33,7644.5,8378.66,1.01,23.8,1226.74,1705.48
ENT-DAI-004,2025-10-07,37.45,45.1,757.65,37,11119.5,8668.61,4.89,32.6,1689.06,2599.33
ENT-DAI-004,2025-10-08,39.13,45.97,688.06,37,12915.98,8783.81,0,26.9,1799.14,3048.48
ENT-DAI-004,2025-10-09,33.75,42.3,688.41,32,2790.9,7643.61,5.04,28.8,1427.58,1157.81
ENT-DAI-004,2025-10-10,34.44,43.27,673.36,31,5632.16,7541.6,0.05,30.1,1490.43,1661.9
ENT-DAI-004,2025-10-11,36.74,46.04,784.72,32,5474.82,7482.15,3.38,25.0,1691.29,1727.79
ENT-DAI-004,2025-10-12,38.57,43.11,698.63,31,12326.56,8272.06,3.12,34.1,1662.75,2813.1
ENT-DAI-004,2025-10-13,28.94,39.88,755.18,33,3548.98,7686.99,3.73,22.2,1154.22,931.39
ENT-DAI-004,2025-10-14,38.97,39.28,822.26,35,11268.48,7708.27,4.07,19.8,1530.83,2398.84
ENT-DAI-004,2025-10-15,33.58,40.71,679.11,31,4325.18,6481.01,3.67,25.6,1366.83,1336.5
ENT-DAI-004,2025-10-16,39.09,45.01,727.72,30,7769.1,7192.18,0,27.3,1759.7,2197.34
ENT-DAI-004,2025-10-17,32.42,47.34,680.29,25,9141.49,7693.52,3.34,26.3,1534.82,2225.76
ENT-DAI-004,2025-10-18,34.55,42.47,735.63,34,13538.34,8845.45,1.75,19.3,1467.31,2762.43
ENT-DAI-004,2025-10-19,35.35,45.93,654.39,29,3429.74,7574.47,0,28.3,1623.67,1483.74
ENT-DAI-004,2025-10-20,36.28,42.88,747.1,33,11915.03,8769.62,1.69,20.7,1555.58,2595.73
ENT-DAI-004,2025-10-21,35.26,45.57,681.54,29,11009.02,8732.56,0.56,28.3,1606.83,2576.64
ENT-DAI-004,2025-10-22,37.09,44.39,707.18,30,10775.45,9654.03,4.57,34.5,1646.43,2555.57
ENT-DAI-004,2025-10-23,39.14,43.69,685.37,28,2355.56,8880.66,0,28.4,1710.0,1377.97
ENT-DAI-004,2025-10-24,32.61,44.2,725.83,30,3883.73,8129.55,0,22.4,1441.35,1298.07
ENT-DAI-004,2025-10-25,31.68,44.8,652.9,26,8372.47,7391.57,4.3,20.3,1419.12,2022.1
ENT-DAI-004,2025-10-26,38.22,45.71,756.8,30,5391.11,7671.77,0.24,25.3,1746.96,1798.83
ENT-DAI-004,2025-10-27,35.3,43.77,660.56,33,11241.9,7575.61,4.11,22.4,1545.35,2571.07
ENT-DAI-004,2025-10-28,38.16,45.12,724.78,35,3680.38,6528.66,0.3,31.8,1721.57,1548.84
ENT-DAI-004,2025-10-29,38.45,43.5,691.42,38,9283.91,6315.58,5.57,19.2,1672.7,2373.86
ENT-DAI-004,2025-10-30,32.92,44.34,664.66,25,8258.97,7158.92,4.34,36.4,1459.57,2033.76
ENT-DAI-004,2025-10-31,32.7,43.25,723.67,34,13042.85,8467.37,2.56,25.0,1414.31,2647.07
ENT-DAI-004,2025-11-01,29.95,44.02,712.32,34,3798.27,7813.91,0,29.6,1318.25,1175.67
ENT-DAI-004,2025-11-02,33.6,43.03,814.52,21,2343.17,7378.49,1.4,22.3,1445.73,982.68
ENT-DAI-004,2025-11-03,34.69,42.19,663.43,30,11594.38,7428.85,0,21.6,1463.49,2539.21
ENT-DAI-004,2025-11-04,35.27,44.17,733.21,33,3804.94,7446.64,0,20.7,1557.8,1395.34
ENT-DAI-004,2025-11-05,35.99,41.5,752.13,34,3979.06,6688.81,0.85,23.7,1493.35,1338.08
ENT-DAI-004,2025-11-06,40.81,41.64,730.89,31,4352.75,6130.77,0,19.4,1699.71,1621.73
ENT-DAI-004,2025-11-07,34.19,43.82,787.43,44,10442.41,5759.28,6.71,20.1,1497.99,2276.93
ENT-DAI-004,2025-11-08,34.1,45.26,748.64,30,11282.79,6828.5,0.31,37.6,1543.08,2486.86
ENT-DAI-004,2025-11-09,34.41,43.72,582.53,24,2862.81,6902.73,0.25,34.8,1504.64,1351.53
ENT-DAI-004,2025-11-10,39.6,42.62,689.33,34,7074.56,6257.05,0.15,27.5,1687.91,2059.77
ENT-DAI-004,2025-11-11,33.87,45.33,693.55,38,4353.73,6335.44,0,23.0,1535.48,1494.99
ENT-DAI-004,2025-11-12,34.38,44.56,718.63,36,14078.28,7778.19,0,25.7,1531.92,2925.03
ENT-DAI-004,2025-11-13,37.82,46.03,725.39,34,10897.51,8713.16,2.88,33.4,1740.69,2649.93
ENT-DAI-004,2025-11-14,39.7,42.24,711.37,30,7647.55,8313.89,2.31,37.1,1676.93,2112.69
ENT-DAI-004,2025-11-15,28.4,45.32,676.63,31,6213.26,7589.67,5.95,27.2,1286.97,1542.32
ENT-DAI-004,2025-11-16,31.05,43.01,782.92,28,8652.88,8416.82,0,27.7,1335.19,1850.2
ENT-DAI-004,2025-11-17,31.54,41.3,683.24,26,6039.58,8268.97,1.09,35.1,1302.91,1525.6
ENT-DAI-004,2025-11-18,36.68,46.75,696.38,27,4928.97,8351.15,0,18.6,1714.99,1757.97
ENT-DAI-004,2025-11-19,33.46,41.69,708.4,29,10591.66,7853.06,7.61,24.8,1394.98,2275.33
ENT-DAI-004,2025-11-20,34.36,42.28,768.15,30,8088.3,7451.74,0,36.2,1452.9,1897.99
ENT-DAI-004,2025-11-21,32.01,45.2,753.07,30,6824.73,7334.2,5.34,35.3,1446.88,1717.52
ENT-DAI-004,2025-11-22,34.65,42.85,646.2,35,7171.37,7471.07,2.92,29.5,1484.87,1914.38
ENT-DAI-004,2025-11-23,39.4,45.72,678.59,37,12016.46,7951.58,0.74,24.8,1801.39,2925.28
ENT-DAI-004,2025-11-24,37.46,40.15,710.84,34,8549.87,8310.2,0,23.7,1504.19,2075.83
ENT-DAI-004,2025-11-25,34.54,43.98,721.42,34,3720.5,8137.56,0,34.9,1519.29,1355.95
ENT-DAI-004,2025-11-26,33.43,44.71,655.11,31,8943.25,7902.07,0.42,24.0,1494.55,2180.93
ENT-DAI-004,2025-11-27,34.68,44.43,724.63,36,10079.58,8186.54,6.18,27.1,1540.75,2328.05
ENT-DAI-004,2025-11-28,37.06,42.75,613.59,31,12024.2,8929.32,1.25,32.8,1584.59,2774.62
ENT-DAI-004,2025-11-29,37.25,43.08,644.56,28,6126.17,8780.01,0.04,29.3,1604.79,1879.16
ENT-DAI-004,2025-11-30,35.65,44.71,731.84,32,7018.38,8065.99,0,24.4,1593.86,1914.78
ENT-DAI-004,2025-12-01,38.34,44.56,632.41,37,10609.15,8360.18,0,23.1,1708.65,2667.62
ENT-DAI-004,2025-12-02,36.31,44.57,746.88,34,8810.9,9087.37,0,26.7,1618.14,2192.89
ENT-DAI-004,2025-12-03,37.18,44.3,737.12,34,11462.5,9447.27,0,31.2,1646.95,2629.2
ENT-DAI-004,2025-12-04,29.15,43.07,712.71,31,8447.87,9214.17,5.64,35.3,1255.34,1809.81
ENT-DAI-004,2025-12-05,35.93,45.08,699.87,33,12599.79,9296.39,0.03,32.5,1619.58,2809.68
ENT-DAI-004,2025-12-06,35.17,45.77,686.97,33,12477.23,10203.69,4.73,23.0,1609.79,2794.4
ENT-DAI-004,2025-12-07,37.5,45.05,727.4,31,8276.52,10383.42,0,25.8,1689.25,2203.33
ENT-DAI-004,2025-12-08,38.71,44.67,736.25,36,5809.6,9697.77,1.28,29.8,1729.19,1864.38
ENT-DAI-004,2025-12-09,31.67,47.44,690.52,35,10446.67,9931.45,0.39,37.3,1502.59,2379.08
ENT-DAI-004,2025-12-10,36.66,42.87,621.17,42,11502.15,9937.12,3.63,34.8,1571.68,2675.83
ENT-DAI-004,2025-12-11,38.97,42.71,720.75,31,7963.06,9867.86,2.03,24.2,1664.71,2138.42
ENT-DAI-004,2025-12-12,40.63,46.92,781.5,36,13360.77,9976.57,0,25.9,1906.54,3129.15
ENT-DAI-004,2025-12-13,37.94,44.9,727.98,33,4861.68,8888.64,0,35.8,1703.45,1704.73
ENT-DAI-004,2025-12-14,34.58,44.24,661.04,40,13736.93,9668.7,0,36.8,1530.09,2929.59
ENT-DAI-004,2025-12-15,31.72,45.8,691.0,26,8904.41,10110.81,2.27,34.5,1452.78,2097.44
ENT-DAI-004,2025-12-16,36.26,41.09,656.98,33,2928.83,9036.83,0,19.0,1489.95,1272.29
ENT-DAI-004,2025-12-17,33.58,41.45,745.01,35,9836.92,8798.94,0,24.3,1391.73,2122.25
ENT-DAI-004,2025-12-18,34.74,47.43,693.97,30,8983.23,8944.68,2.98,33.9,1647.66,2301.18
ENT-DAI-004,2025-12-19,30.88,44.47,706.7,35,12059.81,8758.83,0,34.0,1373.25,2475.52
ENT-DAI-004,2025-12-20,34.05,47.46,627.48,32,12268.64,9816.97,0,36.5,1616.13,2828.95
ENT-DAI-004,2025-12-21,32.98,40.92,744.62,32,9740.91,9246.11,0,21.4,1349.48,2066.0
ENT-DAI-004,2025-12-22,35.26,45.65,737.24,33,10228.24,9435.23,0,26.7,1609.68,2406.67
ENT-DAI-004,2025-12-23,34.76,44.84,769.96,37,5216.04,9761.97,0.51,35.2,1558.65,1571.1
ENT-DAI-004,2025-12-24,39.09,46.71,783.7,25,4263.74,8965.8,0.17,31.5,1825.77,1681.62
ENT-DAI-004,2025-12-25,33.75,44.64,702.08,34,9440.36,9031.11,0,36.1,1506.46,2220.43
ENT-DAI-004,2025-12-26,32.38,45.1,713.55,29,8693.99,8550.28,0,32.3,1460.06,2050.61
ENT-DAI-004,2025-12-27,36.26,41.98,726.19,34,6341.54,7703.55,5.13,22.7,1522.15,1747.19
ENT-DAI-004,2025-12-28,37.46,45.86,698.0,34,5479.79,7094.81,8.1,30.4,1718.23,1842.19
ENT-DAI-004,2025-12-29,32.49,45.2,774.56,30,7972.67,6772.59,0.08,23.2,1468.75,1890.09
ENT-DAI-004,2025-12-30,33.45,44.55,744.02,30,3521.68,6530.54,6.57,18.9,1490.37,1274.6
ENT-DAI-004,2025-12-31,35.61,41.22,710.26,23,3922.33,6481.77,0.68,35.5,1468.09,1346.19
ENT-DAI-004,2026-01-01,28.97,42.28,778.09,24,7785.03,6245.29,1.17,21.0,1225.15,1614.82
ENT-DAI-004,2026-01-02,29.62,40.05,707.41,29,4453.11,5639.45,9.88,18.7,1186.55,1147.11
ENT-DAI-004,2026-01-03,26.92,48.59,677.17,29,8899.79,6004.91,0.12,27.7,1308.38,1966.18
ENT-DAI-004,2026-01-04,32.28,40.55,696.43,28,10018.83,6653.35,1.71,21.6,1309.05,2115.45
ENT-DAI-004,2026-01-05,28.49,46.09,638.6,19,4718.17,6188.42,0,29.4,1313.13,1382.25
ENT-DAI-004,2026-01-06,32.7,45.62,634.3,21,1854.47,5950.25,0,31.6,1491.75,1135.61
ENT-DAI-004,2026-01-07,32.48,47.66,651.89,29,10028.89,6822.61,0,31.2,1548.15,2400.6
ENT-DAI-004,2026-01-08,32.42,43.08,812.8,27,7829.33,6828.94,2.01,37.0,1396.63,1758.23
ENT-DAI-004,2026-01-09,26.03,46.49,663.46,27,7721.08,7295.8,0.43,24.5,1210.36,1705.06
ENT-DAI-004,2026-01-10,32.53,45.96,643.55,27,3698.01,6552.68,1.92,37.3,1495.13,1406.29
ENT-DAI-004,2026-01-11,33.73,45.24,754.88,28,8100.42,6278.62,5.97,20.4,1525.8,1985.98
ENT-DAI-004,2026-01-12,26.7,44.94,652.6,31,3782.36,6144.94,5.89,31.3,1199.64,1114.4
ENT-DAI-004,2026-01-13,31.31,45.74,643.12,26,8374.0,7076.3,0,34.2,1432.36,2045.34
ENT-DAI-004,2026-01-14,28.61,44.88,724.88,28,6393.18,6556.91,0,22.5,1283.98,1518.07
ENT-DAI-004,2026-01-15,32.79,42.06,636.28,27,9998.27,6866.76,2.97,27.6,1379.22,2242.68
ENT-DAI-004,2026-01-16,31.49,46.73,713.72,23,4014.74,6337.29,4.11,19.0,1471.63,1360.12
ENT-DAI-004,2026-01-17,28.44,43.0,690.75,23,3704.88,6338.27,2.37,23.1,1223.08,1088.07
ENT-DAI-004,2026-01-18,27.22,44.01,664.03,24,3319.36,5655.26,0,25.9,1197.8,1031.67
ENT-DAI-004,2026-01-19,27.03,41.87,651.92,23,3790.95,5656.48,2.8,37.3,1131.79,1048.51
ENT-DAI-004,2026-01-20,32.16,45.21,679.35,25,8972.93,5742.04,0,20.1,1454.16,2120.75
ENT-DAI-004,2026-01-21,30.23,44.86,730.81,25,9726.43,6218.22,2.49,30.0,1355.86,2084.01
ENT-DAI-004,2026-01-22,26.01,40.37,632.65,31,9327.71,6122.43,0,25.9,1049.98,1816.48
ENT-DAI-004,2026-01-23,29.41,44.17,686.41,32,4702.51,6220.68,1.35,31.0,1298.89,1317.86
ENT-DAI-004,2026-01-24,28.12,45.13,688.72,26,4583.64,6346.22,0,27.3,1268.98,1267.81
ENT-DAI-004,2026-01-25,30.09,45.54,744.31,30,10654.05,7394.03,2.79,29.7,1370.38,2224.18
ENT-DAI-004,2026-01-26,25.29,42.41,686.59,26,7325.01,7898.9,0.24,32.3,1072.51,1484.67
ENT-DAI-004,2026-01-27,29.49,41.55,644.62,28,6595.46,7559.26,3.85,29.8,1225.13,1569.83
ENT-DAI-004,2026-01-28,28.93,40.27,601.71,28,6973.65,7166.0,4.36,26.4,1165.25,1609.59
