enterprise_id,date,product_type,processing_volume_kg,sale_price_per_kg_inr,raw_material_cost_inr,labor_cost_inr,upi_txn_count,upi_amount_inr,upi_velocity_7d,gross_revenue_inr,net_cashflow_inr
ENT-FPR-001,2025-07-01,pickles,224.56,146.3,13347.39,697.22,5,1250.62,1250.62,32851.9,18807.29
ENT-FPR-001,2025-07-02,pickles,193.74,139.69,10995.6,669.65,11,4899.76,3075.19,27063.44,15398.19
ENT-FPR-001,2025-07-03,pickles,222.87,139.02,12588.33,730.32,0,0.0,2050.12,30983.63,17664.98
ENT-FPR-001,2025-07-04,pickles,229.8,142.7,13323.42,653.74,5,2874.09,2256.11,32792.9,18815.74
ENT-FPR-001,2025-07-05,pickles,241.97,137.32,13500.02,700.27,7,1979.99,2200.89,33227.57,19027.27
ENT-FPR-001,2025-07-06,pickles,227.92,132.2,12241.58,802.02,16,3335.95,2390.07,30130.16,17086.56
ENT-FPR-001,2025-07-07,pickles,180.0,142.8,10442.96,699.08,12,2149.9,2355.76,25703.23,14561.2
ENT-FPR-001,2025-07-08,pickles,243.44,138.92,13739.85,711.61,14,4893.96,2876.23,33817.86,19366.4
ENT-FPR-001,2025-07-09,pickles,224.91,137.5,12563.89,614.13,5,765.03,2285.56,30923.46,17745.44
ENT-FPR-001,2025-07-10,pickles,237.21,135.57,13065.72,737.49,13,4512.51,2930.2,32158.62,18355.41
ENT-FPR-001,2025-07-11,pickles,165.11,142.91,9586.68,599.65,5,1276.53,2701.98,23595.66,13409.33
ENT-FPR-001,2025-07-12,pickles,209.08,137.82,11707.07,571.5,8,2293.42,2746.76,28814.57,16536.0
ENT-FPR-001,2025-07-13,pickles,241.81,146.85,14426.97,642.62,9,2565.04,2636.63,35509.07,20439.47
ENT-FPR-001,2025-07-14,pickles,225.8,139.6,12806.97,843.58,3,1250.81,2508.18,31521.76,17871.22
ENT-FPR-001,2025-07-15,pickles,227.99,142.83,13229.9,565.33,15,6737.47,2771.54,32562.72,18767.49
ENT-FPR-001,2025-07-16,pickles,265.58,140.36,15144.89,463.42,5,2270.26,2986.58,37276.08,21667.77
ENT-FPR-001,2025-07-17,pickles,228.48,138.76,12880.86,467.33,5,1283.65,2525.31,31703.62,18355.43
ENT-FPR-001,2025-07-18,pickles,232.53,144.15,13618.28,607.85,14,4638.82,3005.64,33518.63,19292.5
ENT-FPR-001,2025-07-19,pickles,262.82,139.65,14912.07,751.97,11,2162.5,2986.94,36703.04,21039.0
ENT-FPR-001,2025-07-20,pickles,229.45,137.67,12834.36,680.93,4,846.67,2741.45,31589.17,18073.88
ENT-FPR-001,2025-07-21,pickles,178.09,147.78,10692.72,499.34,5,2891.67,2975.86,26317.97,15125.91
ENT-FPR-001,2025-07-22,pickles,205.08,151.85,12652.71,717.58,15,2911.46,2429.29,31142.09,17771.79
ENT-FPR-001,2025-07-23,pickles,231.3,139.77,13134.56,854.28,12,4341.01,2725.11,32328.06,18339.22
ENT-FPR-001,2025-07-24,pickles,218.5,147.21,13068.05,601.54,1,249.09,2577.32,32164.34,18494.76
ENT-FPR-001,2025-07-25,pickles,200.95,143.52,11717.69,596.62,4,1137.26,2077.09,28840.72,16526.41
ENT-FPR-001,2025-07-26,pickles,249.45,142.14,14405.83,618.16,10,3220.7,2228.27,35457.03,20433.04
ENT-FPR-001,2025-07-27,pickles,223.24,140.26,12721.87,705.28,13,3150.96,2557.45,31312.31,17885.16
ENT-FPR-001,2025-07-28,pickles,221.6,143.24,12896.25,745.4,10,3385.51,2628.0,31741.51,18099.85
ENT-FPR-001,2025-07-29,pickles,205.73,138.2,11551.43,766.64,8,2095.54,2511.44,28431.49,16113.43
ENT-FPR-001,2025-07-30,pickles,181.33,136.92,10087.3,606.42,5,2391.23,2232.9,24827.84,14134.12
ENT-FPR-001,2025-07-31,pickles,169.03,141.86,9742.46,634.74,3,1690.42,2438.8,23979.1,13601.89
ENT-FPR-001,2025-08-01,pickles,205.65,144.25,12052.86,651.38,6,1680.95,2516.47,29665.66,16961.43
ENT-FPR-001,2025-08-02,pickles,222.33,144.72,13072.42,752.92,10,1310.75,2243.62,32175.1,18349.77
ENT-FPR-001,2025-08-03,pickles,219.26,135.03,12028.76,619.93,8,1629.02,2026.2,29606.36,16957.67
ENT-FPR-001,2025-08-04,pickles,201.94,132.46,10868.29,666.09,9,3975.85,2110.54,26750.08,15215.7
ENT-FPR-001,2025-08-05,pickles,177.72,136.48,9854.1,632.17,7,3354.85,2290.44,24253.88,13767.6
ENT-FPR-001,2025-08-06,pickles,250.48,141.77,14427.11,619.41,13,5423.15,2723.57,35509.41,20462.89
ENT-FPR-001,2025-08-07,pickles,200.05,142.28,11564.55,817.93,9,2767.22,2877.4,28463.79,16081.31
ENT-FPR-001,2025-08-08,pickles,195.81,143.85,11443.93,676.2,12,3296.29,3108.16,28166.9,16046.78
ENT-FPR-001,2025-08-09,pickles,208.41,138.54,11731.08,709.2,4,704.51,3021.56,28873.66,16433.39
ENT-FPR-001,2025-08-10,pickles,176.69,137.57,9875.88,651.76,11,3236.31,3251.17,24307.47,13779.83
ENT-FPR-001,2025-08-11,pickles,236.67,138.76,13342.71,732.66,17,5037.38,3402.82,32840.37,18765.01
ENT-FPR-001,2025-08-12,pickles,210.77,144.24,12352.24,807.49,7,3395.06,3408.56,30402.54,17242.81
ENT-FPR-001,2025-08-13,pickles,213.28,145.85,12639.02,843.47,13,2636.29,3010.44,31108.38,17625.9
ENT-FPR-001,2025-08-14,pickles,231.14,138.45,13002.33,635.59,6,2379.77,2955.09,32002.61,18364.68
ENT-FPR-001,2025-08-15,pickles,186.28,144.29,10920.42,687.86,16,8348.5,3676.83,26878.41,15270.13
ENT-FPR-001,2025-08-16,pickles,205.01,142.79,11893.78,756.41,1,203.18,3605.21,29274.12,16623.93
ENT-FPR-001,2025-08-17,pickles,232.26,145.56,13735.66,796.31,9,1643.66,3377.69,33807.53,19275.57
ENT-FPR-001,2025-08-18,pickles,206.25,141.18,11830.2,857.94,8,1794.07,2914.36,29117.64,16429.5
ENT-FPR-001,2025-08-19,pickles,246.41,136.22,13637.4,516.84,3,1720.18,2675.09,33565.69,19411.45
ENT-FPR-001,2025-08-20,pickles,236.72,147.36,14172.83,607.63,8,1014.15,2443.36,34883.53,20103.08
ENT-FPR-001,2025-08-21,pickles,208.31,147.63,12494.77,689.65,7,2161.2,2412.13,30753.35,17568.93
ENT-FPR-001,2025-08-22,pickles,196.18,132.15,10533.45,636.18,10,5650.63,2026.72,25925.95,14756.32
ENT-FPR-001,2025-08-23,pickles,242.4,139.56,13744.93,805.68,6,2645.49,2375.63,33830.37,19279.75
ENT-FPR-001,2025-08-24,pickles,207.99,140.4,11864.72,703.53,7,1521.81,2358.22,29202.61,16634.36
ENT-FPR-001,2025-08-25,pickles,221.48,139.74,12574.15,641.67,15,5097.94,2830.2,30948.73,17732.9
ENT-FPR-001,2025-08-26,pickles,233.87,144.33,13713.97,650.5,8,2789.69,2982.99,33754.16,19389.69
ENT-FPR-001,2025-08-27,pickles,201.78,149.86,12285.54,634.68,8,1052.04,2988.4,30238.37,17318.15
ENT-FPR-001,2025-08-28,pickles,230.46,146.84,13748.96,482.85,10,1122.06,2839.95,33840.29,19608.48
ENT-FPR-001,2025-08-29,pickles,213.29,140.23,12151.62,655.35,8,3400.73,2518.54,29908.76,17101.79
ENT-FPR-001,2025-08-30,pickles,246.68,138.28,13858.83,771.87,8,1726.08,2387.19,34110.69,19480.0
ENT-FPR-001,2025-08-31,pickles,250.76,144.28,14699.6,571.17,7,2353.66,2506.03,36180.08,20909.31
ENT-FPR-001,2025-09-01,pickles,257.86,138.86,14547.78,608.0,10,4675.97,2445.75,35806.4,20650.62
ENT-FPR-001,2025-09-02,pickles,280.18,147.42,16781.42,570.79,11,2708.47,2434.15,41304.07,23951.85
ENT-FPR-001,2025-09-03,pickles,292.49,137.09,16291.39,570.05,10,3158.56,2735.08,40097.94,23236.51
ENT-FPR-001,2025-09-04,pickles,293.74,139.97,16704.33,590.53,14,6675.92,3528.49,41114.32,23819.46
ENT-FPR-001,2025-09-05,pickles,296.53,144.23,17376.16,463.23,11,4537.85,3690.93,42767.88,24928.5
ENT-FPR-001,2025-09-06,pickles,256.06,140.61,14628.88,757.75,17,2885.93,3856.62,36006.02,20619.39
ENT-FPR-001,2025-09-07,pickles,298.71,150.38,18250.65,752.03,13,2027.22,3809.99,44920.28,25917.6
ENT-FPR-001,2025-09-08,pickles,286.29,143.61,16704.82,894.67,11,4755.5,3821.35,41115.52,23516.03
ENT-FPR-001,2025-09-09,pickles,269.17,150.8,16491.67,635.91,12,5591.13,4233.16,40590.9,23463.32
ENT-FPR-001,2025-09-10,pickles,277.25,141.53,15942.57,606.1,8,3108.08,4225.95,39239.39,22690.72
ENT-FPR-001,2025-09-11,pickles,272.69,129.3,14325.39,683.02,17,3023.46,3704.17,35259.04,20250.63
ENT-FPR-001,2025-09-12,pickles,287.88,135.13,15804.93,867.95,5,2499.84,3413.02,38900.62,22227.75
ENT-FPR-001,2025-09-13,pickles,299.22,139.19,16920.86,602.84,17,4274.29,3611.36,41647.26,24123.56
ENT-FPR-001,2025-09-14,pickles,243.73,133.7,13239.07,667.82,11,2726.81,3711.3,32585.28,18678.39
ENT-FPR-001,2025-09-15,pickles,278.1,136.43,15415.21,761.45,12,1913.72,3305.33,37941.41,21764.75
ENT-FPR-001,2025-09-16,pickles,296.5,142.5,17165.75,586.27,9,2587.12,2876.19,42250.01,24497.99
ENT-FPR-001,2025-09-17,pickles,246.77,135.49,13584.04,572.69,6,2637.35,2808.94,33434.36,19277.63
ENT-FPR-001,2025-09-18,pickles,285.0,143.15,16575.38,657.15,16,7982.65,3517.4,40796.94,23564.41
ENT-FPR-001,2025-09-19,pickles,291.75,137.96,16352.9,485.21,7,4021.93,3734.84,40249.34,23411.23
ENT-FPR-001,2025-09-20,pickles,301.67,143.01,17528.15,825.38,10,1434.14,3329.1,43141.98,24788.45
ENT-FPR-001,2025-09-21,pickles,278.74,145.24,16448.52,729.81,5,735.01,3044.56,40484.69,23306.36
ENT-FPR-001,2025-09-22,pickles,263.89,149.0,15975.8,574.6,11,4139.44,3362.52,39321.19,22770.79
ENT-FPR-001,2025-09-23,pickles,268.08,145.3,15825.36,786.8,15,5950.72,3843.04,38950.91,22338.75
ENT-FPR-001,2025-09-24,pickles,304.16,144.28,17829.84,718.64,12,2848.45,3873.19,43884.55,25336.07
ENT-FPR-001,2025-09-25,pickles,288.0,137.37,16074.07,648.99,8,1270.67,2914.34,39563.05,22839.99
ENT-FPR-001,2025-09-26,pickles,287.7,148.13,17314.73,678.53,10,4005.6,2912.01,42616.71,24623.44
ENT-FPR-001,2025-09-27,pickles,261.2,131.14,13917.41,762.88,13,2918.78,3124.1,34254.88,19574.59
ENT-FPR-001,2025-09-28,pickles,274.1,136.01,15146.23,704.52,14,3515.94,3521.37,37279.36,21428.62
ENT-FPR-001,2025-09-29,pickles,281.33,138.35,15813.81,503.21,11,5546.3,3722.35,38922.49,22605.46
ENT-FPR-001,2025-09-30,pickles,304.48,145.31,17976.4,848.75,20,8052.06,4022.54,44245.26,25420.11
ENT-FPR-001,2025-10-01,pickles,274.52,143.55,16010.58,519.22,14,7683.83,4713.31,39406.8,22877.0
ENT-FPR-001,2025-10-02,pickles,304.94,141.94,17585.55,765.97,13,5863.31,5369.4,43283.26,24931.75
ENT-FPR-001,2025-10-03,pickles,329.8,148.7,19925.23,603.33,8,2828.45,5201.24,49041.9,28513.35
ENT-FPR-001,2025-10-04,pickles,320.5,142.18,18514.45,703.28,12,2320.74,5115.8,45569.57,26351.83
ENT-FPR-001,2025-10-05,pickles,300.51,138.09,16859.14,554.59,10,5854.33,5449.86,41495.36,24081.63
ENT-FPR-001,2025-10-06,pickles,329.21,142.18,19017.03,726.44,14,3502.4,5157.87,46806.56,27063.09
ENT-FPR-001,2025-10-07,pickles,329.43,146.47,19604.41,645.65,13,4709.66,4680.39,48252.27,28002.21
ENT-FPR-001,2025-10-08,pickles,301.88,142.62,17492.46,694.31,9,1996.54,3867.92,43054.15,24867.37
ENT-FPR-001,2025-10-09,pickles,331.13,150.64,20265.54,592.49,13,2420.72,3376.12,49879.52,29021.49
ENT-FPR-001,2025-10-10,pickles,309.34,136.38,17140.14,795.1,15,7933.84,4105.46,42186.98,24251.74
ENT-FPR-001,2025-10-11,pickles,308.96,137.79,17295.95,700.01,12,2188.4,4086.56,42570.47,24574.51
ENT-FPR-001,2025-10-12,pickles,316.09,147.11,18892.64,834.65,10,3031.96,3683.36,46500.41,26773.11
ENT-FPR-001,2025-10-13,pickles,353.64,144.67,20786.31,609.67,15,6948.71,4175.69,51161.29,29765.31
ENT-FPR-001,2025-10-14,pickles,293.14,146.46,17444.18,695.78,21,7133.34,4521.93,42935.31,24795.36
ENT-FPR-001,2025-10-15,pickles,336.38,143.22,19573.7,759.71,10,2206.7,4551.95,48176.68,27843.28
ENT-FPR-001,2025-10-16,pickles,322.4,143.58,18807.19,577.11,10,3808.43,4750.2,46290.09,26905.78
ENT-FPR-001,2025-10-17,pickles,342.68,135.07,18806.01,739.35,14,3365.83,4097.63,46287.17,26741.82
ENT-FPR-001,2025-10-18,pickles,349.02,143.19,20304.66,731.65,8,4477.31,4424.61,49975.81,28939.5
ENT-FPR-001,2025-10-19,pickles,329.5,144.67,19367.9,670.18,6,2368.68,4329.86,47670.15,27632.08
ENT-FPR-001,2025-10-20,pickles,322.06,137.44,17984.47,673.39,11,2953.91,3759.17,44265.12,25607.26
ENT-FPR-001,2025-10-21,pickles,355.88,142.66,20627.29,634.42,12,4974.73,3450.8,50769.89,29508.17
ENT-FPR-001,2025-10-22,pickles,365.07,138.87,20597.87,693.0,23,6027.89,3996.68,50697.48,29406.61
ENT-FPR-001,2025-10-23,pickles,327.45,156.13,20772.2,693.54,16,7008.8,4453.88,51126.55,29660.81
ENT-FPR-001,2025-10-24,pickles,296.84,139.37,16808.45,713.32,17,8388.59,5171.42,41370.6,23848.83
ENT-FPR-001,2025-10-25,pickles,339.97,140.67,19429.62,599.44,8,3011.61,4962.03,47822.08,27793.01
ENT-FPR-001,2025-10-26,pickles,293.37,145.09,17294.22,779.93,16,3931.69,5185.32,42566.21,24492.06
ENT-FPR-001,2025-10-27,pickles,296.03,139.6,16790.92,552.24,19,9590.99,6133.47,41327.44,23984.28
ENT-FPR-001,2025-10-28,pickles,301.83,148.72,18237.07,762.3,11,2977.7,5848.18,44886.84,25887.48
ENT-FPR-001,2025-10-29,pickles,320.75,144.86,18876.98,570.95,16,4744.65,5664.86,46461.86,27013.93
ENT-FPR-001,2025-10-30,pickles,307.9,140.19,17537.88,427.73,12,4503.87,5307.01,43165.94,25200.33
ENT-FPR-001,2025-10-31,pickles,329.05,143.39,19169.91,633.43,25,10351.41,5587.42,47182.85,27379.51
ENT-FPR-001,2025-11-01,pickles,291.54,147.14,17428.58,640.06,13,2098.96,5457.04,42896.92,24828.27
ENT-FPR-001,2025-11-02,pickles,294.43,143.73,17193.92,704.37,12,4411.34,5525.56,42319.35,24421.05
ENT-FPR-001,2025-11-03,pickles,284.59,148.47,17167.1,635.97,11,4731.63,4831.36,42253.33,24450.26
ENT-FPR-001,2025-11-04,pickles,292.93,152.65,18168.31,645.73,7,1542.38,4626.32,44717.61,25903.57
ENT-FPR-001,2025-11-05,pickles,248.11,138.77,13988.35,745.24,9,1963.63,4229.03,34429.48,19695.89
ENT-FPR-001,2025-11-06,pickles,237.99,139.57,13494.98,784.11,19,5541.08,4377.2,33215.16,18936.06
ENT-FPR-001,2025-11-07,pickles,289.98,144.18,16986.44,536.86,8,4696.34,3569.34,41808.68,24285.38
ENT-FPR-001,2025-11-08,pickles,300.11,146.52,17865.55,599.33,13,5262.45,4021.27,43972.43,25507.55
ENT-FPR-001,2025-11-09,pickles,306.04,141.88,17641.39,810.38,12,3811.16,3935.53,43420.71,24968.94
ENT-FPR-001,2025-11-10,pickles,303.76,139.49,17215.72,682.92,19,5781.08,4085.45,42373.0,24474.36
ENT-FPR-001,2025-11-11,pickles,295.56,152.39,18300.05,759.73,5,557.57,3944.76,45041.86,25982.08
ENT-FPR-001,2025-11-12,pickles,296.54,151.11,18205.82,473.22,14,3796.02,4206.53,44809.92,26130.89
ENT-FPR-001,2025-11-13,pickles,245.01,143.71,14305.13,597.87,11,1894.84,3685.64,35209.18,20306.19
ENT-FPR-001,2025-11-14,pickles,273.99,137.48,15303.64,711.18,14,2925.5,3432.66,37666.82,21651.99
ENT-FPR-001,2025-11-15,pickles,269.86,151.8,16643.76,739.73,8,4310.92,3296.73,40965.25,23581.75
ENT-FPR-001,2025-11-16,pickles,290.79,138.05,16310.37,638.93,10,4565.35,3404.47,40144.67,23195.37
ENT-FPR-001,2025-11-17,pickles,247.15,141.94,14253.42,767.45,11,3549.3,3085.64,35081.91,20061.04
ENT-FPR-001,2025-11-18,pickles,263.53,145.79,15609.53,634.86,19,4368.66,3630.08,38419.7,22175.3
ENT-FPR-001,2025-11-19,pickles,269.31,150.54,16471.45,538.93,10,1978.56,3370.45,40541.13,23530.75
ENT-FPR-001,2025-11-20,pickles,257.03,145.1,15153.15,682.29,16,2870.03,3509.76,37296.4,21460.96
ENT-FPR-001,2025-11-21,pickles,273.41,142.82,15864.71,585.47,10,1745.15,3341.14,39047.76,22597.58
ENT-FPR-001,2025-11-22,pickles,236.87,148.04,14246.68,701.42,14,2566.4,3091.92,35065.31,20117.21
ENT-FPR-001,2025-11-23,pickles,276.21,139.06,15605.74,504.31,7,3751.4,2975.64,38410.36,22300.31
ENT-FPR-001,2025-11-24,pickles,293.76,139.98,16707.15,558.18,12,2207.56,2783.97,41121.25,23855.93
ENT-FPR-001,2025-11-25,pickles,279.49,142.48,16178.93,813.65,13,3048.79,2595.41,39821.16,22828.58
ENT-FPR-001,2025-11-26,pickles,265.56,142.29,15351.82,570.67,10,1894.62,2583.42,37785.4,21862.9
ENT-FPR-001,2025-11-27,pickles,291.03,152.25,18002.27,633.23,13,3070.19,2612.01,44308.94,25673.44
ENT-FPR-001,2025-11-28,pickles,260.43,144.09,15246.67,613.78,13,4348.93,2983.98,37526.58,21666.13
ENT-FPR-001,2025-11-29,pickles,294.67,151.01,18079.25,543.84,17,5630.44,3421.7,44498.42,25875.32
ENT-FPR-001,2025-11-30,pickles,271.74,136.52,15073.15,732.88,15,1817.05,3145.37,37099.51,21293.48
ENT-FPR-001,2025-12-01,pickles,307.31,147.3,18391.32,547.13,11,5248.42,3579.78,45266.49,26328.05
ENT-FPR-001,2025-12-02,pickles,276.84,133.85,15054.64,520.05,12,4317.94,3761.09,37053.94,21479.25
ENT-FPR-001,2025-12-03,pickles,265.89,139.77,15098.5,598.27,13,7389.66,4546.09,37161.9,21465.13
ENT-FPR-001,2025-12-04,pickles,270.72,142.22,15642.56,699.3,11,6570.93,5046.2,38500.98,22159.13
ENT-FPR-001,2025-12-05,pickles,317.73,151.44,19549.97,598.83,14,1567.13,4648.8,48118.28,27969.48
ENT-FPR-001,2025-12-06,pickles,278.95,140.78,15955.79,687.4,4,1299.88,4030.14,39271.95,22628.76
ENT-FPR-001,2025-12-07,pickles,283.61,141.54,16309.3,688.54,7,1198.1,3941.72,40142.03,23144.19
ENT-FPR-001,2025-12-08,pickles,305.25,142.12,17626.36,533.9,15,4286.75,3804.34,43383.7,25223.44
ENT-FPR-001,2025-12-09,pickles,293.32,153.57,18301.09,662.9,13,5460.15,3967.51,45044.43,26080.44
ENT-FPR-001,2025-12-10,pickles,253.35,147.63,15196.26,837.17,6,3216.34,3371.33,37402.51,21369.08
ENT-FPR-001,2025-12-11,pickles,254.61,153.26,15854.67,634.0,10,5906.79,3276.45,39023.06,22534.39
ENT-FPR-001,2025-12-12,pickles,305.91,146.21,18171.79,617.26,16,1688.45,3293.78,44726.18,25937.12
ENT-FPR-001,2025-12-13,pickles,262.46,137.95,14710.55,772.27,12,4984.05,3820.09,36207.04,20724.22
ENT-FPR-001,2025-12-14,pickles,261.37,145.82,15484.81,591.23,8,2106.18,3949.81,38112.72,22036.68
ENT-FPR-001,2025-12-15,pickles,280.35,138.1,15730.19,786.68,6,1900.22,3608.88,38716.66,22199.8
ENT-FPR-001,2025-12-16,pickles,270.54,138.96,15274.09,660.47,6,3595.93,3342.57,37594.07,21659.51
ENT-FPR-001,2025-12-17,pickles,271.35,140.43,15482.31,625.17,4,1670.41,3121.72,38106.56,21999.09
ENT-FPR-001,2025-12-18,pickles,265.65,141.14,15233.45,601.64,8,1680.95,2518.03,37494.04,21658.95
ENT-FPR-001,2025-12-19,pickles,268.8,144.66,15797.68,604.09,11,5497.09,3062.12,38882.78,22481.01
ENT-FPR-001,2025-12-20,pickles,277.7,147.34,16623.71,729.92,11,6550.65,3285.92,40915.9,23562.27
ENT-FPR-001,2025-12-21,pickles,289.2,146.36,17197.27,677.47,7,3902.97,3542.6,42327.59,24452.85
ENT-FPR-001,2025-12-22,pickles,262.33,142.32,15168.32,572.64,4,1085.47,3426.21,37333.74,21592.78
ENT-FPR-001,2025-12-23,pickles,277.06,148.56,16722.78,787.59,10,3739.63,3446.74,41159.73,23649.36
ENT-FPR-001,2025-12-24,pickles,294.82,137.47,16465.94,634.36,13,5732.72,4027.07,40527.57,23427.27
ENT-FPR-001,2025-12-25,pickles,276.28,144.03,16167.04,484.21,6,1278.6,3969.59,39791.88,23140.63
ENT-FPR-001,2025-12-26,pickles,246.61,145.02,14529.94,543.9,10,4621.38,3844.49,35762.5,20688.67
ENT-FPR-001,2025-12-27,pickles,287.67,143.31,16749.83,692.23,9,1565.87,3132.38,41226.32,23784.26
ENT-FPR-001,2025-12-28,pickles,274.61,134.5,15005.95,662.99,19,10697.49,4103.02,36934.11,21265.17
ENT-FPR-001,2025-12-29,pickles,272.06,144.41,15962.02,556.72,14,3493.59,4447.04,39287.28,22768.53
ENT-FPR-001,2025-12-30,pickles,242.78,136.1,13424.96,571.38,4,2252.25,4234.56,33042.82,19046.48
ENT-FPR-001,2025-12-31,pickles,248.08,147.59,14875.86,423.63,16,4270.29,4025.64,36613.92,21314.43
ENT-FPR-001,2026-01-01,pickles,267.98,150.03,16335.02,890.54,10,2981.72,4268.94,40205.33,22979.78
ENT-FPR-001,2026-01-02,pickles,257.82,146.21,15315.18,668.94,18,4825.0,4298.03,37695.22,21711.09
ENT-FPR-001,2026-01-03,pickles,259.0,139.24,14651.98,694.69,12,5624.58,4877.85,36062.89,20716.21
ENT-FPR-001,2026-01-04,pickles,236.36,149.3,14337.43,824.02,7,3140.84,3798.33,35288.68,20127.23
ENT-FPR-001,2026-01-05,pickles,281.28,146.48,16740.18,742.53,11,5739.69,4119.2,41202.57,23719.86
ENT-FPR-001,2026-01-06,pickles,307.02,140.89,17574.61,639.72,10,1826.11,4058.32,43256.33,25042.0
ENT-FPR-001,2026-01-07,pickles,312.31,154.56,19611.42,685.94,11,1101.17,3605.59,48269.54,27972.18
ENT-FPR-001,2026-01-08,pickles,304.6,134.4,16633.07,713.45,7,1635.66,3413.29,40938.93,23592.41
ENT-FPR-001,2026-01-09,pickles,273.93,143.1,15926.44,619.78,9,2980.51,3149.79,39199.69,22653.48
ENT-FPR-001,2026-01-10,pickles,308.13,151.99,19027.69,544.64,11,2330.86,2679.26,46832.8,27260.46
ENT-FPR-001,2026-01-11,pickles,259.92,147.6,15586.93,720.19,14,4567.56,2883.08,38364.07,22056.95
ENT-FPR-001,2026-01-12,pickles,290.35,151.62,17886.09,702.37,8,4521.99,2709.12,44022.99,25434.53
ENT-FPR-001,2026-01-13,pickles,304.22,138.74,17148.3,688.55,16,7225.88,3480.52,42207.06,24370.21
ENT-FPR-001,2026-01-14,pickles,289.05,148.5,17439.69,874.65,21,3424.15,3812.37,42924.27,24609.92
ENT-FPR-001,2026-01-15,pickles,285.83,149.24,17331.3,629.8,14,4771.18,4260.3,42657.47,24696.38
ENT-FPR-001,2026-01-16,pickles,295.92,141.68,17034.59,584.84,5,1256.37,4014.0,41927.18,24307.76
ENT-FPR-001,2026-01-17,pickles,305.38,140.41,17420.51,595.8,14,3815.6,4226.1,42877.05,24860.75
ENT-FPR-001,2026-01-18,pickles,275.67,137.3,15377.36,520.6,15,4976.28,4284.49,37848.25,21950.29
ENT-FPR-001,2026-01-19,pickles,304.82,135.15,16738.18,486.47,14,6616.97,4583.77,41197.63,23972.98
ENT-FPR-001,2026-01-20,pickles,267.37,134.34,14593.83,663.18,3,575.94,3633.78,35919.75,20662.74
ENT-FPR-001,2026-01-21,pickles,300.4,148.18,18085.48,831.38,16,4276.45,3755.54,44513.73,25596.88
ENT-FPR-001,2026-01-22,pickles,272.16,149.56,16538.23,580.61,10,2011.28,3361.27,40705.49,23586.65
ENT-FPR-001,2026-01-23,pickles,268.37,145.11,15822.59,602.52,13,5296.7,3938.46,38944.1,22518.99
ENT-FPR-001,2026-01-24,pickles,293.2,150.21,17894.18,727.14,10,1739.03,3641.81,44042.91,25421.58
ENT-FPR-001,2026-01-25,pickles,302.35,138.54,17018.91,646.65,15,5465.51,3711.7,41888.6,24223.03
ENT-FPR-001,2026-01-26,pickles,292.04,143.52,17029.23,681.29,4,478.85,2834.82,41913.98,24203.47
ENT-FPR-001,2026-01-27,pickles,287.99,142.77,16704.83,771.66,11,2664.67,3133.21,41115.55,23639.06
ENT-FPR-001,2026-01-28,pickles,226.84,138.13,12730.49,834.92,13,4012.09,3095.45,31333.51,17768.1
ENT-FPR-002,2025-07-01,pickles,152.12,164.0,9033.18,1423.69,24,5074.79,5074.79,24947.96,14491.09
ENT-FPR-002,2025-07-02,pickles,153.4,162.18,9007.79,1316.15,20,7795.64,6435.22,24877.85,14553.91
ENT-FPR-002,2025-07-03,pickles,145.96,168.45,8902.38,1288.37,34,7462.66,6777.7,24586.72,14395.97
ENT-FPR-002,2025-07-04,pickles,127.22,168.96,7782.81,1296.33,19,10445.19,7694.57,21494.68,12415.54
ENT-FPR-002,2025-07-05,pickles,184.11,169.42,11293.97,1237.19,24,11855.93,8526.84,31191.85,18660.69
ENT-FPR-002,2025-07-06,pickles,139.01,163.4,8224.1,1147.41,27,10156.85,8798.51,22713.44,13341.93
ENT-FPR-002,2025-07-07,pickles,169.49,159.43,9783.77,1132.34,34,6413.02,8457.73,27020.95,16104.84
ENT-FPR-002,2025-07-08,pickles,160.03,168.91,9787.46,1219.99,31,10537.9,9238.17,27031.14,16023.7
ENT-FPR-002,2025-07-09,pickles,146.95,165.06,8782.49,1296.16,28,6399.29,9038.69,24255.6,14176.95
ENT-FPR-002,2025-07-10,pickles,105.35,172.08,6564.01,1145.98,30,7331.68,9019.98,18128.58,10418.59
ENT-FPR-002,2025-07-11,pickles,148.37,161.83,8693.91,1307.26,32,5143.05,8262.53,24010.96,14009.79
ENT-FPR-002,2025-07-12,pickles,159.26,167.98,9686.32,1277.13,24,5640.61,7374.63,26751.83,15788.37
ENT-FPR-002,2025-07-13,pickles,128.92,164.01,7655.71,1065.76,25,9182.4,7235.42,21143.64,12422.18
ENT-FPR-002,2025-07-14,pickles,118.6,169.35,7272.21,1276.41,24,3504.36,6819.9,20084.51,11535.88
ENT-FPR-002,2025-07-15,pickles,134.11,162.67,7899.49,1255.62,26,14480.44,7383.12,21816.91,12661.81
ENT-FPR-002,2025-07-16,pickles,151.06,166.53,9108.37,1307.39,31,5585.27,7266.83,25155.63,14739.87
ENT-FPR-002,2025-07-17,pickles,133.01,167.35,8059.73,1381.45,27,3102.15,6662.61,22259.48,12818.3
ENT-FPR-002,2025-07-18,pickles,155.28,163.48,9191.28,1316.55,23,6928.28,6917.64,25384.61,14876.78
ENT-FPR-002,2025-07-19,pickles,114.76,164.66,6842.25,1123.25,22,12937.51,7960.06,18897.02,10931.52
ENT-FPR-002,2025-07-20,pickles,164.97,158.6,9473.54,1280.18,24,7894.24,7776.04,26164.15,15410.44
ENT-FPR-002,2025-07-21,pickles,110.75,176.53,7079.01,1318.52,27,10407.68,8762.22,19550.91,11153.38
ENT-FPR-002,2025-07-22,pickles,114.63,164.53,6828.54,1167.59,30,3111.57,7138.1,18859.15,10863.02
ENT-FPR-002,2025-07-23,pickles,124.53,169.3,7634.13,1355.51,29,14008.81,8341.46,21084.05,12094.41
ENT-FPR-002,2025-07-24,pickles,123.22,169.77,7574.29,1095.14,26,4156.79,8492.13,20918.78,12249.36
ENT-FPR-002,2025-07-25,pickles,154.38,161.78,9043.54,1258.74,35,10948.71,9066.47,24976.59,14674.31
ENT-FPR-002,2025-07-26,pickles,150.61,176.09,9602.27,1072.62,12,5375.44,7986.18,26519.68,15844.79
ENT-FPR-002,2025-07-27,pickles,161.91,168.74,9892.65,1421.1,21,12338.86,8621.12,27321.67,16007.92
ENT-FPR-002,2025-07-28,pickles,109.49,168.87,6694.39,1236.46,27,6549.6,8069.97,18488.66,10557.81
ENT-FPR-002,2025-07-29,pickles,134.65,170.3,8302.51,1122.02,24,3601.47,8139.95,22930.0,13505.47
ENT-FPR-002,2025-07-30,pickles,150.69,167.46,9136.45,1234.26,27,10481.55,7636.06,25233.19,14862.48
ENT-FPR-002,2025-07-31,pickles,145.82,169.58,8953.97,1191.93,34,16232.29,9361.13,24729.22,14583.31
ENT-FPR-002,2025-08-01,pickles,173.9,172.64,10870.19,1441.25,27,10071.87,9235.87,30021.46,17710.02
ENT-FPR-002,2025-08-02,pickles,149.11,166.94,9012.71,1065.61,36,9214.06,9784.24,24891.44,14813.12
ENT-FPR-002,2025-08-03,pickles,163.17,171.36,10123.86,1252.62,28,4120.41,8610.18,27960.22,16583.74
ENT-FPR-002,2025-08-04,pickles,185.81,169.16,11380.94,1431.29,33,9998.81,9102.92,31432.05,18619.81
ENT-FPR-002,2025-08-05,pickles,144.42,178.87,9353.07,1315.26,23,6141.72,9465.82,25831.43,15163.11
ENT-FPR-002,2025-08-06,pickles,148.15,165.11,8856.6,1400.96,30,10054.74,9404.84,24460.28,14202.72
ENT-FPR-002,2025-08-07,pickles,163.9,174.79,10372.74,1322.01,24,5263.04,7837.81,28647.59,16952.84
ENT-FPR-002,2025-08-08,pickles,122.81,159.7,7101.22,1112.28,24,12502.08,8184.98,19612.25,11398.75
ENT-FPR-002,2025-08-09,pickles,139.74,174.26,8816.99,1180.55,25,12812.82,8699.09,24350.9,14353.36
ENT-FPR-002,2025-08-10,pickles,158.12,179.18,10258.69,1144.01,29,6805.72,9082.7,28332.61,16929.9
ENT-FPR-002,2025-08-11,pickles,160.89,164.0,9554.02,1251.37,34,3424.69,8143.54,26386.44,15581.05
ENT-FPR-002,2025-08-12,pickles,104.48,164.56,6225.47,1208.38,20,10144.46,8715.36,17193.6,9759.75
ENT-FPR-002,2025-08-13,pickles,152.67,168.27,9302.08,1238.1,25,5624.95,8082.54,25690.61,15150.43
ENT-FPR-002,2025-08-14,pickles,136.56,171.26,8468.23,1334.2,24,3751.36,7866.58,23387.68,13585.25
ENT-FPR-002,2025-08-15,pickles,123.33,171.43,7655.37,1221.41,20,5413.57,6853.94,21142.72,12265.94
ENT-FPR-002,2025-08-16,pickles,150.02,174.86,9498.24,1324.22,30,17658.75,7546.22,26232.37,15409.91
ENT-FPR-002,2025-08-17,pickles,122.63,168.64,7487.95,1153.12,20,3459.15,7068.13,20680.32,12039.26
ENT-FPR-002,2025-08-18,pickles,143.38,175.98,9135.73,1326.09,26,8955.88,7858.3,25231.19,14769.37
ENT-FPR-002,2025-08-19,pickles,132.06,169.27,8093.62,1220.98,26,14156.18,8431.41,22353.07,13038.48
ENT-FPR-002,2025-08-20,pickles,111.53,170.22,6873.94,1079.01,29,4940.12,8333.57,18984.54,11031.6
ENT-FPR-002,2025-08-21,pickles,128.89,169.55,7913.14,1282.96,21,8258.09,8977.39,21854.62,12658.52
ENT-FPR-002,2025-08-22,pickles,123.4,164.9,7367.89,1225.35,23,7783.61,9315.97,20348.74,11755.5
ENT-FPR-002,2025-08-23,pickles,140.64,172.2,8768.81,1271.02,26,5647.47,7600.07,24217.83,14178.0
ENT-FPR-002,2025-08-24,pickles,145.4,181.18,9538.16,1022.94,27,4182.63,7703.42,26342.62,15781.52
ENT-FPR-002,2025-08-25,pickles,123.73,168.19,7534.87,1235.63,35,17490.57,8922.67,20809.91,12039.41
ENT-FPR-002,2025-08-26,pickles,166.59,170.09,10259.48,1311.33,27,6517.98,7831.5,28334.77,16763.97
ENT-FPR-002,2025-08-27,pickles,150.61,161.86,8827.01,1126.18,28,13985.93,9123.75,24378.57,14425.38
ENT-FPR-002,2025-08-28,pickles,147.01,174.65,9296.75,1199.72,27,2964.2,8367.48,25675.89,15179.42
ENT-FPR-002,2025-08-29,pickles,150.03,164.14,8916.62,1193.49,33,6391.64,8168.63,24626.05,14515.94
ENT-FPR-002,2025-08-30,pickles,143.99,164.16,8558.46,1229.15,26,5193.07,8103.72,23636.89,13849.28
ENT-FPR-002,2025-08-31,pickles,146.49,163.67,8681.2,1214.29,26,8734.11,8753.93,23975.88,14080.38
ENT-FPR-002,2025-09-01,pickles,170.06,170.9,10523.17,1197.47,38,8382.18,7452.73,29063.05,17342.41
ENT-FPR-002,2025-09-02,pickles,178.78,181.83,11769.87,1295.27,35,13390.28,8434.48,32506.21,19441.07
ENT-FPR-002,2025-09-03,pickles,164.57,170.2,10141.44,1134.54,34,15956.46,8715.99,28008.78,16732.8
ENT-FPR-002,2025-09-04,pickles,186.36,169.01,11404.28,1241.73,31,6425.27,9210.43,31496.51,18850.5
ENT-FPR-002,2025-09-05,pickles,176.7,169.61,10851.42,1212.48,34,8166.99,9464.05,29969.62,17905.71
ENT-FPR-002,2025-09-06,pickles,170.36,170.51,10517.68,1215.95,38,6056.8,9587.44,29047.87,17314.25
ENT-FPR-002,2025-09-07,pickles,190.52,163.47,11276.63,1139.16,32,3906.73,8897.82,31143.95,18728.17
ENT-FPR-002,2025-09-08,pickles,161.51,167.62,9802.23,1251.88,36,18756.84,10379.91,27071.94,16017.83
ENT-FPR-002,2025-09-09,pickles,189.31,174.54,11963.85,1234.71,39,15266.14,10647.89,33041.93,19843.37
ENT-FPR-002,2025-09-10,pickles,186.13,174.72,11775.07,1200.92,41,13373.29,10278.87,32520.56,19544.57
ENT-FPR-002,2025-09-11,pickles,189.61,169.92,11665.72,1241.16,36,8554.64,10583.06,32218.57,19311.68
ENT-FPR-002,2025-09-12,pickles,182.82,176.37,11675.22,1248.38,31,6340.6,10322.15,32244.79,19321.19
ENT-FPR-002,2025-09-13,pickles,146.84,171.36,9110.88,1263.85,36,5721.77,10274.29,25162.55,14787.83
ENT-FPR-002,2025-09-14,pickles,194.53,176.32,12419.16,1317.23,35,15518.3,11933.08,34299.41,20563.02
ENT-FPR-002,2025-09-15,pickles,198.57,173.77,12493.34,1243.45,34,9767.11,10648.84,34504.29,20767.5
ENT-FPR-002,2025-09-16,pickles,165.98,159.93,9611.93,1387.67,40,8235.7,9644.49,26546.38,15546.78
ENT-FPR-002,2025-09-17,pickles,177.22,171.91,11030.75,1285.8,31,11164.06,9328.88,30464.89,18148.34
ENT-FPR-002,2025-09-18,pickles,163.02,158.68,9366.26,1450.55,32,17874.21,10660.25,25867.88,15051.06
ENT-FPR-002,2025-09-19,pickles,197.06,167.75,11969.42,1379.01,38,14578.58,11837.1,33057.33,19708.9
ENT-FPR-002,2025-09-20,pickles,171.26,172.81,10716.19,1278.09,35,8054.0,12170.28,29596.13,17601.85
ENT-FPR-002,2025-09-21,pickles,167.7,161.15,9785.3,1356.88,34,9783.94,11351.09,27025.18,15883.0
ENT-FPR-002,2025-09-22,pickles,206.17,165.22,12334.17,1370.95,40,22016.62,13101.02,34064.69,20359.57
ENT-FPR-002,2025-09-23,pickles,159.51,158.11,9131.87,1342.21,37,20522.66,14856.3,25220.53,14746.45
ENT-FPR-002,2025-09-24,pickles,179.29,167.07,10845.45,1131.99,35,7556.51,14340.93,29953.12,17975.68
ENT-FPR-002,2025-09-25,pickles,183.07,166.52,11037.54,1093.04,28,6180.93,12670.46,30483.65,18353.07
ENT-FPR-002,2025-09-26,pickles,169.28,175.05,10729.54,1250.2,39,6555.51,11524.31,29633.01,17653.26
ENT-FPR-002,2025-09-27,pickles,143.18,174.08,9024.65,1305.6,41,8620.41,11605.23,24924.42,14594.16
ENT-FPR-002,2025-09-28,pickles,160.49,169.03,9822.72,1399.59,39,14561.16,12287.68,27128.54,15906.23
ENT-FPR-002,2025-09-29,pickles,180.08,172.54,11249.97,1223.75,44,5059.12,9865.19,31070.34,18596.62
ENT-FPR-002,2025-09-30,pickles,189.59,161.37,11077.48,1183.3,29,13384.81,8845.49,30593.95,18333.17
ENT-FPR-002,2025-10-01,pickles,206.31,176.96,13218.98,1228.86,37,16427.19,10112.73,36508.37,22060.54
ENT-FPR-002,2025-10-02,pickles,213.01,164.83,12713.11,1369.37,38,4887.7,9927.99,35111.25,21028.77
ENT-FPR-002,2025-10-03,pickles,216.08,169.68,13275.78,1310.64,45,13028.51,10852.7,36665.25,22078.83
ENT-FPR-002,2025-10-04,pickles,213.37,166.23,12842.25,1256.89,36,5130.73,10354.18,35467.92,21368.78
ENT-FPR-002,2025-10-05,pickles,203.15,166.08,12215.89,1140.65,44,24425.58,11763.38,33738.03,20381.49
ENT-FPR-002,2025-10-06,pickles,204.94,177.54,13174.17,1079.44,38,9768.16,12436.1,36384.61,22131.0
ENT-FPR-002,2025-10-07,pickles,190.28,169.72,11693.15,1286.09,42,18102.78,13110.09,32294.32,19315.07
ENT-FPR-002,2025-10-08,pickles,206.2,174.93,13060.16,1391.81,48,11401.9,12392.2,36069.74,21617.77
ENT-FPR-002,2025-10-09,pickles,190.51,171.79,11849.62,1102.94,43,15301.18,13879.83,32726.45,19773.88
ENT-FPR-002,2025-10-10,pickles,221.96,171.18,13757.17,1233.12,47,18255.39,14626.53,37994.75,23004.46
ENT-FPR-002,2025-10-11,pickles,212.12,169.58,13024.63,1155.3,44,9688.58,15277.65,35971.62,21791.69
ENT-FPR-002,2025-10-12,pickles,199.17,166.41,12000.76,1031.53,54,26253.89,15538.84,33143.87,20111.59
ENT-FPR-002,2025-10-13,pickles,246.11,167.21,14900.75,1204.48,43,5605.3,14944.15,41153.11,25047.88
ENT-FPR-002,2025-10-14,pickles,245.68,165.72,14741.88,1253.48,49,26710.02,16173.75,40714.35,24718.99
ENT-FPR-002,2025-10-15,pickles,221.74,166.22,13345.78,1228.82,34,14344.22,16594.08,36858.57,22283.96
ENT-FPR-002,2025-10-16,pickles,179.33,171.82,11156.87,1256.06,44,20199.99,17293.91,30813.2,18400.27
ENT-FPR-002,2025-10-17,pickles,188.26,166.1,11322.07,1262.95,45,7683.77,15783.68,31269.45,18684.44
ENT-FPR-002,2025-10-18,pickles,194.15,162.92,11453.02,1113.03,40,17339.58,16876.68,31631.12,19065.07
ENT-FPR-002,2025-10-19,pickles,200.59,171.15,12430.99,1377.77,36,5949.19,13976.01,34332.1,20523.33
ENT-FPR-002,2025-10-20,pickles,224.84,165.8,13498.15,1457.63,49,11070.32,14756.73,37279.38,22323.61
ENT-FPR-002,2025-10-21,pickles,221.29,171.47,13738.84,1388.76,39,6955.1,11934.6,37944.14,22816.53
ENT-FPR-002,2025-10-22,pickles,214.94,173.18,13477.87,1300.65,43,21256.17,12922.02,37223.37,22444.85
ENT-FPR-002,2025-10-23,pickles,203.07,174.83,12855.17,1280.82,45,23973.03,13461.02,35503.59,21367.6
ENT-FPR-002,2025-10-24,pickles,207.87,165.35,12444.64,1192.76,50,26577.1,16160.07,34369.79,20732.39
ENT-FPR-002,2025-10-25,pickles,226.49,168.75,13838.39,1274.1,41,8730.26,14930.17,38219.08,23106.59
ENT-FPR-002,2025-10-26,pickles,195.86,178.01,12623.86,1068.57,38,9033.23,15370.75,34864.77,21172.33
ENT-FPR-002,2025-10-27,pickles,229.69,175.44,14590.19,1206.9,37,9988.69,15216.23,40295.39,24498.3
ENT-FPR-002,2025-10-28,pickles,170.49,158.23,9767.76,1238.26,43,8946.87,15500.76,26976.74,15970.72
ENT-FPR-002,2025-10-29,pickles,228.89,167.4,13874.1,1124.44,44,23836.57,15869.39,38317.68,23319.15
ENT-FPR-002,2025-10-30,pickles,191.4,161.38,11183.67,1270.61,37,16859.15,14853.12,30887.23,18432.95
ENT-FPR-002,2025-10-31,pickles,176.48,172.53,11024.65,1278.08,42,24687.4,14583.17,30448.05,18145.32
ENT-FPR-002,2025-11-01,pickles,190.06,174.49,12007.67,1201.92,34,14348.48,15385.77,33162.95,19953.36
ENT-FPR-002,2025-11-02,pickles,205.68,171.66,12783.57,1294.69,38,5393.44,14865.8,35305.85,21227.59
ENT-FPR-002,2025-11-03,pickles,185.58,164.58,11059.01,1555.26,34,5020.23,14156.02,30542.92,17928.66
ENT-FPR-002,2025-11-04,pickles,206.21,163.69,12222.41,1233.02,33,3438.3,13369.08,33756.02,20300.6
ENT-FPR-002,2025-11-05,pickles,189.42,171.58,11768.0,1305.08,33,8820.71,11223.96,32501.03,19427.95
ENT-FPR-002,2025-11-06,pickles,148.39,167.55,9002.26,1239.58,35,15546.94,11036.5,24862.58,14620.74
ENT-FPR-002,2025-11-07,pickles,162.01,166.05,9740.8,1231.47,27,10746.97,9045.01,26902.29,15930.02
ENT-FPR-002,2025-11-08,pickles,217.8,164.42,12965.98,1367.18,34,10059.94,8432.36,35809.62,21476.46
ENT-FPR-002,2025-11-09,pickles,162.98,179.12,10569.82,1376.39,38,19161.76,10399.27,29191.89,17245.68
ENT-FPR-002,2025-11-10,pickles,174.89,165.52,10481.79,1320.09,39,8411.32,10883.71,28948.77,17146.88
ENT-FPR-002,2025-11-11,pickles,176.68,171.53,10973.16,1473.67,46,9078.24,11689.41,30305.83,17859.0
ENT-FPR-002,2025-11-12,pickles,191.74,173.49,12044.99,1210.29,36,7922.56,11561.1,33266.03,20010.74
ENT-FPR-002,2025-11-13,pickles,168.83,172.3,10532.28,1254.77,35,16555.27,11705.15,29088.21,17301.16
ENT-FPR-002,2025-11-14,pickles,196.54,175.13,12463.19,1283.21,36,10203.05,11627.45,34421.03,20674.62
ENT-FPR-002,2025-11-15,pickles,168.24,167.07,10177.79,1352.91,31,18077.46,12772.81,28109.17,16578.47
ENT-FPR-002,2025-11-16,pickles,177.47,170.37,10948.08,1253.23,32,16744.59,12427.5,30236.56,18035.26
ENT-FPR-002,2025-11-17,pickles,217.93,167.14,13189.02,1451.14,41,11507.1,12869.75,36425.61,21785.46
ENT-FPR-002,2025-11-18,pickles,153.54,164.91,9167.77,1263.55,31,13716.08,13532.3,25319.68,14888.36
ENT-FPR-002,2025-11-19,pickles,176.35,169.43,10818.85,1419.03,31,7037.42,13405.85,29879.65,17641.78
ENT-FPR-002,2025-11-20,pickles,188.72,172.42,11781.81,1153.89,33,5094.77,11768.64,32539.16,19603.47
ENT-FPR-002,2025-11-21,pickles,155.76,171.51,9673.04,1221.42,34,6984.6,11308.86,26715.13,15820.68
ENT-FPR-002,2025-11-22,pickles,176.3,179.04,11428.56,1327.73,36,19734.49,11545.58,31563.55,18807.26
ENT-FPR-002,2025-11-23,pickles,148.85,169.82,9152.21,1284.63,36,12183.96,10894.06,25276.7,14839.86
ENT-FPR-002,2025-11-24,pickles,151.98,167.49,9216.7,1275.76,37,8024.33,10396.52,25454.83,14962.37
ENT-FPR-002,2025-11-25,pickles,173.73,169.16,10641.36,1201.06,31,13856.49,10416.58,29389.47,17547.05
ENT-FPR-002,2025-11-26,pickles,194.31,172.22,12116.82,1111.53,33,16554.23,11776.12,33464.4,20236.05
ENT-FPR-002,2025-11-27,pickles,173.35,171.64,10773.7,1565.85,34,13309.28,12949.63,29754.97,17415.42
ENT-FPR-002,2025-11-28,pickles,170.03,163.03,10036.98,1155.72,30,14499.43,14023.17,27720.27,16527.57
ENT-FPR-002,2025-11-29,pickles,161.14,176.99,10326.37,1219.18,41,16495.53,13560.46,28519.51,16973.96
ENT-FPR-002,2025-11-30,pickles,177.56,163.41,10506.11,1365.26,35,19060.15,14542.78,29015.94,17144.56
ENT-FPR-002,2025-12-01,pickles,158.52,169.85,9749.03,1071.76,41,9188.12,14709.03,26925.01,16104.22
ENT-FPR-002,2025-12-02,pickles,175.89,171.54,10924.51,1169.57,34,13919.32,14718.01,30171.46,18077.38
ENT-FPR-002,2025-12-03,pickles,193.36,173.85,12171.27,1279.05,40,19606.7,15154.08,33614.78,20164.46
ENT-FPR-002,2025-12-04,pickles,183.85,173.6,11556.24,1355.51,36,13677.28,15206.65,31916.19,19004.44
ENT-FPR-002,2025-12-05,pickles,169.73,175.21,10767.86,1368.61,37,11062.89,14715.71,29738.83,17602.36
ENT-FPR-002,2025-12-06,pickles,171.35,157.64,9780.2,1361.69,34,16137.7,14664.59,27011.09,15869.21
ENT-FPR-002,2025-12-07,pickles,195.42,168.19,11900.36,1185.64,34,14792.49,14054.93,32866.57,19780.58
ENT-FPR-002,2025-12-08,pickles,173.23,173.87,10905.99,1307.59,35,19198.65,15485.0,30120.33,17906.74
ENT-FPR-002,2025-12-09,pickles,206.22,158.97,11869.43,1356.08,29,16820.3,15899.43,32781.16,19555.65
ENT-FPR-002,2025-12-10,pickles,194.04,172.92,12148.75,1209.28,32,8661.44,14335.82,33552.59,20194.56
ENT-FPR-002,2025-12-11,pickles,184.03,168.77,11246.07,1176.22,34,14901.42,14510.7,31059.55,18637.26
ENT-FPR-002,2025-12-12,pickles,173.46,179.79,11292.08,1183.56,38,11531.57,14577.65,31186.64,18710.99
ENT-FPR-002,2025-12-13,pickles,167.94,170.34,10358.13,1150.97,34,14824.2,14390.01,28607.24,17098.14
ENT-FPR-002,2025-12-14,pickles,188.59,173.69,11860.48,1127.54,35,20658.3,15227.98,32756.45,19768.43
ENT-FPR-002,2025-12-15,pickles,184.22,174.4,11632.59,1242.3,42,9252.62,13807.12,32127.04,19252.16
ENT-FPR-002,2025-12-16,pickles,178.86,176.69,11442.73,1235.43,36,4130.17,11994.25,31602.69,18924.53
ENT-FPR-002,2025-12-17,pickles,179.19,171.65,11136.81,1451.03,38,12050.71,12478.43,30757.81,18169.96
ENT-FPR-002,2025-12-18,pickles,179.02,170.0,11019.45,1433.81,37,17820.2,12895.4,30433.67,17980.41
ENT-FPR-002,2025-12-19,pickles,197.77,174.58,12501.27,1291.16,32,18711.88,13921.15,34526.19,20733.77
ENT-FPR-002,2025-12-20,pickles,192.34,171.77,11962.59,1120.13,36,8626.45,13035.76,33038.44,19955.73
ENT-FPR-002,2025-12-21,pickles,149.2,165.11,8919.31,1208.0,38,18499.43,12727.35,24633.49,14506.17
ENT-FPR-002,2025-12-22,pickles,157.14,169.87,9665.04,1391.82,35,14472.11,13472.99,26693.05,15636.19
ENT-FPR-002,2025-12-23,pickles,151.65,176.51,9692.07,1228.84,41,13133.32,14759.16,26767.71,15846.8
ENT-FPR-002,2025-12-24,pickles,176.37,172.38,11008.57,1450.57,33,15279.35,15220.39,30403.64,17944.49
ENT-FPR-002,2025-12-25,pickles,177.93,172.69,11125.94,1268.56,37,18475.34,15313.98,30727.78,18333.28
ENT-FPR-002,2025-12-26,pickles,163.22,171.67,10145.43,1158.43,37,4582.36,13295.48,28019.8,16715.94
ENT-FPR-002,2025-12-27,pickles,162.62,164.89,9709.0,1265.02,30,8959.18,13343.01,26814.47,15840.44
ENT-FPR-002,2025-12-28,pickles,172.97,170.96,10707.41,1278.34,38,8210.15,11873.12,29571.89,17586.13
ENT-FPR-002,2025-12-29,pickles,201.69,170.14,12424.65,1242.25,35,9532.97,11167.52,34314.59,20647.69
ENT-FPR-002,2025-12-30,pickles,204.41,175.35,12977.76,1268.51,38,19941.36,12140.1,35842.16,21595.9
ENT-FPR-002,2025-12-31,pickles,191.77,173.39,12039.39,1253.22,37,5783.47,10783.55,33250.56,19957.95
ENT-FPR-002,2026-01-01,pickles,185.69,177.4,11927.77,1229.87,35,12175.59,9883.58,32942.28,19784.64
ENT-FPR-002,2026-01-02,pickles,175.44,173.54,11024.07,1263.44,37,16055.71,11522.63,30446.43,18158.93
ENT-FPR-002,2026-01-03,pickles,172.09,173.04,10782.03,1449.71,32,8368.36,11438.23,29777.97,17546.23
ENT-FPR-002,2026-01-04,pickles,154.27,175.12,9781.56,1299.58,33,7843.96,11385.92,27014.86,15933.72
ENT-FPR-002,2026-01-05,pickles,191.56,174.86,12128.22,1255.61,40,13407.96,11939.49,33495.91,20112.07
ENT-FPR-002,2026-01-06,pickles,178.15,175.84,11342.31,1293.39,28,5184.45,9831.36,31325.35,18689.65
ENT-FPR-002,2026-01-07,pickles,178.53,171.78,11104.49,1352.96,36,18371.43,11629.64,30668.56,18211.1
ENT-FPR-002,2026-01-08,pickles,187.46,177.95,12078.14,1239.56,45,13947.02,11882.7,33357.6,20039.9
ENT-FPR-002,2026-01-09,pickles,164.56,179.49,10695.01,1288.32,30,9568.97,10956.02,29537.65,17554.31
ENT-FPR-002,2026-01-10,pickles,191.81,168.87,11728.38,1288.5,34,5354.75,10525.51,32391.61,19374.73
ENT-FPR-002,2026-01-11,pickles,130.31,167.11,7884.9,1179.38,37,14289.87,11446.35,21776.62,12712.34
ENT-FPR-002,2026-01-12,pickles,175.28,165.79,10521.99,1219.01,30,12549.75,11323.75,29059.8,17318.79
ENT-FPR-002,2026-01-13,pickles,182.06,170.51,11240.08,1220.47,35,18565.82,13235.37,31043.01,18582.46
ENT-FPR-002,2026-01-14,pickles,192.41,168.1,11711.18,1325.88,28,3016.47,11041.81,32344.1,19307.05
ENT-FPR-002,2026-01-15,pickles,178.75,173.61,11236.68,1222.49,35,7418.39,10109.15,31033.62,18574.45
ENT-FPR-002,2026-01-16,pickles,170.97,169.79,10510.44,1096.28,40,11320.81,10359.41,29027.89,17421.16
ENT-FPR-002,2026-01-17,pickles,169.19,170.37,10436.65,1317.67,39,15003.92,11737.86,28824.09,17069.77
ENT-FPR-002,2026-01-18,pickles,158.41,170.48,9778.4,1385.32,47,7960.49,10833.66,27006.12,15842.4
ENT-FPR-002,2026-01-19,pickles,204.26,170.1,12580.2,1378.26,34,12482.41,10824.04,34744.18,20785.73
ENT-FPR-002,2026-01-20,pickles,184.49,178.7,11937.37,1086.77,35,18691.36,10841.98,32968.81,19944.67
ENT-FPR-002,2026-01-21,pickles,213.08,179.77,13869.69,1361.63,32,18422.4,13042.83,38305.52,23074.19
ENT-FPR-002,2026-01-22,pickles,186.45,181.3,12239.72,1110.13,39,17876.65,14536.86,33803.84,20454.0
ENT-FPR-002,2026-01-23,pickles,192.61,170.39,11883.44,1215.02,39,20399.64,15833.84,32819.85,19721.39
ENT-FPR-002,2026-01-24,pickles,175.44,171.2,10875.07,1335.37,38,15695.25,15932.6,30034.91,17824.47
ENT-FPR-002,2026-01-25,pickles,202.34,169.87,12445.49,1397.83,37,5395.82,15566.22,34372.12,20528.8
ENT-FPR-002,2026-01-26,pickles,190.58,178.08,12288.35,1147.82,39,14415.77,15842.41,33938.16,20501.98
ENT-FPR-002,2026-01-27,pickles,203.63,182.6,13463.75,1162.21,39,5420.84,13946.62,37184.37,22558.41
ENT-FPR-002,2026-01-28,pickles,176.55,164.63,10524.27,1122.36,37,12810.72,13144.95,29066.07,17419.45
ENT-FPR-003,2025-07-01,masala_powder,188.86,162.72,13496.83,1369.12,12,6273.07,6273.07,30731.43,15865.49
ENT-FPR-003,2025-07-02,masala_powder,201.95,172.23,15275.98,1583.67,23,2739.07,4506.07,34782.45,17922.79
ENT-FPR-003,2025-07-03,masala_powder,173.47,173.41,13211.32,1425.56,12,4951.2,4654.45,30081.34,15444.46
ENT-FPR-003,2025-07-04,masala_powder,174.59,169.16,12970.56,1685.62,11,3081.96,4261.33,29533.16,14876.98
ENT-FPR-003,2025-07-05,masala_powder,181.13,172.63,13732.93,1426.09,6,691.9,3547.44,31269.03,16110.01
ENT-FPR-003,2025-07-06,masala_powder,154.95,174.06,11844.81,1493.41,5,1436.32,3195.59,26969.89,13631.67
ENT-FPR-003,2025-07-07,masala_powder,177.66,165.93,12947.23,1422.19,8,2212.08,3055.09,29480.04,15110.61
ENT-FPR-003,2025-07-08,masala_powder,182.72,174.81,14028.56,1441.56,9,3297.16,2629.96,31942.16,16472.04
ENT-FPR-003,2025-07-09,masala_powder,176.33,172.92,13390.78,1611.12,4,789.14,2351.4,30489.98,15488.07
ENT-FPR-003,2025-07-10,masala_powder,226.02,162.61,16140.84,1444.99,13,1817.45,1903.72,36751.69,19165.86
ENT-FPR-003,2025-07-11,masala_powder,174.0,173.45,13254.49,1319.01,21,7174.68,2488.39,30179.64,15606.15
ENT-FPR-003,2025-07-12,masala_powder,187.87,170.54,14071.42,1386.7,9,3551.06,2896.84,32039.74,16581.62
ENT-FPR-003,2025-07-13,masala_powder,194.1,174.09,14840.09,1496.18,7,1482.44,2903.43,33789.96,17453.69
ENT-FPR-003,2025-07-14,masala_powder,177.07,167.87,13055.2,1403.17,14,8061.4,3739.05,29725.87,15267.5
ENT-FPR-003,2025-07-15,masala_powder,173.16,173.0,13156.18,1529.28,7,2834.59,3672.96,29955.8,15270.34
ENT-FPR-003,2025-07-16,masala_powder,187.77,164.02,13525.93,1476.26,11,2786.41,3958.29,30797.7,15795.51
ENT-FPR-003,2025-07-17,masala_powder,203.04,160.75,14334.25,1494.89,9,4645.79,4362.34,32638.2,16809.06
ENT-FPR-003,2025-07-18,masala_powder,185.58,166.37,13560.0,1536.6,18,4802.54,4023.46,30875.27,15778.67
ENT-FPR-003,2025-07-19,masala_powder,164.99,166.1,12035.3,1411.29,12,1729.24,3763.2,27403.63,13957.04
ENT-FPR-003,2025-07-20,masala_powder,187.74,174.02,14348.1,1497.8,12,2241.06,3871.57,32669.72,16823.83
ENT-FPR-003,2025-07-21,masala_powder,183.49,173.26,13962.02,1443.13,0,0.0,2719.95,31790.64,16385.5
ENT-FPR-003,2025-07-22,masala_powder,175.47,169.61,13070.75,1615.72,11,6340.02,3220.72,29761.28,15074.81
ENT-FPR-003,2025-07-23,masala_powder,177.27,161.42,12567.37,1441.38,16,2297.1,3150.82,28615.12,14606.37
ENT-FPR-003,2025-07-24,masala_powder,193.38,172.63,14661.83,1135.74,8,3584.32,2999.18,33384.07,17586.5
ENT-FPR-003,2025-07-25,masala_powder,156.9,165.67,11416.42,1562.81,4,413.45,2372.17,25994.49,13015.25
ENT-FPR-003,2025-07-26,masala_powder,170.43,174.24,13041.62,1317.62,7,2107.68,2426.23,29694.94,15335.71
ENT-FPR-003,2025-07-27,masala_powder,209.44,165.74,15245.96,1624.85,7,2156.29,2414.12,34714.1,17843.29
ENT-FPR-003,2025-07-28,masala_powder,207.75,163.3,14899.91,1332.68,14,5172.4,3153.04,33926.15,17693.57
ENT-FPR-003,2025-07-29,masala_powder,170.49,166.23,12447.05,1444.63,5,2957.88,2669.87,28341.16,14449.48
ENT-FPR-003,2025-07-30,masala_powder,188.06,175.27,14476.75,1465.93,7,1972.98,2623.57,32962.65,17019.97
ENT-FPR-003,2025-07-31,masala_powder,197.58,159.01,13797.73,1449.22,15,3784.06,2652.11,31416.56,16169.62
ENT-FPR-003,2025-08-01,masala_powder,184.39,169.77,13748.37,1375.57,0,0.0,2593.04,31304.17,16180.23
ENT-FPR-003,2025-08-02,masala_powder,197.96,168.43,14643.58,1524.87,14,5874.16,3131.11,33342.52,17174.07
ENT-FPR-003,2025-08-03,masala_powder,182.79,167.05,13410.25,1489.39,16,8206.54,3995.43,30534.31,15634.66
ENT-FPR-003,2025-08-04,masala_powder,206.23,171.36,15520.41,1449.09,14,3667.84,3780.49,35338.99,18369.5
ENT-FPR-003,2025-08-05,masala_powder,152.9,167.46,11245.35,1330.99,13,5732.97,4176.94,25604.97,13028.63
ENT-FPR-003,2025-08-06,masala_powder,161.47,174.36,12364.66,1403.89,7,2869.87,4305.06,28153.55,14385.0
ENT-FPR-003,2025-08-07,masala_powder,208.07,178.56,16317.33,1391.19,2,623.07,3853.49,37153.55,19445.03
ENT-FPR-003,2025-08-08,masala_powder,198.01,160.74,13978.76,1449.81,15,7101.75,4868.03,31828.77,16400.19
ENT-FPR-003,2025-08-09,masala_powder,183.24,156.58,12600.47,1412.8,0,0.0,4028.86,28690.49,14677.21
ENT-FPR-003,2025-08-10,masala_powder,204.0,169.99,15230.52,1538.15,5,2519.32,3216.4,34678.95,17910.28
ENT-FPR-003,2025-08-11,masala_powder,176.63,175.61,13622.42,1572.96,13,7011.32,3694.04,31017.4,15822.02
ENT-FPR-003,2025-08-12,masala_powder,166.49,163.54,11958.05,1629.79,13,7055.63,3882.99,27227.74,13639.9
ENT-FPR-003,2025-08-13,masala_powder,160.67,171.5,12101.62,1513.36,15,4087.55,4056.95,27554.64,13939.66
ENT-FPR-003,2025-08-14,masala_powder,177.85,163.52,12772.1,1436.94,4,753.88,4075.64,29081.28,14872.24
ENT-FPR-003,2025-08-15,masala_powder,150.99,173.11,11479.65,1459.69,20,7620.41,4149.73,26138.43,13199.1
ENT-FPR-003,2025-08-16,masala_powder,170.29,170.79,12773.31,1453.92,9,1541.01,4369.88,29084.02,14856.79
ENT-FPR-003,2025-08-17,masala_powder,168.89,159.65,11841.77,1472.17,5,2144.19,4316.29,26962.98,13649.03
ENT-FPR-003,2025-08-18,masala_powder,167.46,169.63,12475.72,1585.42,5,2900.88,3729.08,28406.43,14345.29
ENT-FPR-003,2025-08-19,masala_powder,188.64,173.59,14381.71,1500.72,15,6878.96,3703.84,32746.24,16863.82
ENT-FPR-003,2025-08-20,masala_powder,144.23,166.07,10519.51,1551.66,16,1834.13,3381.92,23952.27,11881.1
ENT-FPR-003,2025-08-21,masala_powder,181.88,179.01,14298.58,1535.69,8,2447.76,3623.91,32556.98,16722.7
ENT-FPR-003,2025-08-22,masala_powder,173.2,171.83,13070.77,1385.99,16,2202.9,2849.98,29761.32,15304.56
ENT-FPR-003,2025-08-23,masala_powder,158.31,167.81,11667.44,1547.82,7,1972.92,2911.68,26566.04,13350.78
ENT-FPR-003,2025-08-24,masala_powder,202.31,159.2,14145.89,1392.09,10,5698.48,3419.43,32209.32,16671.33
ENT-FPR-003,2025-08-25,masala_powder,181.95,174.34,13931.6,1316.6,11,3812.06,3549.6,31721.39,16473.19
ENT-FPR-003,2025-08-26,masala_powder,151.17,171.12,11361.08,1566.42,9,4794.45,3251.82,25868.47,12940.97
ENT-FPR-003,2025-08-27,masala_powder,195.05,167.09,14313.41,1466.46,8,4373.09,3614.52,32590.73,16810.86
ENT-FPR-003,2025-08-28,masala_powder,190.78,163.42,13692.01,1607.26,10,3200.71,3722.09,31175.85,15876.58
ENT-FPR-003,2025-08-29,masala_powder,149.19,175.3,11486.0,1338.03,5,2776.66,3804.05,26152.89,13328.87
ENT-FPR-003,2025-08-30,masala_powder,189.61,176.49,14697.23,1499.62,8,4604.94,4180.06,33464.66,17267.82
ENT-FPR-003,2025-08-31,masala_powder,186.41,168.55,13798.49,1624.81,12,7032.51,4370.63,31418.3,15995.0
ENT-FPR-003,2025-09-01,masala_powder,196.04,174.96,15064.28,1472.17,11,2136.42,4131.25,34300.42,17763.97
ENT-FPR-003,2025-09-02,masala_powder,233.21,171.23,17537.69,1295.12,12,5316.09,4205.77,39932.21,21099.41
ENT-FPR-003,2025-09-03,masala_powder,192.91,168.69,14292.23,1336.69,15,6699.9,4538.18,32542.52,16913.59
ENT-FPR-003,2025-09-04,masala_powder,247.33,163.8,17792.51,1431.25,16,5879.92,4920.92,40512.43,21288.67
ENT-FPR-003,2025-09-05,masala_powder,248.1,158.16,17233.3,1523.13,7,841.53,4644.47,39239.14,20482.72
ENT-FPR-003,2025-09-06,masala_powder,219.06,168.46,16206.78,1445.65,13,5022.33,4704.1,36901.82,19249.39
ENT-FPR-003,2025-09-07,masala_powder,226.45,173.99,17304.38,1361.25,20,11540.94,5348.16,39400.99,20735.36
ENT-FPR-003,2025-09-08,masala_powder,205.03,164.07,14774.23,1621.74,17,7164.75,6066.49,33639.99,17244.03
ENT-FPR-003,2025-09-09,masala_powder,245.14,163.72,17626.51,1476.5,6,877.43,5432.4,40134.47,21031.46
ENT-FPR-003,2025-09-10,masala_powder,208.97,178.94,16422.75,1443.09,12,6139.5,5352.34,37393.59,19527.74
ENT-FPR-003,2025-09-11,masala_powder,196.04,161.84,13934.36,1609.45,17,5948.85,5362.19,31727.67,16183.86
ENT-FPR-003,2025-09-12,masala_powder,238.86,172.4,18084.76,1368.59,8,1262.24,5422.29,41177.86,21724.52
ENT-FPR-003,2025-09-13,masala_powder,235.54,160.65,16618.11,1576.7,11,5239.63,5453.33,37838.4,19643.59
ENT-FPR-003,2025-09-14,masala_powder,231.47,174.78,17768.31,1454.2,10,2912.91,4220.76,40457.33,21234.83
ENT-FPR-003,2025-09-15,masala_powder,214.76,168.35,15879.13,1458.33,11,1847.93,3461.21,36155.78,18818.32
ENT-FPR-003,2025-09-16,masala_powder,217.97,163.0,15603.48,1407.28,14,7878.38,4461.35,35528.14,18517.39
ENT-FPR-003,2025-09-17,masala_powder,234.86,173.21,17865.89,1511.78,17,3471.42,4080.19,40679.51,21301.85
ENT-FPR-003,2025-09-18,masala_powder,217.43,175.7,16777.99,1434.11,9,3244.47,3693.85,38202.44,19990.34
ENT-FPR-003,2025-09-19,masala_powder,214.52,166.14,15653.28,1495.26,13,4929.51,4217.75,35641.54,18493.0
ENT-FPR-003,2025-09-20,masala_powder,187.06,167.44,13755.99,1560.62,9,2369.88,3807.78,31321.52,16004.91
ENT-FPR-003,2025-09-21,masala_powder,200.02,166.45,14622.5,1662.26,13,2558.75,3757.19,33294.52,17009.76
ENT-FPR-003,2025-09-22,masala_powder,249.26,169.07,18508.15,1347.81,18,9094.18,4792.37,42141.91,22285.94
ENT-FPR-003,2025-09-23,masala_powder,266.36,169.34,19809.5,1449.41,8,2180.96,3978.45,45104.99,23846.08
ENT-FPR-003,2025-09-24,masala_powder,208.94,164.6,15104.37,1489.06,11,3595.54,3996.18,34391.71,17798.28
ENT-FPR-003,2025-09-25,masala_powder,225.0,180.18,17803.99,1358.63,11,3230.53,3994.19,40538.57,21375.95
ENT-FPR-003,2025-09-26,masala_powder,252.41,176.37,19550.75,1474.85,15,7069.84,4299.95,44515.85,23490.24
ENT-FPR-003,2025-09-27,masala_powder,223.6,173.75,17062.38,1525.52,13,5292.63,4717.49,38849.97,20262.07
ENT-FPR-003,2025-09-28,masala_powder,211.97,167.9,15630.9,1546.91,18,5788.03,5178.82,35590.58,18412.77
ENT-FPR-003,2025-09-29,masala_powder,244.82,172.04,18498.28,1390.39,11,1814.93,4138.92,42119.42,22230.76
ENT-FPR-003,2025-09-30,masala_powder,200.31,167.03,14694.24,1545.79,16,9223.32,5144.97,33457.87,17217.83
ENT-FPR-003,2025-10-01,masala_powder,262.62,164.5,18972.76,1632.43,15,7998.41,5773.96,43199.79,22594.6
ENT-FPR-003,2025-10-02,masala_powder,244.36,169.73,18214.98,1335.51,20,11565.89,6964.72,41474.37,21923.88
ENT-FPR-003,2025-10-03,masala_powder,266.92,163.97,19222.25,1321.43,19,7817.61,7071.55,43767.87,23224.19
ENT-FPR-003,2025-10-04,masala_powder,234.59,164.77,16976.74,1429.84,17,8869.8,7582.57,38654.98,20248.4
ENT-FPR-003,2025-10-05,masala_powder,281.46,179.05,22132.44,1596.1,22,7279.2,7795.59,50394.18,26665.64
ENT-FPR-003,2025-10-06,masala_powder,245.53,169.94,18325.46,1605.83,19,3065.05,7974.18,41725.93,21794.64
ENT-FPR-003,2025-10-07,masala_powder,257.87,161.82,18326.43,1415.53,16,5194.61,7398.65,41728.14,21986.18
ENT-FPR-003,2025-10-08,masala_powder,268.72,167.47,19764.69,1450.97,15,1598.47,6484.37,45002.97,23787.31
ENT-FPR-003,2025-10-09,masala_powder,242.53,164.79,17553.04,1581.83,17,9081.68,6129.49,39967.17,20832.31
ENT-FPR-003,2025-10-10,masala_powder,242.16,171.01,18187.9,1579.95,16,4868.69,5708.21,41412.71,21644.86
ENT-FPR-003,2025-10-11,masala_powder,267.15,172.17,20200.32,1347.23,23,11649.47,6105.31,45994.87,24447.32
ENT-FPR-003,2025-10-12,masala_powder,289.48,167.24,21262.21,1410.54,15,4504.63,5708.94,48412.73,25739.98
ENT-FPR-003,2025-10-13,masala_powder,246.28,170.47,18438.07,1392.12,16,8475.24,6481.83,41982.33,22152.14
ENT-FPR-003,2025-10-14,masala_powder,247.82,172.16,18737.65,1380.81,13,2629.65,6115.4,42664.47,22546.01
ENT-FPR-003,2025-10-15,masala_powder,234.13,187.26,19255.77,1534.47,9,3631.33,6405.81,43844.18,23053.94
ENT-FPR-003,2025-10-16,masala_powder,260.22,158.64,18130.77,1645.58,11,5993.0,5964.57,41282.63,21506.28
ENT-FPR-003,2025-10-17,masala_powder,267.76,173.41,20391.84,1545.42,16,2705.78,5655.58,46430.94,24493.68
ENT-FPR-003,2025-10-18,masala_powder,282.8,169.87,21098.26,1466.78,20,3001.67,4420.19,48039.41,25474.38
ENT-FPR-003,2025-10-19,masala_powder,280.18,168.88,20780.78,1522.49,17,5498.92,4562.23,47316.53,25013.27
ENT-FPR-003,2025-10-20,masala_powder,229.06,171.96,17298.56,1638.89,17,3932.9,3913.32,39387.73,20450.29
ENT-FPR-003,2025-10-21,masala_powder,252.85,163.42,18147.62,1532.35,10,4499.67,4180.47,41320.99,21641.03
ENT-FPR-003,2025-10-22,masala_powder,264.81,163.57,19022.68,1418.17,21,9531.15,5023.3,43313.44,22872.59
ENT-FPR-003,2025-10-23,masala_powder,259.61,173.14,19741.34,1455.62,14,5527.52,4956.8,44949.8,23752.84
ENT-FPR-003,2025-10-24,masala_powder,254.26,166.38,18579.61,1626.33,12,4375.13,5195.28,42304.6,22098.66
ENT-FPR-003,2025-10-25,masala_powder,262.8,171.59,19805.24,1372.5,16,2562.22,5132.5,45095.3,23917.56
ENT-FPR-003,2025-10-26,masala_powder,238.55,164.78,17264.05,1652.25,20,11554.52,5997.59,39309.16,20392.86
ENT-FPR-003,2025-10-27,masala_powder,209.98,170.98,15767.83,1347.64,15,3361.81,5916.0,35902.37,18786.9
ENT-FPR-003,2025-10-28,masala_powder,277.9,164.49,20076.33,1514.3,22,7869.27,6397.38,45712.54,24121.92
ENT-FPR-003,2025-10-29,masala_powder,261.46,176.14,20225.6,1580.79,19,9566.63,6402.44,46052.43,24246.04
ENT-FPR-003,2025-10-30,masala_powder,248.46,166.35,18152.23,1621.52,9,5200.89,6355.78,41331.49,21557.74
ENT-FPR-003,2025-10-31,masala_powder,247.54,171.46,18640.41,1267.19,16,8354.01,6924.19,42443.06,22535.45
ENT-FPR-003,2025-11-01,masala_powder,186.69,175.0,14348.42,1399.13,7,2907.89,6973.57,32670.47,16922.91
ENT-FPR-003,2025-11-02,masala_powder,227.49,179.63,17947.27,1579.69,10,5866.2,6160.96,40864.8,21337.84
ENT-FPR-003,2025-11-03,masala_powder,194.42,175.63,14996.02,1387.3,9,3170.06,6133.56,34144.99,17761.68
ENT-FPR-003,2025-11-04,masala_powder,212.35,164.5,15340.79,1510.55,13,4188.97,5607.81,34930.02,18078.67
ENT-FPR-003,2025-11-05,masala_powder,217.48,164.9,15750.05,1406.67,10,4307.43,4856.49,35861.89,18705.16
ENT-FPR-003,2025-11-06,masala_powder,211.04,168.26,15594.89,1380.55,11,2530.2,4474.96,35508.59,18533.15
ENT-FPR-003,2025-11-07,masala_powder,229.16,172.14,17325.45,1673.03,10,3609.73,3797.21,39448.98,20450.5
ENT-FPR-003,2025-11-08,masala_powder,236.28,184.2,19114.13,1572.48,13,7361.3,4433.41,43521.67,22835.06
ENT-FPR-003,2025-11-09,masala_powder,228.42,170.47,17101.15,1376.28,12,3121.19,4041.27,38938.25,20460.82
ENT-FPR-003,2025-11-10,masala_powder,233.92,167.28,17185.61,1525.38,18,4496.0,4230.69,39130.56,20419.57
ENT-FPR-003,2025-11-11,masala_powder,222.84,162.68,15920.87,1586.67,11,3848.26,4182.02,36250.83,18743.28
ENT-FPR-003,2025-11-12,masala_powder,233.21,173.07,17726.2,1415.75,9,3171.09,4019.68,40361.45,21219.5
ENT-FPR-003,2025-11-13,masala_powder,223.04,163.53,16018.59,1707.92,13,4401.38,4286.99,36473.33,18746.82
ENT-FPR-003,2025-11-14,masala_powder,226.26,176.75,17563.41,1483.65,15,8285.41,4954.95,39990.8,20943.73
ENT-FPR-003,2025-11-15,masala_powder,204.08,168.95,15142.65,1372.41,14,5262.94,4655.18,34478.88,17963.82
ENT-FPR-003,2025-11-16,masala_powder,193.32,170.74,14496.45,1522.77,8,1696.52,4451.66,33007.51,16988.3
ENT-FPR-003,2025-11-17,masala_powder,215.42,177.07,16752.59,1303.9,15,7536.09,4885.96,38144.6,20088.11
ENT-FPR-003,2025-11-18,masala_powder,219.53,172.67,16647.91,1607.97,15,4662.24,5002.24,37906.25,19650.37
ENT-FPR-003,2025-11-19,masala_powder,235.98,166.02,17206.11,1324.38,11,6245.56,5441.45,39177.24,20646.75
ENT-FPR-003,2025-11-20,masala_powder,219.89,176.18,17014.12,1539.92,16,2823.59,5216.05,38740.08,20186.05
ENT-FPR-003,2025-11-21,masala_powder,211.99,172.18,16029.9,1597.53,10,2215.79,4348.96,36499.07,18871.65
ENT-FPR-003,2025-11-22,masala_powder,225.27,176.46,17458.27,1739.14,13,7541.0,4674.4,39751.39,20553.98
ENT-FPR-003,2025-11-23,masala_powder,231.59,175.3,17830.04,1453.52,11,1325.98,4621.47,40597.89,21314.33
ENT-FPR-003,2025-11-24,masala_powder,236.85,169.82,17664.2,1649.19,22,7999.3,4687.64,40220.28,20906.89
ENT-FPR-003,2025-11-25,masala_powder,230.19,170.74,17261.78,1498.71,12,1643.12,4256.34,39304.0,20543.51
ENT-FPR-003,2025-11-26,masala_powder,264.53,177.25,20592.91,1552.67,14,6028.27,4225.29,46888.77,24743.19
ENT-FPR-003,2025-11-27,masala_powder,234.23,168.04,17286.27,1506.26,11,3340.59,4299.15,39359.76,20567.23
ENT-FPR-003,2025-11-28,masala_powder,200.05,171.15,15036.89,1541.43,12,2691.75,4367.14,34238.07,17659.74
ENT-FPR-003,2025-11-29,masala_powder,229.92,175.76,17748.15,1336.04,18,8102.99,4447.43,40411.43,21327.24
ENT-FPR-003,2025-11-30,masala_powder,213.44,180.01,16873.94,1477.52,9,2079.82,4555.12,38420.91,20069.45
ENT-FPR-003,2025-12-01,masala_powder,208.17,173.54,15865.67,1585.09,9,2131.2,3716.82,36125.14,18674.38
ENT-FPR-003,2025-12-02,masala_powder,208.34,175.26,16036.45,1315.85,15,8224.32,4656.99,36514.01,19161.7
ENT-FPR-003,2025-12-03,masala_powder,254.67,172.84,19332.21,1435.8,9,3479.56,4292.89,44018.23,23250.22
ENT-FPR-003,2025-12-04,masala_powder,243.58,172.08,18408.0,1483.49,13,3904.58,4373.46,41913.86,22022.38
ENT-FPR-003,2025-12-05,masala_powder,242.19,173.62,18467.5,1380.42,15,7858.43,5111.56,42049.35,22201.43
ENT-FPR-003,2025-12-06,masala_powder,212.98,174.89,16358.05,1517.12,16,4612.25,4612.88,37246.25,19371.08
ENT-FPR-003,2025-12-07,masala_powder,196.73,173.97,15031.49,1312.8,6,2696.64,4701.0,34225.76,17881.47
ENT-FPR-003,2025-12-08,masala_powder,220.4,164.56,15929.0,1432.28,17,6521.38,5328.17,36269.34,18908.06
ENT-FPR-003,2025-12-09,masala_powder,239.1,167.23,17560.73,1241.1,7,3512.53,4655.05,39984.67,21182.85
ENT-FPR-003,2025-12-10,masala_powder,214.94,172.45,16278.66,1425.9,10,5224.09,4904.27,37065.49,19360.93
ENT-FPR-003,2025-12-11,masala_powder,244.46,170.45,18299.75,1666.24,10,1222.44,4521.11,41667.38,21701.39
ENT-FPR-003,2025-12-12,masala_powder,195.78,171.43,14740.11,1467.37,9,3582.03,3910.2,33562.31,17354.83
ENT-FPR-003,2025-12-13,masala_powder,218.12,168.9,16179.65,1410.64,15,8818.98,4511.16,36840.04,19249.76
ENT-FPR-003,2025-12-14,masala_powder,244.78,174.49,18758.25,1413.75,18,5210.85,4870.33,42711.36,22539.36
ENT-FPR-003,2025-12-15,masala_powder,229.49,171.77,17312.38,1314.23,9,2244.21,4259.3,39419.2,20792.6
ENT-FPR-003,2025-12-16,masala_powder,239.41,172.21,18106.96,1796.11,7,3088.43,4198.72,41228.42,21325.35
ENT-FPR-003,2025-12-17,masala_powder,241.03,164.98,17464.26,1396.76,10,3052.3,3888.46,39765.03,20904.01
ENT-FPR-003,2025-12-18,masala_powder,210.1,171.86,15857.65,1575.98,4,1029.5,3860.9,36106.87,18673.24
ENT-FPR-003,2025-12-19,masala_powder,219.74,171.05,16507.24,1453.5,13,4229.04,3953.33,37585.96,19625.22
ENT-FPR-003,2025-12-20,masala_powder,243.2,157.87,16862.34,1519.32,18,7277.5,3733.12,38394.5,20012.84
ENT-FPR-003,2025-12-21,masala_powder,222.75,179.46,17556.37,1472.0,17,4940.71,3694.53,39974.77,20946.4
ENT-FPR-003,2025-12-22,masala_powder,194.68,164.38,14053.95,1434.44,15,2312.99,3704.35,31999.96,16511.58
ENT-FPR-003,2025-12-23,masala_powder,217.3,167.98,16031.07,1489.27,13,7357.45,4314.21,36501.74,18981.41
ENT-FPR-003,2025-12-24,masala_powder,226.17,168.81,16768.06,1513.62,15,7215.27,4908.92,38179.83,19898.14
ENT-FPR-003,2025-12-25,masala_powder,239.08,169.54,17801.86,1429.43,10,1671.68,5000.66,40533.73,21302.44
ENT-FPR-003,2025-12-26,masala_powder,221.19,171.31,16641.47,1548.57,14,8284.46,5580.01,37891.59,19701.55
ENT-FPR-003,2025-12-27,masala_powder,235.43,165.64,17126.89,1507.5,9,4485.97,5181.22,38996.87,20362.47
ENT-FPR-003,2025-12-28,masala_powder,230.2,170.83,17271.64,1579.54,10,1541.74,4695.65,39326.44,20475.26
ENT-FPR-003,2025-12-29,masala_powder,243.96,170.23,18238.59,1349.31,13,2573.24,4732.83,41528.12,21940.23
ENT-FPR-003,2025-12-30,masala_powder,182.78,166.03,13327.67,1331.71,19,10424.02,5170.91,30346.28,15686.89
ENT-FPR-003,2025-12-31,masala_powder,236.92,173.57,18060.83,1442.05,7,3684.6,4666.53,41123.38,21620.5
ENT-FPR-003,2026-01-01,masala_powder,220.97,172.21,16712.13,1523.16,15,3029.18,4860.46,38052.48,19817.18
ENT-FPR-003,2026-01-02,masala_powder,212.97,160.6,15020.88,1419.14,16,7171.47,4701.46,34201.6,17761.58
ENT-FPR-003,2026-01-03,masala_powder,243.84,166.37,17817.14,1387.03,14,7133.01,5079.61,40568.52,21364.34
ENT-FPR-003,2026-01-04,masala_powder,249.39,169.71,18588.19,1500.97,14,6102.24,5731.11,42324.14,22234.98
ENT-FPR-003,2026-01-05,masala_powder,231.81,175.39,17856.04,1473.56,20,11799.48,7049.14,40657.09,21327.49
ENT-FPR-003,2026-01-06,masala_powder,251.76,173.37,19169.07,1473.09,18,4366.86,6183.84,43646.77,23004.62
ENT-FPR-003,2026-01-07,masala_powder,220.95,160.95,15618.27,1499.73,11,1869.69,5924.56,35561.82,18443.82
ENT-FPR-003,2026-01-08,masala_powder,253.7,165.27,18414.81,1449.73,17,8205.47,6664.03,41929.38,22064.83
ENT-FPR-003,2026-01-09,masala_powder,196.01,171.71,14781.36,1447.46,2,650.75,5732.5,33656.24,17427.42
ENT-FPR-003,2026-01-10,masala_powder,228.94,173.11,17405.46,1403.51,9,3953.33,5278.26,39631.15,20822.18
ENT-FPR-003,2026-01-11,masala_powder,217.76,173.95,16636.25,1538.89,8,3540.33,4912.27,37879.7,19704.56
ENT-FPR-003,2026-01-12,masala_powder,245.67,168.31,18159.65,1601.9,14,7008.37,4227.83,41348.39,21586.84
ENT-FPR-003,2026-01-13,masala_powder,217.94,158.61,15182.04,1512.73,9,4116.41,4192.05,34568.56,17873.79
ENT-FPR-003,2026-01-14,masala_powder,177.44,181.66,14156.48,1565.05,12,4471.91,4563.8,32233.43,16511.9
ENT-FPR-003,2026-01-15,masala_powder,231.44,181.69,18467.86,1441.97,16,4044.67,3969.4,42050.16,22140.33
ENT-FPR-003,2026-01-16,masala_powder,229.21,167.47,16859.06,1446.06,11,1480.18,4087.89,38387.04,20081.91
ENT-FPR-003,2026-01-17,masala_powder,219.62,173.36,16720.95,1440.08,13,4062.4,4103.47,38072.55,19911.52
ENT-FPR-003,2026-01-18,masala_powder,237.92,174.98,18284.0,1431.71,10,2309.44,3927.63,41631.52,21915.82
ENT-FPR-003,2026-01-19,masala_powder,182.13,169.39,13549.88,1587.84,8,2700.45,3312.21,30852.22,15714.51
ENT-FPR-003,2026-01-20,masala_powder,202.89,173.93,15498.26,1589.19,17,7232.74,3757.4,35288.57,18201.12
ENT-FPR-003,2026-01-21,masala_powder,235.44,166.91,17259.53,1445.38,12,4419.79,3749.95,39298.87,20593.97
ENT-FPR-003,2026-01-22,masala_powder,227.57,170.98,17088.63,1381.33,13,5343.64,3935.52,38909.75,20439.78
ENT-FPR-003,2026-01-23,masala_powder,244.89,170.84,18374.34,1511.51,5,2410.84,4068.47,41837.22,21951.37
ENT-FPR-003,2026-01-24,masala_powder,212.18,184.94,17233.81,1322.41,14,7262.57,4525.64,39240.3,20684.08
ENT-FPR-003,2026-01-25,masala_powder,223.13,164.94,16163.57,1475.43,15,7576.68,5278.1,36803.44,19164.44
ENT-FPR-003,2026-01-26,masala_powder,254.47,170.82,19090.31,1630.5,12,2250.18,5213.78,43467.44,22746.64
ENT-FPR-003,2026-01-27,masala_powder,217.4,177.47,16944.91,1493.32,16,5771.71,5005.06,38582.49,20144.27
ENT-FPR-003,2026-01-28,masala_powder,217.65,168.62,16118.0,1586.63,16,5997.65,5230.47,36699.68,18995.05
ENT-FPR-004,2025-07-01,masala_powder,146.79,168.55,10448.54,1231.6,6,1117.21,1117.21,24742.23,13062.08
ENT-FPR-004,2025-07-02,masala_powder,193.11,166.36,13566.48,1116.42,9,1555.68,1336.44,32125.54,17442.63
ENT-FPR-004,2025-07-03,masala_powder,146.81,172.14,10672.11,1184.01,8,1052.12,1241.67,25271.63,13415.52
ENT-FPR-004,2025-07-04,masala_powder,144.27,171.19,10429.8,1204.69,9,4685.74,2102.69,24697.83,13063.35
ENT-FPR-004,2025-07-05,masala_powder,184.16,161.74,12578.74,1110.7,4,643.41,1810.83,29786.56,16097.11
ENT-FPR-004,2025-07-06,masala_powder,163.53,167.1,11539.05,1148.19,10,1308.56,1727.12,27324.55,14637.32
ENT-FPR-004,2025-07-07,masala_powder,176.4,167.59,12484.01,1149.52,12,6860.43,2460.45,29562.23,15928.7
ENT-FPR-004,2025-07-08,masala_powder,162.01,161.3,11035.4,1152.26,16,7731.47,3405.34,26131.9,13944.25
ENT-FPR-004,2025-07-09,masala_powder,168.04,173.42,12305.73,942.29,15,3872.94,3736.38,29140.06,15892.04
ENT-FPR-004,2025-07-10,masala_powder,165.62,170.36,11915.26,1147.32,0,0.0,3586.08,28215.43,15152.85
ENT-FPR-004,2025-07-11,masala_powder,168.63,169.92,12100.14,1214.3,7,1852.98,3181.4,28653.22,15338.78
ENT-FPR-004,2025-07-12,masala_powder,146.55,176.67,10933.31,1075.36,17,2091.66,3388.29,25890.17,13881.49
ENT-FPR-004,2025-07-13,masala_powder,166.87,167.16,11779.97,1176.5,10,5524.94,3990.63,27895.06,14938.59
ENT-FPR-004,2025-07-14,masala_powder,132.63,177.47,9939.95,1141.28,3,1637.71,3244.53,23537.88,12456.65
ENT-FPR-004,2025-07-15,masala_powder,175.91,170.17,12641.69,1097.46,11,3293.53,2610.54,29935.62,16196.47
ENT-FPR-004,2025-07-16,masala_powder,180.42,168.23,12817.75,1159.56,9,3668.29,2581.3,30352.52,16375.21
ENT-FPR-004,2025-07-17,masala_powder,143.26,168.99,10223.5,1122.23,10,3769.81,3119.84,24209.32,12863.59
ENT-FPR-004,2025-07-18,masala_powder,149.86,163.88,10371.31,1098.97,11,3625.12,3373.01,24559.35,13089.06
ENT-FPR-004,2025-07-19,masala_powder,140.13,175.57,10389.47,980.36,5,1914.38,3347.68,24602.35,13232.52
ENT-FPR-004,2025-07-20,masala_powder,178.58,170.05,12824.12,1043.62,10,2820.42,2961.32,30367.61,16499.87
ENT-FPR-004,2025-07-21,masala_powder,144.59,168.59,10294.11,1142.61,9,2945.12,3148.1,24376.53,12939.82
ENT-FPR-004,2025-07-22,masala_powder,148.93,166.87,10495.18,1223.32,9,2842.26,3083.63,24852.68,13134.17
ENT-FPR-004,2025-07-23,masala_powder,182.04,169.93,13063.2,1299.38,8,3036.27,2993.34,30933.77,16571.18
ENT-FPR-004,2025-07-24,masala_powder,163.02,173.25,11927.37,1354.02,14,6727.37,3415.85,28244.1,14962.71
ENT-FPR-004,2025-07-25,masala_powder,145.02,165.29,10122.68,1344.15,8,2244.83,3218.66,23970.58,12503.75
ENT-FPR-004,2025-07-26,masala_powder,165.43,169.94,11872.09,1098.47,9,1305.96,3131.75,28113.19,15142.63
ENT-FPR-004,2025-07-27,masala_powder,152.65,170.76,11007.8,1196.75,11,4079.96,3311.68,26066.55,13862.0
ENT-FPR-004,2025-07-28,masala_powder,164.2,168.21,11663.94,1313.42,13,3918.28,3450.7,27620.29,14642.93
ENT-FPR-004,2025-07-29,masala_powder,142.44,173.4,10430.42,1090.24,5,1780.57,3299.03,24699.31,13178.65
ENT-FPR-004,2025-07-30,masala_powder,163.06,173.03,11914.61,1388.52,8,3684.02,3391.57,28213.89,14910.76
ENT-FPR-004,2025-07-31,masala_powder,158.48,169.29,11329.61,1038.39,7,2004.97,2716.94,26828.59,14460.6
ENT-FPR-004,2025-08-01,masala_powder,186.15,171.99,13520.33,1173.48,10,3889.89,2951.95,32016.25,17322.43
ENT-FPR-004,2025-08-02,masala_powder,154.91,166.22,10873.94,1311.81,8,4552.39,3415.73,25749.56,13563.81
ENT-FPR-004,2025-08-03,masala_powder,132.76,167.92,9414.35,1155.07,5,1187.77,3002.56,22293.24,11723.83
ENT-FPR-004,2025-08-04,masala_powder,153.29,178.8,11574.07,1145.53,16,9535.04,3804.95,27407.5,14687.89
ENT-FPR-004,2025-08-05,masala_powder,175.78,167.23,12413.83,1339.32,4,960.0,3687.73,29396.03,15642.89
ENT-FPR-004,2025-08-06,masala_powder,118.52,171.23,8570.62,1283.87,6,1082.75,3316.12,20295.29,10440.8
ENT-FPR-004,2025-08-07,masala_powder,142.01,171.23,10268.5,1219.84,8,4566.39,3682.03,24315.88,12827.54
ENT-FPR-004,2025-08-08,masala_powder,182.73,167.0,12886.99,1217.98,9,4438.36,3760.38,30516.49,16411.52
ENT-FPR-004,2025-08-09,masala_powder,159.27,164.13,11039.46,1227.4,11,3144.91,3559.32,26141.53,13874.66
ENT-FPR-004,2025-08-10,masala_powder,145.29,175.66,10777.38,1280.24,0,0.0,3389.63,25520.92,13463.3
ENT-FPR-004,2025-08-11,masala_powder,127.99,174.31,9421.7,1272.46,10,5735.02,2846.78,22310.66,11616.49
ENT-FPR-004,2025-08-12,masala_powder,146.0,174.06,10731.46,1200.72,11,3643.07,3230.07,25412.18,13480.0
ENT-FPR-004,2025-08-13,masala_powder,150.98,166.5,10615.82,1296.04,10,5530.25,3865.43,25138.34,13226.48
ENT-FPR-004,2025-08-14,masala_powder,153.15,162.29,10495.58,1103.74,8,3645.51,3733.87,24853.61,13254.29
ENT-FPR-004,2025-08-15,masala_powder,168.59,177.85,12662.06,1216.77,5,1533.01,3318.82,29983.86,16105.03
ENT-FPR-004,2025-08-16,masala_powder,166.57,180.35,12686.08,1105.76,14,3353.2,3348.58,30040.73,16248.89
ENT-FPR-004,2025-08-17,masala_powder,177.87,177.08,13301.0,1300.13,12,5525.7,4137.97,31496.86,16895.73
ENT-FPR-004,2025-08-18,masala_powder,184.38,170.3,13260.34,1134.69,15,3099.13,3761.41,31400.57,17005.55
ENT-FPR-004,2025-08-19,masala_powder,168.88,169.46,12085.62,1152.52,12,5848.1,4076.41,28618.84,15380.7
ENT-FPR-004,2025-08-20,masala_powder,145.38,175.15,10753.03,1372.86,13,2686.68,3670.19,25463.26,13337.37
ENT-FPR-004,2025-08-21,masala_powder,176.25,166.26,12374.36,1174.64,17,8702.78,4392.66,29302.57,15753.57
ENT-FPR-004,2025-08-22,masala_powder,164.88,168.28,11716.93,1365.92,12,7074.08,5184.24,27745.79,14662.93
ENT-FPR-004,2025-08-23,masala_powder,154.6,165.41,10799.62,1121.31,7,3212.12,5164.08,25573.59,13652.66
ENT-FPR-004,2025-08-24,masala_powder,142.09,176.83,10609.87,1209.78,12,2261.26,4697.74,25124.26,13304.6
ENT-FPR-004,2025-08-25,masala_powder,138.12,180.39,10521.2,1401.66,4,995.83,4397.26,24914.28,12991.42
ENT-FPR-004,2025-08-26,masala_powder,160.96,169.79,11541.41,1355.03,13,7325.58,4608.33,27330.15,14433.71
ENT-FPR-004,2025-08-27,masala_powder,152.85,174.32,11251.77,1160.16,11,6385.07,5136.67,26644.27,14232.34
ENT-FPR-004,2025-08-28,masala_powder,121.93,167.76,8637.89,1207.34,8,4547.67,4543.09,20454.6,10609.36
ENT-FPR-004,2025-08-29,masala_powder,171.49,172.28,12475.95,1121.76,8,910.23,3662.54,29543.15,15945.44
ENT-FPR-004,2025-08-30,masala_powder,185.72,173.16,13580.58,1503.96,6,1988.1,3487.68,32158.92,17074.37
ENT-FPR-004,2025-08-31,masala_powder,142.43,175.39,10548.9,1159.61,7,3519.04,3667.36,24979.88,13271.36
ENT-FPR-004,2025-09-01,masala_powder,193.98,172.69,14146.07,1156.91,10,4169.23,4120.7,33497.99,18195.02
ENT-FPR-004,2025-09-02,masala_powder,174.79,163.3,12053.68,1091.67,20,4680.49,3742.83,28543.21,15397.86
ENT-FPR-004,2025-09-03,masala_powder,193.05,154.83,12622.78,1297.07,9,1720.08,3076.41,29890.83,15970.98
ENT-FPR-004,2025-09-04,masala_powder,220.83,160.59,14975.65,1021.39,21,2211.04,2742.6,35462.46,19465.42
ENT-FPR-004,2025-09-05,masala_powder,213.99,163.34,14760.85,1264.4,14,3760.82,3149.83,34953.79,18928.55
ENT-FPR-004,2025-09-06,masala_powder,242.28,166.49,17034.45,1078.68,18,7977.47,4005.46,40337.71,22224.58
ENT-FPR-004,2025-09-07,masala_powder,175.22,174.98,12947.24,1123.67,16,1950.61,3781.39,30659.15,16588.24
ENT-FPR-004,2025-09-08,masala_powder,224.99,174.31,16561.35,1200.05,14,5564.72,3980.75,39217.4,21456.0
ENT-FPR-004,2025-09-09,masala_powder,173.63,177.7,13029.33,1115.09,6,3340.37,3789.3,30853.55,16709.13
ENT-FPR-004,2025-09-10,masala_powder,209.13,169.79,14994.63,1262.98,12,5265.23,4295.75,35507.4,19249.78
ENT-FPR-004,2025-09-11,masala_powder,185.58,178.72,14006.54,1242.83,19,3025.92,4412.16,33167.6,17918.22
ENT-FPR-004,2025-09-12,masala_powder,198.05,172.1,14393.38,1187.84,13,5275.24,4628.51,34083.64,18502.42
ENT-FPR-004,2025-09-13,masala_powder,214.68,173.11,15693.74,1138.56,18,2644.16,3866.61,37162.9,20330.59
ENT-FPR-004,2025-09-14,masala_powder,176.18,162.75,12108.35,1135.07,10,3727.22,4120.41,28672.66,15429.24
ENT-FPR-004,2025-09-15,masala_powder,197.42,160.3,13363.96,1145.39,8,982.82,3465.85,31645.95,17136.61
ENT-FPR-004,2025-09-16,masala_powder,213.66,172.33,15549.14,944.27,12,1278.29,3171.27,36820.49,20327.07
ENT-FPR-004,2025-09-17,masala_powder,155.39,166.11,10900.18,1286.91,8,1094.75,2575.48,25811.7,13624.61
ENT-FPR-004,2025-09-18,masala_powder,187.75,172.76,13697.07,1218.66,3,1794.17,2399.52,32434.76,17519.03
ENT-FPR-004,2025-09-19,masala_powder,199.33,168.89,14216.52,1235.02,10,1969.23,1927.23,33664.83,18213.29
ENT-FPR-004,2025-09-20,masala_powder,204.14,178.6,15396.37,1379.35,12,1323.07,1738.51,36458.72,19683.0
ENT-FPR-004,2025-09-21,masala_powder,174.35,173.53,12776.25,1232.48,9,936.22,1339.79,30254.26,16245.52
ENT-FPR-004,2025-09-22,masala_powder,190.64,171.98,13845.52,890.67,12,3078.62,1639.19,32786.3,18050.11
ENT-FPR-004,2025-09-23,masala_powder,181.48,173.98,13333.81,1106.88,12,4692.68,2126.96,31574.57,17133.88
ENT-FPR-004,2025-09-24,masala_powder,195.41,165.87,13687.5,1193.86,9,1895.95,2241.42,32412.11,17530.75
ENT-FPR-004,2025-09-25,masala_powder,199.14,171.92,14457.24,1211.43,6,2529.45,2346.46,34234.86,18566.19
ENT-FPR-004,2025-09-26,masala_powder,216.01,170.13,15519.28,1186.19,18,10431.68,3555.38,36749.77,20044.3
ENT-FPR-004,2025-09-27,masala_powder,193.78,173.42,14191.39,1388.85,13,2058.21,3660.4,33605.31,18025.07
ENT-FPR-004,2025-09-28,masala_powder,173.48,174.53,12786.14,1172.58,11,6030.12,4388.1,30277.68,16318.96
ENT-FPR-004,2025-09-29,masala_powder,229.75,169.78,16472.8,1077.99,19,7244.44,4983.22,39007.71,21456.92
ENT-FPR-004,2025-09-30,masala_powder,197.76,170.33,14224.21,1122.29,11,2040.46,4604.33,33683.03,18336.54
ENT-FPR-004,2025-10-01,masala_powder,247.49,167.24,17478.91,1123.75,16,8345.31,5525.67,41390.2,22787.53
ENT-FPR-004,2025-10-02,masala_powder,236.4,168.58,16829.02,1334.8,14,4603.01,5821.89,39851.26,21687.43
ENT-FPR-004,2025-10-03,masala_powder,235.15,175.1,17388.25,1390.0,13,5816.87,5162.63,41175.5,22397.25
ENT-FPR-004,2025-10-04,masala_powder,227.89,170.22,16381.04,1241.75,6,1276.95,5051.02,38790.42,21167.63
ENT-FPR-004,2025-10-05,masala_powder,256.07,171.72,18569.12,1162.48,12,5082.21,4915.61,43971.82,24240.22
ENT-FPR-004,2025-10-06,masala_powder,237.7,170.03,17067.37,1282.73,11,1784.71,4135.65,40415.65,22065.55
ENT-FPR-004,2025-10-07,masala_powder,237.93,171.66,17247.46,1151.4,15,2298.12,4172.46,40842.12,22443.26
ENT-FPR-004,2025-10-08,masala_powder,204.04,174.05,14996.47,1118.54,17,7907.81,4109.95,35511.76,19396.75
ENT-FPR-004,2025-10-09,masala_powder,236.25,169.32,16891.97,1240.75,14,6235.12,4343.11,40000.31,21867.6
ENT-FPR-004,2025-10-10,masala_powder,208.35,170.85,15032.21,1181.53,7,3910.09,4070.72,35596.39,19382.65
ENT-FPR-004,2025-10-11,masala_powder,237.88,163.98,16472.5,1204.5,13,7664.08,4983.16,39006.99,21329.99
ENT-FPR-004,2025-10-12,masala_powder,259.24,180.74,19786.73,1120.07,14,4963.45,4966.2,46855.12,25948.32
ENT-FPR-004,2025-10-13,masala_powder,252.01,164.96,17555.11,1000.61,3,507.15,4783.69,41570.64,23014.92
ENT-FPR-004,2025-10-14,masala_powder,244.47,171.78,17734.54,1211.54,17,4203.64,5055.91,41995.52,23049.44
ENT-FPR-004,2025-10-15,masala_powder,259.19,165.56,18121.82,1340.31,20,2591.6,4296.45,42912.6,23450.47
ENT-FPR-004,2025-10-16,masala_powder,212.26,186.33,16701.96,1089.84,8,4498.22,4048.32,39550.38,21758.58
ENT-FPR-004,2025-10-17,masala_powder,250.56,169.95,17982.26,1428.18,13,5052.28,4211.49,42582.13,23171.69
ENT-FPR-004,2025-10-18,masala_powder,237.95,164.69,16548.77,1166.48,8,1310.32,3303.81,39187.61,21472.36
ENT-FPR-004,2025-10-19,masala_powder,253.7,171.29,18351.34,1168.47,12,6314.25,3496.78,43456.12,23936.31
ENT-FPR-004,2025-10-20,masala_powder,208.76,173.61,15305.68,1320.76,10,1516.18,3640.93,36243.98,19617.53
ENT-FPR-004,2025-10-21,masala_powder,242.5,181.9,18628.03,1187.99,9,2780.68,3437.65,44111.31,24295.29
ENT-FPR-004,2025-10-22,masala_powder,239.1,174.65,17633.9,1469.41,15,1930.81,3343.25,41757.21,22653.9
ENT-FPR-004,2025-10-23,masala_powder,215.91,165.34,15074.92,1077.93,16,4783.07,3383.94,35697.52,19544.67
ENT-FPR-004,2025-10-24,masala_powder,231.59,169.62,16588.83,1198.12,8,3407.05,3148.91,39282.46,21495.52
ENT-FPR-004,2025-10-25,masala_powder,274.99,175.98,20435.81,1287.72,5,685.07,3059.59,48392.15,26668.62
ENT-FPR-004,2025-10-26,masala_powder,231.37,170.87,16694.92,1305.33,12,6934.72,3148.22,39533.69,21533.44
ENT-FPR-004,2025-10-27,masala_powder,228.76,171.55,16572.4,1184.43,24,8894.55,4202.28,39243.58,21486.74
ENT-FPR-004,2025-10-28,masala_powder,216.71,168.57,15426.55,1205.09,15,8014.76,4950.0,36530.18,19898.54
ENT-FPR-004,2025-10-29,masala_powder,251.53,172.4,18312.98,1276.9,16,8678.38,5913.94,43365.26,23775.39
ENT-FPR-004,2025-10-30,masala_powder,220.44,178.55,16621.55,986.64,21,11308.64,6846.17,39359.95,21751.76
ENT-FPR-004,2025-10-31,masala_powder,219.86,177.01,16434.6,1255.5,17,8535.55,7578.81,38917.26,21227.16
ENT-FPR-004,2025-11-01,masala_powder,216.26,174.5,15936.28,1212.55,5,1251.26,7659.69,37737.24,20588.4
ENT-FPR-004,2025-11-02,masala_powder,202.85,170.99,14647.47,1209.36,14,6791.47,7639.23,34685.32,18828.49
ENT-FPR-004,2025-11-03,masala_powder,195.84,170.19,14075.17,1137.12,17,3121.84,6814.56,33330.11,18117.82
ENT-FPR-004,2025-11-04,masala_powder,201.23,168.05,14280.18,1007.7,14,2019.22,5958.05,33815.57,18527.69
ENT-FPR-004,2025-11-05,masala_powder,214.86,180.89,16413.36,1067.34,5,2347.11,5053.58,38866.97,21386.27
ENT-FPR-004,2025-11-06,masala_powder,202.58,170.65,14598.72,1159.7,11,3930.78,3999.6,34569.88,18811.46
ENT-FPR-004,2025-11-07,masala_powder,205.56,171.22,14863.55,1158.04,2,794.12,2893.68,35197.0,19175.41
ENT-FPR-004,2025-11-08,masala_powder,224.59,176.21,16711.64,1061.66,15,6932.66,3705.31,39573.29,21799.99
ENT-FPR-004,2025-11-09,masala_powder,208.7,165.08,14548.92,1092.8,11,2313.32,3065.58,34451.94,18810.22
ENT-FPR-004,2025-11-10,masala_powder,214.34,162.37,14697.32,1133.34,2,481.73,2688.42,34803.37,18972.71
ENT-FPR-004,2025-11-11,masala_powder,231.17,169.49,16545.3,1133.48,8,1743.4,2649.02,39179.38,21500.61
ENT-FPR-004,2025-11-12,masala_powder,229.23,168.41,16302.36,1330.4,13,1804.06,2571.44,38604.1,20971.34
ENT-FPR-004,2025-11-13,masala_powder,193.23,177.8,14508.82,1157.25,12,7080.83,3021.45,34356.99,18690.92
ENT-FPR-004,2025-11-14,masala_powder,212.12,165.71,14843.79,1062.94,15,6563.55,3845.65,35150.21,19243.49
ENT-FPR-004,2025-11-15,masala_powder,206.28,167.43,14585.32,1143.42,6,3571.09,3365.43,34538.15,18809.41
ENT-FPR-004,2025-11-16,masala_powder,239.78,168.39,17050.21,1146.95,14,8169.38,4202.01,40375.01,22177.86
ENT-FPR-004,2025-11-17,masala_powder,157.69,166.28,11072.8,1168.16,16,7425.07,5193.91,26220.48,13979.51
ENT-FPR-004,2025-11-18,masala_powder,190.05,178.45,14321.69,983.82,16,2611.79,5317.97,33913.86,18608.36
ENT-FPR-004,2025-11-19,masala_powder,191.71,173.39,14037.47,1177.01,11,2926.22,5478.27,33240.84,18026.35
ENT-FPR-004,2025-11-20,masala_powder,185.79,164.35,12894.39,997.68,12,2312.19,4797.04,30534.02,16641.95
ENT-FPR-004,2025-11-21,masala_powder,215.45,179.25,16308.82,1113.46,14,3514.61,4361.48,38619.4,21197.12
ENT-FPR-004,2025-11-22,masala_powder,226.14,179.77,17168.12,1382.39,12,2857.1,4259.48,40654.23,22103.72
ENT-FPR-004,2025-11-23,masala_powder,197.63,165.86,13842.04,1227.59,13,2096.51,3391.93,32778.06,17708.43
ENT-FPR-004,2025-11-24,masala_powder,232.29,174.85,17152.04,1169.46,17,3361.01,2811.35,40616.16,22294.66
ENT-FPR-004,2025-11-25,masala_powder,219.15,176.79,16361.05,1310.01,17,9232.11,3757.11,38743.08,21072.02
ENT-FPR-004,2025-11-26,masala_powder,199.52,167.37,14101.41,1056.14,14,4605.28,3996.97,33392.24,18234.69
ENT-FPR-004,2025-11-27,masala_powder,217.38,166.55,15289.31,1322.57,12,5585.22,4464.55,36205.2,19593.32
ENT-FPR-004,2025-11-28,masala_powder,188.02,171.61,13625.35,1296.56,20,2794.01,4361.61,32264.92,17343.02
ENT-FPR-004,2025-11-29,masala_powder,177.22,176.19,13185.68,1099.09,11,2250.13,4274.9,31223.79,16939.03
ENT-FPR-004,2025-11-30,masala_powder,197.85,165.68,13842.5,1274.87,20,7054.86,4983.23,32779.15,17661.78
ENT-FPR-004,2025-12-01,masala_powder,198.37,180.07,15084.76,1271.69,9,1405.93,4703.94,35720.83,19364.38
ENT-FPR-004,2025-12-02,masala_powder,222.46,170.37,16005.34,1318.53,9,4011.75,3958.17,37900.75,20576.89
ENT-FPR-004,2025-12-03,masala_powder,185.91,179.5,14092.65,1311.24,19,6296.59,4199.79,33371.51,17967.61
ENT-FPR-004,2025-12-04,masala_powder,170.54,175.83,12663.58,1126.21,13,1322.13,3590.77,29987.46,16197.67
ENT-FPR-004,2025-12-05,masala_powder,221.43,176.18,16475.1,1306.61,9,2506.99,3549.77,39013.17,21231.46
ENT-FPR-004,2025-12-06,masala_powder,174.41,174.95,12885.91,1412.79,13,3415.64,3716.27,30513.94,16215.23
ENT-FPR-004,2025-12-07,masala_powder,206.59,172.53,15051.49,1282.13,10,4412.09,3338.73,35642.04,19308.42
ENT-FPR-004,2025-12-08,masala_powder,217.57,173.97,15983.66,992.6,14,2764.07,3532.75,37849.42,20873.17
ENT-FPR-004,2025-12-09,masala_powder,191.22,170.51,13769.51,1022.57,9,4361.58,3582.73,32606.31,17814.22
ENT-FPR-004,2025-12-10,masala_powder,171.84,178.13,12926.02,1140.92,7,1275.67,2865.46,30608.92,16541.98
ENT-FPR-004,2025-12-11,masala_powder,198.77,176.1,14782.3,1092.04,16,5744.78,3497.26,35004.61,19130.27
ENT-FPR-004,2025-12-12,masala_powder,201.64,172.1,14654.84,1100.75,7,2909.09,3554.7,34702.78,18947.18
ENT-FPR-004,2025-12-13,masala_powder,201.7,175.38,14938.03,1084.24,16,8217.98,4240.75,35373.36,19351.09
ENT-FPR-004,2025-12-14,masala_powder,199.14,162.78,13688.88,1215.16,14,6252.58,4503.68,32415.36,17511.32
ENT-FPR-004,2025-12-15,masala_powder,214.27,179.64,16255.03,1287.82,9,1684.38,4349.44,38492.04,20949.19
ENT-FPR-004,2025-12-16,masala_powder,209.52,166.7,14749.45,1263.5,5,1055.15,3877.09,34926.82,18913.86
ENT-FPR-004,2025-12-17,masala_powder,208.48,176.64,15550.99,1260.34,13,1525.93,3912.84,36824.86,20013.53
ENT-FPR-004,2025-12-18,masala_powder,214.78,169.37,15362.29,1065.32,13,3829.08,3639.17,36378.01,19950.41
ENT-FPR-004,2025-12-19,masala_powder,226.59,170.73,16336.84,1246.96,5,999.76,3366.41,38685.76,21101.96
ENT-FPR-004,2025-12-20,masala_powder,196.03,173.11,14330.98,1106.68,13,6794.59,3163.07,33935.87,18498.21
ENT-FPR-004,2025-12-21,masala_powder,181.6,169.41,12991.47,1061.4,11,6390.5,3182.77,30763.9,16711.03
ENT-FPR-004,2025-12-22,masala_powder,225.08,171.6,16310.51,1219.38,7,3930.65,3503.67,38623.42,21093.53
ENT-FPR-004,2025-12-23,masala_powder,198.38,172.11,14418.37,1126.37,14,4498.31,3995.55,34142.81,18598.07
ENT-FPR-004,2025-12-24,masala_powder,220.58,183.99,17138.31,1457.68,9,5321.12,4537.72,40583.66,21987.67
ENT-FPR-004,2025-12-25,masala_powder,203.88,179.67,15468.69,1228.18,11,4440.86,4625.11,36629.97,19933.1
ENT-FPR-004,2025-12-26,masala_powder,205.59,178.26,15476.9,1102.26,6,1062.85,4634.13,36649.42,20070.26
ENT-FPR-004,2025-12-27,masala_powder,232.45,172.59,16942.07,1246.55,18,4983.65,4375.42,40118.96,21930.33
ENT-FPR-004,2025-12-28,masala_powder,201.7,182.58,15551.64,1271.74,11,3143.75,3911.6,36826.4,20003.02
ENT-FPR-004,2025-12-29,masala_powder,166.81,179.09,12615.6,1075.58,6,3193.48,3806.29,29873.83,16182.65
ENT-FPR-004,2025-12-30,masala_powder,198.96,171.1,14375.79,1275.6,13,6454.39,4085.73,34041.97,18390.59
ENT-FPR-004,2025-12-31,masala_powder,196.13,172.57,14293.01,1145.93,9,3415.01,3813.43,33845.96,18407.02
ENT-FPR-004,2026-01-01,masala_powder,210.07,177.54,15750.05,1305.79,18,2445.63,3528.39,37296.23,20240.39
ENT-FPR-004,2026-01-02,masala_powder,220.16,179.65,16702.27,1098.98,12,3595.78,3890.24,39551.1,21749.85
ENT-FPR-004,2026-01-03,masala_powder,199.96,165.94,14011.98,1115.58,14,3337.94,3655.14,33180.47,18052.92
ENT-FPR-004,2026-01-04,masala_powder,193.89,176.05,14414.86,1236.62,13,5370.36,3973.23,34134.5,18483.02
ENT-FPR-004,2026-01-05,masala_powder,224.51,180.27,17091.47,1176.63,13,6281.78,4414.41,40472.72,22204.62
ENT-FPR-004,2026-01-06,masala_powder,201.33,176.66,15019.93,1046.08,10,3881.16,4046.81,35567.3,19501.29
ENT-FPR-004,2026-01-07,masala_powder,218.26,172.55,15903.96,1069.45,13,6531.55,4492.03,37660.7,20687.29
ENT-FPR-004,2026-01-08,masala_powder,197.99,164.59,13760.75,1241.48,11,6470.17,5066.96,32585.56,17583.33
ENT-FPR-004,2026-01-09,masala_powder,234.05,177.56,17550.11,1127.04,12,5169.79,5291.82,41558.79,22881.65
ENT-FPR-004,2026-01-10,masala_powder,200.63,174.73,14804.08,1187.41,18,9953.43,6236.89,35056.17,19064.68
ENT-FPR-004,2026-01-11,masala_powder,186.65,174.76,13774.53,1155.01,12,6929.35,6459.6,32618.2,17688.66
ENT-FPR-004,2026-01-12,masala_powder,215.34,175.64,15972.21,1237.89,10,4989.45,6274.99,37822.32,20612.22
ENT-FPR-004,2026-01-13,masala_powder,222.66,178.22,16757.61,1050.43,17,5613.25,6522.43,39682.15,21874.11
ENT-FPR-004,2026-01-14,masala_powder,180.87,170.46,13019.34,1076.66,8,2481.43,5943.84,30829.88,16733.89
ENT-FPR-004,2026-01-15,masala_powder,187.54,170.73,13521.13,1092.52,8,4463.37,5657.15,32018.13,17404.49
ENT-FPR-004,2026-01-16,masala_powder,213.59,179.84,16221.56,1113.88,9,2289.45,5245.68,38412.78,21077.34
ENT-FPR-004,2026-01-17,masala_powder,164.06,172.73,11967.3,1101.46,9,1949.29,4102.23,28338.66,15269.9
ENT-FPR-004,2026-01-18,masala_powder,202.29,178.95,15287.09,1168.04,12,3294.63,3582.98,36199.94,19744.81
ENT-FPR-004,2026-01-19,masala_powder,209.34,177.43,15685.67,1066.87,7,1694.32,3112.25,37143.77,20391.23
ENT-FPR-004,2026-01-20,masala_powder,195.23,174.26,14366.81,1290.58,10,2530.85,2671.91,34020.71,18363.33
ENT-FPR-004,2026-01-21,masala_powder,204.66,167.59,14484.45,1148.88,16,5201.11,3060.43,34299.28,18665.96
ENT-FPR-004,2026-01-22,masala_powder,210.92,171.55,15280.33,1244.43,19,5952.99,3273.24,36183.93,19659.17
ENT-FPR-004,2026-01-23,masala_powder,215.88,177.94,16221.32,1255.14,13,3345.78,3424.14,38412.21,20935.75
ENT-FPR-004,2026-01-24,masala_powder,199.98,179.81,15184.93,1120.89,13,4073.06,3727.53,35958.04,19652.22
ENT-FPR-004,2026-01-25,masala_powder,186.76,173.95,13718.51,1276.7,8,2232.37,3575.78,32485.54,17490.33
ENT-FPR-004,2026-01-26,masala_powder,194.38,176.52,14489.67,1272.74,13,4328.69,3952.12,34311.64,18549.23
ENT-FPR-004,2026-01-27,masala_powder,182.52,175.31,13512.81,1071.47,10,4372.11,4215.16,31998.45,17414.16
ENT-FPR-004,2026-01-28,masala_powder,200.37,175.56,14854.76,1148.68,15,5433.9,4248.41,35176.18,19172.74
