enterprise_id,date,craft_type,orders_received,avg_order_value_inr,skilled_labor_days,material_cost_inr,labor_cost_inr,upi_txn_count,upi_amount_inr,upi_velocity_7d,gross_revenue_inr,net_cashflow_inr
ENT-HND-001,2025-07-01,block_printing,12.4,2623.0,9.2,11858.53,919.27,13,9420.04,9420.04,32532.11,19754.31
ENT-HND-001,2025-07-02,block_printing,15.1,2549.16,12.5,13992.0,953.41,15,7606.64,8513.34,38384.97,23439.56
ENT-HND-001,2025-07-03,block_printing,11.4,2634.89,9.1,10971.41,854.74,11,6534.3,7853.66,30098.44,18272.29
ENT-HND-001,2025-07-04,block_printing,13.9,2591.94,11.2,13116.94,954.73,15,13651.26,9303.06,35984.38,21912.71
ENT-HND-001,2025-07-05,block_printing,14.7,2712.4,12.2,14559.6,1017.36,16,14629.63,10368.37,39942.09,24365.14
ENT-HND-001,2025-07-06,block_printing,13.8,2650.93,11.1,13340.25,995.23,12,6620.7,9743.76,36597.0,22261.52
ENT-HND-001,2025-07-07,block_printing,14.0,2561.13,11.4,13095.22,904.71,14,5722.2,9169.25,35924.8,21924.86
ENT-HND-001,2025-07-08,block_printing,15.4,2683.13,11.5,15088.18,1082.36,13,3512.86,8325.37,41392.18,25221.64
ENT-HND-001,2025-07-09,block_printing,13.7,2643.86,11.5,13169.56,978.32,11,9731.38,8628.9,36128.73,21980.85
ENT-HND-001,2025-07-10,block_printing,14.1,2547.48,10.6,13056.36,876.84,13,11227.39,9299.35,35818.18,21884.98
ENT-HND-001,2025-07-11,block_printing,13.5,2565.07,9.7,12576.38,929.3,11,4091.21,7933.62,34501.43,20995.75
ENT-HND-001,2025-07-12,block_printing,11.7,2578.06,9.2,11020.23,814.82,15,3329.19,6319.28,30232.38,18397.32
ENT-HND-001,2025-07-13,block_printing,12.1,2576.1,9.4,11316.25,826.9,15,4259.03,5981.89,31044.45,18901.3
ENT-HND-001,2025-07-14,block_printing,15.6,2731.21,12.7,15515.88,1123.32,16,4890.32,5863.05,42565.51,25926.32
ENT-HND-001,2025-07-15,block_printing,13.2,2585.09,11.1,12472.49,862.81,12,8870.09,6628.37,34216.42,20881.12
ENT-HND-001,2025-07-16,block_printing,13.6,2453.65,10.9,12126.24,963.78,14,11518.49,6883.67,33266.54,20176.52
ENT-HND-001,2025-07-17,block_printing,13.6,2473.16,10.5,12242.31,957.96,14,13515.23,7210.51,33584.97,20384.7
ENT-HND-001,2025-07-18,block_printing,14.5,2615.85,11.3,13811.22,900.72,11,9964.66,8049.57,37889.04,23177.1
ENT-HND-001,2025-07-19,block_printing,12.4,2917.69,10.8,13185.72,749.54,14,11547.88,9223.67,36173.07,22237.81
ENT-HND-001,2025-07-20,block_printing,14.5,2657.72,11.8,13999.4,915.63,12,4659.38,9280.86,38405.29,23490.25
ENT-HND-001,2025-07-21,block_printing,14.0,2752.77,10.4,14060.71,886.03,14,3688.37,9109.16,38573.48,23626.74
ENT-HND-001,2025-07-22,block_printing,13.8,2549.19,11.2,12862.54,851.07,16,7857.31,8964.47,35286.48,21572.87
ENT-HND-001,2025-07-23,block_printing,14.9,2801.5,12.3,15259.77,970.08,15,3113.44,7763.75,41862.91,25633.06
ENT-HND-001,2025-07-24,block_printing,15.0,2550.53,10.9,13977.14,894.61,16,2545.6,6196.66,38344.22,23472.46
ENT-HND-001,2025-07-25,block_printing,15.0,2690.05,11.4,14659.61,860.58,13,2576.15,5141.16,40216.46,24696.27
ENT-HND-001,2025-07-26,block_printing,15.1,2577.96,12.3,14144.91,989.75,13,4500.68,4134.42,38804.46,23669.8
ENT-HND-001,2025-07-27,block_printing,13.9,2418.61,11.2,12269.5,906.09,13,10706.06,4998.23,33659.56,20483.97
ENT-HND-001,2025-07-28,block_printing,14.8,2494.0,12.7,13498.88,934.69,12,10056.89,5908.02,37032.16,22598.59
ENT-HND-001,2025-07-29,block_printing,14.3,2592.21,11.5,13488.89,874.13,16,6380.37,5697.03,37004.76,22641.75
ENT-HND-001,2025-07-30,block_printing,15.8,2772.49,12.5,15979.82,1071.65,10,3701.02,5780.97,43838.26,26786.79
ENT-HND-001,2025-07-31,block_printing,12.6,2641.56,10.7,12137.37,955.73,13,5498.32,6202.78,33297.07,20203.97
ENT-HND-001,2025-08-01,block_printing,11.9,2739.54,8.7,11844.28,851.09,11,10304.91,7306.89,32493.03,19797.65
ENT-HND-001,2025-08-02,block_printing,11.8,2697.6,9.2,11646.14,587.97,15,10268.76,8130.91,31949.47,19715.36
ENT-HND-001,2025-08-03,block_printing,14.5,2626.52,11.9,13835.65,910.27,16,13316.24,8503.79,37956.06,23210.13
ENT-HND-001,2025-08-04,block_printing,13.3,2509.96,10.3,12189.8,861.92,14,10900.02,8624.23,33440.92,20389.2
ENT-HND-001,2025-08-05,block_printing,15.6,2461.35,11.7,13999.61,1015.73,16,3437.8,8203.87,38405.85,23390.51
ENT-HND-001,2025-08-06,block_printing,13.2,2632.14,10.7,12663.39,944.64,14,10392.98,9159.86,34740.12,21132.09
ENT-HND-001,2025-08-07,block_printing,14.4,2429.65,11.5,12773.31,882.09,14,13004.34,10232.15,35041.7,21386.29
ENT-HND-001,2025-08-08,block_printing,16.2,2689.29,12.5,15909.01,1105.8,14,13197.14,10645.32,43644.01,26629.19
ENT-HND-001,2025-08-09,block_printing,12.0,2521.29,9.4,11071.48,861.43,13,5872.3,10017.26,30372.97,18440.05
ENT-HND-001,2025-08-10,block_printing,13.5,2388.76,11.0,11777.47,900.28,16,15256.71,10294.47,32309.74,19632.0
ENT-HND-001,2025-08-11,block_printing,16.0,2601.42,12.8,15133.21,1130.54,15,13178.73,10620.0,41515.71,25251.96
ENT-HND-001,2025-08-12,block_printing,13.3,2641.81,10.0,12815.18,805.16,13,6176.63,11011.26,35156.54,21536.21
ENT-HND-001,2025-08-13,block_printing,16.5,2739.15,13.8,16461.9,991.2,15,4742.65,10204.07,45160.79,27707.68
ENT-HND-001,2025-08-14,block_printing,14.2,2705.21,11.3,13976.92,926.15,12,6987.46,9344.52,38343.59,23440.53
ENT-HND-001,2025-08-15,block_printing,13.7,2562.68,11.2,12770.77,936.58,14,12336.16,9221.52,35034.71,21327.36
ENT-HND-001,2025-08-16,block_printing,12.9,2684.05,10.9,12621.02,766.9,15,10943.86,9946.03,34623.89,21235.97
ENT-HND-001,2025-08-17,block_printing,13.1,2447.19,9.9,11654.16,720.3,16,5245.16,8515.81,31971.45,19596.99
ENT-HND-001,2025-08-18,block_printing,13.7,2550.97,11.3,12741.55,888.38,17,14034.72,8638.09,34954.54,21324.62
ENT-HND-001,2025-08-19,block_printing,12.3,2564.79,8.9,11516.18,829.6,15,6703.44,8713.35,31592.92,19247.15
ENT-HND-001,2025-08-20,block_printing,12.9,2551.34,9.8,11997.93,772.21,14,5501.47,8821.75,32914.55,20144.41
ENT-HND-001,2025-08-21,block_printing,12.4,2822.51,10.0,12787.33,709.39,12,3346.67,8301.64,35080.16,21583.44
ENT-HND-001,2025-08-22,block_printing,13.2,2445.99,10.9,11805.89,783.3,10,2810.44,6940.82,32387.71,19798.52
ENT-HND-001,2025-08-23,block_printing,13.7,2675.45,10.3,13373.92,770.12,9,1677.0,5616.99,36689.36,22545.32
ENT-HND-001,2025-08-24,block_printing,12.9,2667.86,10.2,12535.71,715.78,13,4212.63,5469.48,34389.86,21138.37
ENT-HND-001,2025-08-25,block_printing,12.6,2505.98,10.5,11517.18,700.77,13,7855.48,4586.73,31595.67,19377.72
ENT-HND-001,2025-08-26,block_printing,14.1,2545.17,11.1,13043.28,919.98,15,12817.66,5460.19,35782.32,21819.05
ENT-HND-001,2025-08-27,block_printing,13.7,2543.07,10.4,12726.18,932.9,11,8299.99,5859.98,34912.39,21253.31
ENT-HND-001,2025-08-28,block_printing,14.5,2509.81,11.2,13229.75,691.22,14,11186.55,6979.96,36293.86,22372.89
ENT-HND-001,2025-08-29,block_printing,12.9,2542.14,10.7,11936.14,920.4,14,5736.58,7397.98,32745.03,19888.49
ENT-HND-001,2025-08-30,block_printing,12.8,2597.49,10.0,12144.53,840.37,17,9743.61,8550.36,33316.72,20331.82
ENT-HND-001,2025-08-31,block_printing,12.8,2413.81,9.4,11290.59,845.4,14,13521.18,9880.15,30974.05,18838.06
ENT-HND-001,2025-09-01,block_printing,13.4,2799.31,9.9,13674.75,862.65,16,4158.5,9352.01,37514.64,22977.24
ENT-HND-001,2025-09-02,block_printing,13.9,2659.48,11.0,13428.02,992.07,11,3004.17,7950.08,36837.78,22417.69
ENT-HND-001,2025-09-03,block_printing,13.0,2679.2,10.6,12732.07,900.31,11,9091.08,8063.1,34928.54,21296.16
ENT-HND-001,2025-09-04,block_printing,12.0,2575.74,10.1,11235.74,583.77,12,10591.1,7978.03,30823.58,19004.07
ENT-HND-001,2025-09-05,block_printing,15.9,2708.07,13.1,15730.86,885.79,12,11763.0,8838.95,43155.29,26538.63
ENT-HND-001,2025-09-06,block_printing,13.9,2584.82,11.5,13050.5,858.97,16,3908.15,8005.31,35802.1,21892.63
ENT-HND-001,2025-09-07,block_printing,15.5,2672.77,12.5,15138.13,986.72,13,1973.55,6355.65,41529.21,25404.36
ENT-HND-001,2025-09-08,block_printing,12.0,2754.13,9.3,12035.55,720.73,12,5839.5,6595.79,33017.74,20261.46
ENT-HND-001,2025-09-09,block_printing,15.7,2604.66,12.8,14888.12,987.16,15,5245.53,6915.99,40843.35,24968.07
ENT-HND-001,2025-09-10,block_printing,15.2,2717.83,12.4,15030.56,937.51,16,13420.31,7534.45,41234.11,25266.04
ENT-HND-001,2025-09-11,block_printing,13.2,2433.18,10.8,11690.09,930.3,11,9341.64,7355.95,32070.04,19449.65
ENT-HND-001,2025-09-12,block_printing,13.8,2781.79,11.3,14004.73,825.93,17,15403.79,7876.07,38419.91,23589.25
ENT-HND-001,2025-09-13,block_printing,12.2,2599.11,8.8,11531.73,707.45,16,7942.12,8452.35,31635.59,19396.41
ENT-HND-001,2025-09-14,block_printing,15.8,2459.35,13.6,14144.05,1012.65,11,10187.03,9625.7,38802.12,23645.42
ENT-HND-001,2025-09-15,block_printing,14.1,2539.21,11.4,13045.8,850.28,9,2181.25,9103.09,35789.23,21893.14
ENT-HND-001,2025-09-16,block_printing,13.6,2655.71,11.0,13196.68,988.24,14,4784.75,9037.27,36203.14,22018.21
ENT-HND-001,2025-09-17,block_printing,14.8,2674.01,11.7,14384.5,738.55,13,10095.76,8562.33,39461.73,24338.69
ENT-HND-001,2025-09-18,block_printing,14.5,2706.19,11.4,14306.75,969.85,11,10448.11,8720.4,39248.45,23971.85
ENT-HND-001,2025-09-19,block_printing,13.7,2567.62,11.4,12799.51,793.9,10,4646.99,7183.72,35113.57,21520.15
ENT-HND-001,2025-09-20,block_printing,14.4,2815.14,11.3,14726.28,931.5,14,9884.85,7461.25,40399.35,24741.58
ENT-HND-001,2025-09-21,block_printing,13.2,2463.04,10.7,11890.94,768.54,11,6354.62,6913.76,32621.02,19961.55
ENT-HND-001,2025-09-22,block_printing,13.4,2703.6,11.1,13161.76,844.95,11,6708.52,7560.51,36107.33,22100.62
ENT-HND-001,2025-09-23,block_printing,12.8,2548.19,8.9,11887.43,714.39,14,6750.39,7841.32,32611.39,20009.57
ENT-HND-001,2025-09-24,block_printing,12.8,2697.89,10.0,12543.62,798.58,14,12451.54,8177.86,34411.55,21069.35
ENT-HND-001,2025-09-25,block_printing,14.4,2650.58,12.2,13923.86,960.13,10,2881.32,7096.89,38198.05,23314.06
ENT-HND-001,2025-09-26,block_printing,12.0,2481.88,9.6,10875.63,703.1,13,6859.93,7413.02,29835.69,18256.95
ENT-HND-001,2025-09-27,block_printing,14.4,2751.67,11.6,14473.97,992.45,10,5002.05,6715.48,39707.18,24240.76
ENT-HND-001,2025-09-28,block_printing,14.0,2637.29,10.5,13432.04,899.82,15,8426.5,7011.46,36848.81,22516.95
ENT-HND-001,2025-09-29,block_printing,12.4,2557.08,10.6,11541.61,755.6,14,9451.9,7403.38,31662.7,19365.49
ENT-HND-001,2025-09-30,block_printing,14.6,2568.43,10.8,13669.8,958.55,14,11643.59,8102.4,37501.08,22872.72
ENT-HND-001,2025-10-01,block_printing,26.0,3453.95,21.3,32708.49,1652.6,28,13688.3,8279.08,89730.89,55369.8
ENT-HND-001,2025-10-02,block_printing,23.8,3398.67,18.4,29440.53,1495.84,27,16298.51,10195.83,80765.72,49829.35
ENT-HND-001,2025-10-03,block_printing,22.1,3543.87,18.3,28567.28,1482.21,25,10691.67,10743.22,78370.09,48320.61
ENT-HND-001,2025-10-04,block_printing,20.5,3532.19,16.6,26444.82,1121.84,24,12957.09,11879.65,72547.45,44980.79
ENT-HND-001,2025-10-05,block_printing,23.0,3513.09,18.8,29470.24,1624.89,25,9119.08,11978.59,80847.24,49752.11
ENT-HND-001,2025-10-06,block_printing,25.0,3382.03,20.4,30764.16,1605.43,23,7163.6,11651.69,84396.92,52027.32
ENT-HND-001,2025-10-07,block_printing,25.5,3410.96,19.9,31736.03,1594.92,26,14369.36,12041.09,87063.1,53732.15
ENT-HND-001,2025-10-08,block_printing,26.4,3379.68,20.3,32546.89,1663.27,31,10883.42,11640.39,89287.58,55077.42
ENT-HND-001,2025-10-09,block_printing,24.1,3337.93,19.2,29295.85,1572.97,24,18292.16,11925.2,80368.83,49500.01
ENT-HND-001,2025-10-10,block_printing,26.3,3271.65,21.5,31311.38,1753.04,24,16759.01,12791.96,85898.13,52833.7
ENT-HND-001,2025-10-11,block_printing,22.8,3362.97,18.8,27911.76,1440.08,23,12018.27,12657.84,76571.77,47219.94
ENT-HND-001,2025-10-12,block_printing,23.3,3552.67,18.0,30140.25,1297.5,26,15008.64,13499.21,82685.31,51247.56
ENT-HND-001,2025-10-13,block_printing,23.6,3362.09,19.3,28975.42,1590.11,22,3952.99,13040.55,79489.77,48924.24
ENT-HND-001,2025-10-14,block_printing,23.0,3381.69,18.6,28303.58,1395.06,22,7618.32,12076.12,77646.68,47948.04
ENT-HND-001,2025-10-15,block_printing,24.6,3630.62,20.1,32498.02,1655.28,29,20748.79,13485.45,89153.5,55000.21
ENT-HND-001,2025-10-16,block_printing,25.9,3166.97,20.9,29862.42,1600.64,25,10143.77,12321.4,81923.13,50460.07
ENT-HND-001,2025-10-17,block_printing,23.0,3516.54,19.2,29511.71,1613.98,21,11676.71,11595.36,80961.02,49835.32
ENT-HND-001,2025-10-18,block_printing,22.3,3325.7,18.2,27080.75,1462.12,23,15355.72,12072.14,74292.03,45749.15
ENT-HND-001,2025-10-19,block_printing,23.4,3520.29,18.3,30025.07,1461.6,26,14516.85,12001.88,82369.34,50882.66
ENT-HND-001,2025-10-20,block_printing,23.5,3234.73,18.5,27749.6,1485.43,27,17837.95,13985.44,76126.92,46891.89
ENT-HND-001,2025-10-21,block_printing,24.6,3487.74,20.0,31279.38,1591.96,28,27272.89,16793.24,85810.35,52939.0
ENT-HND-001,2025-10-22,block_printing,23.0,3372.23,18.9,28259.4,1425.8,27,24692.86,17356.68,77525.47,47840.28
ENT-HND-001,2025-10-23,block_printing,21.9,3281.62,16.5,26251.37,1308.79,24,18229.48,18511.78,72016.75,44456.59
ENT-HND-001,2025-10-24,block_printing,23.5,3508.22,18.4,30039.65,1460.59,23,6520.38,17775.16,82409.31,50909.08
ENT-HND-001,2025-10-25,block_printing,23.6,3353.39,19.4,28864.4,1523.31,25,15525.56,17799.42,79185.19,48797.48
ENT-HND-001,2025-10-26,block_printing,23.8,3308.0,18.9,28708.99,1499.65,22,16629.41,18101.22,78758.85,48550.21
ENT-HND-001,2025-10-27,block_printing,20.7,3534.9,17.0,26708.6,1299.73,25,10889.75,17108.62,73271.09,45262.76
ENT-HND-001,2025-10-28,block_printing,22.2,3400.15,17.7,27481.0,1408.82,24,12744.03,15033.07,75390.05,46500.23
ENT-HND-001,2025-10-29,block_printing,21.3,3411.79,16.7,26516.46,1325.54,25,14989.64,13646.89,72743.98,44901.98
ENT-HND-001,2025-10-30,block_printing,25.6,3376.18,20.6,31449.79,1607.96,24,10870.71,12595.64,86277.85,53220.09
ENT-HND-001,2025-10-31,block_printing,23.4,3259.41,19.1,27819.1,1529.47,25,10834.11,13211.89,76317.58,46969.0
ENT-HND-001,2025-11-01,block_printing,23.3,3312.35,18.9,28157.78,1490.64,26,5737.52,11813.6,77246.71,47598.28
ENT-HND-001,2025-11-02,block_printing,24.6,3313.07,18.8,29730.09,1475.95,28,5090.94,10165.24,81560.09,50354.05
ENT-HND-001,2025-11-03,block_printing,23.5,3321.06,19.0,28482.38,1505.3,24,19805.84,11438.97,78137.2,48149.51
ENT-HND-001,2025-11-04,block_printing,23.5,3383.77,18.4,29037.3,1556.86,24,7303.4,10661.74,79659.52,49065.36
ENT-HND-001,2025-11-05,block_printing,23.9,3351.1,18.5,29158.85,1605.05,21,16161.55,10829.15,79992.98,49229.08
ENT-HND-001,2025-11-06,block_printing,24.1,3269.13,19.7,28720.18,1635.93,26,14471.89,11343.61,78789.55,48433.45
ENT-HND-001,2025-11-07,block_printing,23.6,3461.47,18.8,29770.32,1451.81,22,10385.43,11279.51,81670.46,50448.33
ENT-HND-001,2025-11-08,block_printing,22.9,3257.36,18.5,27198.01,1539.3,24,15588.28,12686.76,74613.72,45876.4
ENT-HND-001,2025-11-09,block_printing,25.0,3489.37,18.8,31837.32,1540.4,27,11886.39,13657.54,87340.96,53963.24
ENT-HND-001,2025-11-10,block_printing,22.6,3301.25,17.9,27218.14,1443.03,23,12827.95,12660.7,74668.92,46007.76
ENT-HND-001,2025-11-11,block_printing,23.8,3310.01,19.8,28727.42,1522.85,24,6940.01,12608.79,78809.42,48559.15
ENT-HND-001,2025-11-12,block_printing,23.6,3355.89,18.7,28837.27,1347.31,26,10020.27,11731.46,79110.78,48926.2
ENT-HND-001,2025-11-13,block_printing,26.2,3395.53,21.0,32460.14,1623.65,22,15828.85,11925.31,89049.59,54965.8
ENT-HND-001,2025-11-14,block_printing,23.7,3328.22,18.6,28770.93,1376.35,28,12020.52,12158.9,78928.78,48781.51
ENT-HND-001,2025-11-15,block_printing,22.7,3311.32,18.9,27414.23,1542.48,24,20788.78,12901.82,75206.87,46250.17
ENT-HND-001,2025-11-16,block_printing,22.7,3466.2,17.7,28619.93,1347.54,20,17377.38,13686.25,78514.53,48547.06
ENT-HND-001,2025-11-17,block_printing,23.7,3417.52,18.3,29584.02,1469.26,25,23030.21,15143.72,81159.37,50106.09
ENT-HND-001,2025-11-18,block_printing,23.7,3390.0,19.6,29306.43,1478.52,23,21542.36,17229.77,80397.86,49612.91
ENT-HND-001,2025-11-19,block_printing,27.5,3425.77,22.1,34292.35,1563.17,28,24997.6,19369.39,94075.98,58220.46
ENT-HND-001,2025-11-20,block_printing,22.9,3458.49,18.7,28877.3,1587.69,24,13856.66,19087.64,79220.59,48755.6
ENT-HND-001,2025-11-21,block_printing,24.2,3410.27,19.7,30123.58,1529.52,26,25692.18,21040.74,82639.57,50986.48
ENT-HND-001,2025-11-22,block_printing,22.9,3362.26,18.0,28124.29,1569.44,25,20642.19,21019.8,77154.82,47461.09
ENT-HND-001,2025-11-23,block_printing,24.2,3510.35,18.5,31017.25,1447.34,24,20601.25,21480.35,85091.23,52626.64
ENT-HND-001,2025-11-24,block_printing,22.7,3336.82,18.9,27599.43,1557.43,27,9122.21,19493.49,75714.93,46558.08
ENT-HND-001,2025-11-25,block_printing,24.3,3540.67,19.2,31361.4,1645.94,28,22070.42,19568.93,86035.34,53028.01
ENT-HND-001,2025-11-26,block_printing,23.1,3418.21,17.8,28838.22,1505.45,27,4508.43,16641.91,79113.38,48769.71
ENT-HND-001,2025-11-27,block_printing,26.1,3435.17,20.8,32725.0,1725.27,26,25083.42,18245.73,89776.18,55325.91
ENT-HND-001,2025-11-28,block_printing,25.6,3150.65,21.2,29434.72,1610.87,24,18359.54,17198.21,80749.78,49704.2
ENT-HND-001,2025-11-29,block_printing,22.4,3496.31,18.3,28564.1,1479.96,20,17544.95,16755.75,78361.38,48317.31
ENT-HND-001,2025-11-30,block_printing,25.5,3405.25,20.1,31625.05,1690.77,25,5230.67,14559.95,86758.65,53442.82
ENT-HND-001,2025-12-01,block_printing,14.8,2543.92,11.3,13688.6,818.22,16,7867.98,14380.77,37552.66,23045.83
ENT-HND-001,2025-12-02,block_printing,18.3,2674.03,14.6,17819.54,1070.01,16,5691.13,12040.87,48885.27,29995.72
ENT-HND-001,2025-12-03,block_printing,15.9,2561.5,11.4,14815.48,914.78,15,14701.3,13497.0,40644.08,24913.82
ENT-HND-001,2025-12-04,block_printing,15.9,2641.83,12.5,15287.87,1107.14,17,14988.19,12054.82,41940.0,25544.99
ENT-HND-001,2025-12-05,block_printing,18.1,2608.93,14.7,17246.28,1260.87,19,17017.12,11863.05,47312.6,28805.45
ENT-HND-001,2025-12-06,block_printing,14.5,2697.98,11.5,14296.54,926.55,17,6017.77,10216.31,39220.45,23997.36
ENT-HND-001,2025-12-07,block_printing,16.7,2411.78,12.9,14673.86,1117.61,16,12813.65,11299.59,40255.56,24464.09
ENT-HND-001,2025-12-08,block_printing,17.7,2607.76,14.8,16855.96,1115.58,15,3125.77,10622.13,46241.84,28270.29
ENT-HND-001,2025-12-09,block_printing,16.9,2578.52,15.0,15896.65,1101.04,21,11393.62,11436.77,43610.1,26612.41
ENT-HND-001,2025-12-10,block_printing,16.6,2550.58,13.1,15410.26,924.01,19,7139.46,10356.51,42275.76,25941.49
ENT-HND-001,2025-12-11,block_printing,16.6,2628.15,13.0,15897.09,1064.25,15,3975.95,8783.33,43611.3,26649.96
ENT-HND-001,2025-12-12,block_printing,17.7,2604.12,14.4,16764.47,1064.7,20,4741.63,7029.69,45990.85,28161.68
ENT-HND-001,2025-12-13,block_printing,15.7,2552.23,11.9,14614.64,933.59,16,10450.9,7663.0,40093.1,24544.87
ENT-HND-001,2025-12-14,block_printing,17.8,2542.97,14.2,16488.56,1124.64,16,12683.93,7644.46,45233.93,27620.73
ENT-HND-001,2025-12-15,block_printing,17.0,2690.9,13.6,16639.73,1006.74,17,5059.97,7920.78,45648.62,28002.16
ENT-HND-001,2025-12-16,block_printing,15.9,2520.78,12.4,14630.81,959.51,16,15468.46,8502.9,40137.45,24547.14
ENT-HND-001,2025-12-17,block_printing,15.7,2550.8,12.6,14584.99,865.4,13,11814.96,9170.83,40011.75,24561.36
ENT-HND-001,2025-12-18,block_printing,13.8,2607.48,11.0,13097.61,900.65,19,18351.67,11224.5,35931.36,21933.1
ENT-HND-001,2025-12-19,block_printing,16.8,2641.91,13.9,16136.64,949.07,15,12139.66,12281.36,44268.47,27182.76
ENT-HND-001,2025-12-20,block_printing,17.4,2619.91,14.5,16591.2,1144.05,16,9110.48,12089.88,45515.5,27780.25
ENT-HND-001,2025-12-21,block_printing,15.9,2445.81,13.1,14188.56,1071.9,16,5582.9,11075.44,38924.2,23663.74
ENT-HND-001,2025-12-22,block_printing,15.7,2492.24,12.3,14229.15,1026.34,15,10189.28,11808.2,39035.57,23780.08
ENT-HND-001,2025-12-23,block_printing,13.5,2663.71,11.3,13090.69,853.06,12,11687.11,11268.01,35912.36,21968.61
ENT-HND-001,2025-12-24,block_printing,15.4,2639.69,12.6,14801.38,986.84,17,12017.77,11296.98,40605.38,24817.16
ENT-HND-001,2025-12-25,block_printing,15.2,2746.3,11.5,15176.83,853.19,13,5884.9,9516.01,41635.38,25605.37
ENT-HND-001,2025-12-26,block_printing,17.4,2608.99,14.0,16567.75,1147.57,15,12945.54,9631.14,45451.16,27735.84
ENT-HND-001,2025-12-27,block_printing,13.8,2547.13,10.5,12826.93,871.49,18,15554.89,10551.77,35188.78,21490.36
ENT-HND-001,2025-12-28,block_printing,17.3,2643.17,13.7,16654.91,1086.71,16,12608.88,11555.48,45690.27,27948.66
ENT-HND-001,2025-12-29,block_printing,15.5,2471.27,12.4,13996.89,1024.07,14,10958.46,11665.36,38398.4,23377.44
ENT-HND-001,2025-12-30,block_printing,18.0,2503.5,14.7,16409.64,1172.78,20,8075.3,11149.39,45017.41,27434.99
ENT-HND-001,2025-12-31,block_printing,15.5,2581.91,12.9,14542.29,1056.53,13,4314.53,10048.93,39894.62,24295.79
ENT-HND-001,2026-01-01,block_printing,11.8,2718.99,9.6,11703.86,810.52,9,6609.7,10152.47,32107.79,19593.42
ENT-HND-001,2026-01-02,block_printing,10.5,2545.08,7.8,9761.89,685.2,12,3532.32,8807.73,26780.31,16333.21
ENT-HND-001,2026-01-03,block_printing,11.9,2623.02,9.0,11340.79,649.06,12,6023.87,7446.15,31111.78,19121.93
ENT-HND-001,2026-01-04,block_printing,11.7,2541.59,10.0,10844.16,731.35,9,1426.32,5848.64,29749.33,18173.83
ENT-HND-001,2026-01-05,block_printing,10.3,2586.12,8.4,9682.72,711.14,9,8737.58,5531.37,26563.1,16169.25
ENT-HND-001,2026-01-06,block_printing,10.9,2467.06,9.4,9762.43,726.1,11,1973.58,4659.7,26781.78,16293.25
ENT-HND-001,2026-01-07,block_printing,10.7,2641.88,8.4,10292.94,612.96,13,11724.82,5718.31,28237.16,17331.26
ENT-HND-001,2026-01-08,block_printing,11.3,2537.18,9.9,10427.35,727.95,12,5025.38,5491.98,28605.9,17450.6
ENT-HND-001,2026-01-09,block_printing,11.9,2438.07,7.8,10589.98,844.98,13,10875.56,6541.02,29052.03,17617.08
ENT-HND-001,2026-01-10,block_printing,12.2,2590.16,9.7,11493.96,785.93,13,2544.42,6043.95,31531.97,19252.08
ENT-HND-001,2026-01-11,block_printing,12.6,2450.83,10.9,11246.86,773.6,13,3543.68,6346.43,30854.1,18833.63
ENT-HND-001,2026-01-12,block_printing,10.6,2692.36,8.6,10386.57,689.05,14,11088.41,6682.26,28494.01,17418.39
ENT-HND-001,2026-01-13,block_printing,9.4,2367.83,6.8,8076.55,590.0,8,6625.29,7346.79,22156.82,13490.27
ENT-HND-001,2026-01-14,block_printing,12.2,2660.0,9.9,11871.42,889.33,12,8343.84,6863.8,32567.49,19806.73
ENT-HND-001,2026-01-15,block_printing,12.0,2727.77,9.7,11980.9,744.58,7,5335.19,6908.06,32867.83,20142.35
ENT-HND-001,2026-01-16,block_printing,9.7,2653.96,8.6,9382.97,617.14,8,3641.81,5874.66,25740.8,15740.69
ENT-HND-001,2026-01-17,block_printing,10.9,2619.01,9.1,10381.85,783.14,15,9097.06,6810.75,28481.06,17316.07
ENT-HND-001,2026-01-18,block_printing,13.3,2753.45,10.1,13315.98,933.19,11,8732.14,7551.96,36530.42,22281.25
ENT-HND-001,2026-01-19,block_printing,9.0,2524.29,7.5,8301.74,503.16,6,5901.39,6810.96,22774.59,13969.69
ENT-HND-001,2026-01-20,block_printing,11.9,2679.21,10.6,11639.83,831.91,11,6326.87,6768.33,31932.15,19460.41
ENT-HND-001,2026-01-21,block_printing,9.7,2607.19,7.3,9256.31,627.19,7,6861.49,6556.56,25393.31,15509.81
ENT-HND-001,2026-01-22,block_printing,7.2,2682.54,5.9,7081.38,480.15,9,4694.45,6465.03,19426.72,11865.19
ENT-HND-001,2026-01-23,block_printing,8.0,2694.23,5.2,7867.23,532.66,10,3213.6,6403.86,21582.58,13182.69
ENT-HND-001,2026-01-24,block_printing,8.5,2594.8,6.9,8012.65,504.36,13,4496.6,5746.65,21981.52,13464.51
ENT-HND-001,2026-01-25,block_printing,9.9,2596.32,7.9,9344.17,657.46,12,11647.73,6163.16,25634.34,15632.71
ENT-HND-001,2026-01-26,block_printing,10.9,2591.43,8.7,10313.57,754.51,10,2060.3,5614.43,28293.75,17225.67
ENT-HND-001,2026-01-27,block_printing,9.6,2485.01,7.6,8724.39,662.67,14,2117.73,5013.13,23934.07,14547.01
ENT-HND-001,2026-01-28,block_printing,10.0,2608.37,8.6,9494.57,671.28,10,3613.67,4549.16,26046.95,15881.1
ENT-HND-002,2025-07-01,block_printing,7.7,1487.48,6.4,3372.65,579.31,13,8267.7,8267.7,11441.23,7489.26
ENT-HND-002,2025-07-02,block_printing,8.5,1637.42,7.5,4119.92,639.78,14,2375.4,5321.55,13976.24,9216.53
ENT-HND-002,2025-07-03,block_printing,9.3,1507.0,6.7,4127.53,698.73,12,6843.62,5828.9,14002.03,9175.77
ENT-HND-002,2025-07-04,block_printing,8.2,1580.06,5.7,3815.05,508.59,11,8445.17,6482.97,12942.01,8618.37
ENT-HND-002,2025-07-05,block_printing,7.7,1519.72,6.0,3459.03,453.35,9,8624.8,6911.34,11734.26,7821.87
ENT-HND-002,2025-07-06,block_printing,11.6,1670.8,8.9,5688.92,791.12,12,4298.43,6475.85,19298.83,12818.79
ENT-HND-002,2025-07-07,block_printing,9.2,1499.31,7.3,4087.89,788.29,9,2258.37,5873.35,13867.56,8991.38
ENT-HND-002,2025-07-08,block_printing,7.0,1712.53,5.8,3529.4,353.88,11,9900.26,6106.58,11972.96,8089.69
ENT-HND-002,2025-07-09,block_printing,7.3,1478.16,6.1,3172.97,503.73,7,6778.97,6735.66,10763.83,7087.13
ENT-HND-002,2025-07-10,block_printing,7.9,1650.37,6.3,3855.53,585.38,14,2243.26,6078.46,13079.33,8638.41
ENT-HND-002,2025-07-11,block_printing,7.7,1652.66,6.2,3737.38,558.34,8,5329.03,5633.3,12678.5,8382.79
ENT-HND-002,2025-07-12,block_printing,10.0,1450.77,8.4,4287.85,690.23,9,2484.26,4756.08,14545.91,9567.84
ENT-HND-002,2025-07-13,block_printing,8.1,1606.16,6.0,3854.73,704.29,11,6690.35,5097.78,13076.62,8517.6
ENT-HND-002,2025-07-14,block_printing,6.2,1361.66,4.6,2498.0,458.69,8,5255.95,5526.01,8474.11,5517.41
ENT-HND-002,2025-07-15,block_printing,9.0,1575.26,7.1,4199.17,712.09,9,1885.71,4381.08,14245.07,9333.82
ENT-HND-002,2025-07-16,block_printing,7.7,1562.09,6.3,3524.91,612.51,15,10373.96,4894.65,11957.73,7820.32
ENT-HND-002,2025-07-17,block_printing,6.9,1814.04,7.1,3675.02,561.11,12,3426.6,5063.69,12466.96,8230.83
ENT-HND-002,2025-07-18,block_printing,7.8,1619.71,5.8,3711.45,388.53,10,6166.09,5183.28,12590.54,8490.57
ENT-HND-002,2025-07-19,block_printing,9.7,1533.35,6.4,4380.81,775.69,11,7872.97,5953.09,14861.25,9704.75
ENT-HND-002,2025-07-20,block_printing,8.8,1605.66,6.7,4161.37,672.56,12,2364.89,5335.17,14116.82,9282.9
ENT-HND-002,2025-07-21,block_printing,8.5,1592.78,6.6,3989.16,546.95,10,7648.95,5677.03,13532.63,8996.52
ENT-HND-002,2025-07-22,block_printing,8.5,1715.48,7.4,4310.35,843.98,14,13110.24,7280.53,14622.22,9467.9
ENT-HND-002,2025-07-23,block_printing,7.8,1628.22,5.9,3731.02,547.54,9,5157.85,6535.37,12656.95,8378.39
ENT-HND-002,2025-07-24,block_printing,7.9,1587.2,6.7,3689.99,534.29,7,6485.01,6972.29,12517.75,8293.48
ENT-HND-002,2025-07-25,block_printing,7.9,1735.27,6.2,4020.01,656.38,12,6286.02,6989.42,13637.3,8960.91
ENT-HND-002,2025-07-26,block_printing,9.3,1637.1,7.5,4464.38,639.5,11,7466.07,6931.29,15144.76,10040.89
ENT-HND-002,2025-07-27,block_printing,9.1,1591.62,6.6,4289.15,680.86,11,6248.5,7486.09,14550.32,9580.31
ENT-HND-002,2025-07-28,block_printing,9.3,1598.69,6.9,4385.08,799.47,11,5481.93,7176.52,14875.76,9691.21
ENT-HND-002,2025-07-29,block_printing,9.3,1524.85,7.2,4196.27,699.8,5,2425.52,5650.13,14235.23,9339.16
ENT-HND-002,2025-07-30,block_printing,9.4,1393.03,7.4,3851.82,694.15,10,4484.2,5553.89,13066.73,8520.77
ENT-HND-002,2025-07-31,block_printing,7.9,1620.34,7.4,3791.58,752.13,14,7358.96,5678.74,12862.38,8318.67
ENT-HND-002,2025-08-01,block_printing,8.4,1651.31,7.0,4081.28,559.46,10,6800.14,5752.19,13845.15,9204.41
ENT-HND-002,2025-08-02,block_printing,8.8,1457.36,6.7,3799.21,562.35,10,9787.22,6083.78,12888.25,8526.7
ENT-HND-002,2025-08-03,block_printing,7.9,1468.96,5.9,3424.1,586.8,10,2737.38,5582.19,11615.75,7604.85
ENT-HND-002,2025-08-04,block_printing,9.1,1448.8,7.6,3865.43,654.33,7,3301.5,5270.7,13112.9,8593.14
ENT-HND-002,2025-08-05,block_printing,8.5,1619.33,7.0,4079.96,662.65,8,2918.89,5341.19,13840.67,9098.05
ENT-HND-002,2025-08-06,block_printing,7.9,1660.34,6.2,3851.58,546.19,14,5389.31,5470.49,13065.93,8668.15
ENT-HND-002,2025-08-07,block_printing,7.6,1657.58,6.7,3728.74,448.12,12,6829.19,5394.8,12649.21,8472.35
ENT-HND-002,2025-08-08,block_printing,6.6,1548.21,5.3,3027.22,491.79,10,3415.45,4911.28,10269.4,6750.39
ENT-HND-002,2025-08-09,block_printing,7.7,1615.11,6.8,3686.05,489.04,8,6123.31,4387.86,12504.4,8329.31
ENT-HND-002,2025-08-10,block_printing,7.9,1763.73,6.0,4104.31,346.33,8,1324.35,4186.0,13923.27,9472.63
ENT-HND-002,2025-08-11,block_printing,9.7,1714.43,7.9,4905.56,497.6,12,10757.26,5251.11,16641.4,11238.24
ENT-HND-002,2025-08-12,block_printing,7.5,1519.24,5.7,3355.44,578.3,11,5403.54,5606.06,11382.82,7449.09
ENT-HND-002,2025-08-13,block_printing,7.6,1581.92,7.3,3525.47,468.89,11,6293.88,5735.28,11959.64,7965.28
ENT-HND-002,2025-08-14,block_printing,7.4,1385.28,6.9,3035.94,379.79,10,7440.37,5822.59,10298.98,6883.25
ENT-HND-002,2025-08-15,block_printing,8.0,1409.33,5.6,3339.3,651.98,7,1344.52,5526.75,11328.1,7336.81
ENT-HND-002,2025-08-16,block_printing,7.3,1819.48,6.9,3910.86,591.46,9,2168.07,4961.71,13267.04,8764.71
ENT-HND-002,2025-08-17,block_printing,8.5,1584.5,6.1,3957.04,528.42,12,6032.4,5634.29,13423.7,8938.23
ENT-HND-002,2025-08-18,block_printing,9.6,1673.0,8.4,4742.78,581.41,12,8774.18,5350.99,16089.18,10764.99
ENT-HND-002,2025-08-19,block_printing,5.9,1586.82,4.5,2778.5,419.49,11,7708.93,5680.34,9425.64,6227.65
ENT-HND-002,2025-08-20,block_printing,7.4,1446.44,6.3,3138.89,515.81,12,3901.54,5338.57,10648.22,6993.52
ENT-HND-002,2025-08-21,block_printing,8.1,1606.96,6.5,3847.36,705.91,10,9342.3,5610.28,13051.62,8498.34
ENT-HND-002,2025-08-22,block_printing,7.4,1416.28,5.9,3081.8,546.86,12,9556.62,6783.43,10454.57,6825.9
ENT-HND-002,2025-08-23,block_printing,9.3,1350.21,7.5,3692.93,734.26,11,8103.93,7631.41,12527.71,8100.53
ENT-HND-002,2025-08-24,block_printing,5.7,1405.27,5.4,2344.67,519.92,8,5198.93,7512.35,7953.96,5089.36
ENT-HND-002,2025-08-25,block_printing,6.9,1585.6,5.8,3228.48,610.77,12,5256.25,7009.79,10952.15,7112.9
ENT-HND-002,2025-08-26,block_printing,6.9,1620.39,4.7,3273.79,625.94,14,8609.66,7138.46,11105.84,7206.11
ENT-HND-002,2025-08-27,block_printing,8.5,1566.5,6.2,3903.17,559.03,14,8055.97,7731.95,13240.92,8778.72
ENT-HND-002,2025-08-28,block_printing,6.7,1465.51,6.2,2904.14,465.68,13,12602.3,8197.66,9851.87,6482.06
ENT-HND-002,2025-08-29,block_printing,9.3,1631.33,9.0,4470.4,625.87,12,7945.14,7967.45,15165.2,10068.92
ENT-HND-002,2025-08-30,block_printing,6.6,1524.97,6.1,2986.9,491.05,15,10948.56,8373.83,10132.63,6654.68
ENT-HND-002,2025-08-31,block_printing,8.2,1445.36,6.6,3501.96,663.53,14,12981.25,9485.59,11879.9,7714.41
ENT-HND-002,2025-09-01,block_printing,8.0,1381.66,6.7,3252.75,643.04,10,9104.52,10035.34,11034.47,7138.68
ENT-HND-002,2025-09-02,block_printing,6.7,1579.38,5.6,3096.22,503.48,11,5053.2,9527.28,10503.46,6903.77
ENT-HND-002,2025-09-03,block_printing,10.1,1546.19,7.1,4616.42,777.25,14,10463.51,9871.21,15660.51,10266.84
ENT-HND-002,2025-09-04,block_printing,10.0,1440.49,7.6,4253.43,641.29,10,8769.88,9323.72,14429.13,9534.42
ENT-HND-002,2025-09-05,block_printing,8.2,1600.65,6.1,3867.72,726.49,8,6735.52,9150.92,13120.69,8526.47
ENT-HND-002,2025-09-06,block_printing,6.9,1594.12,5.4,3228.51,559.89,11,6103.14,8458.72,10952.25,7163.85
ENT-HND-002,2025-09-07,block_printing,8.5,1468.35,7.0,3658.35,583.1,10,7175.85,7629.37,12410.4,8168.96
ENT-HND-002,2025-09-08,block_printing,8.0,1633.83,6.2,3832.6,552.37,11,4696.71,6999.69,13001.53,8616.56
ENT-HND-002,2025-09-09,block_printing,9.1,1531.7,7.3,4125.43,623.03,14,11861.13,7972.25,13994.92,9246.46
ENT-HND-002,2025-09-10,block_printing,8.2,1361.59,6.4,3300.03,708.88,12,5236.99,7225.6,11194.86,7185.95
ENT-HND-002,2025-09-11,block_printing,8.9,1561.69,7.0,4085.95,634.9,9,7524.93,7047.75,13860.99,9140.14
ENT-HND-002,2025-09-12,block_printing,8.1,1444.17,6.2,3446.49,532.4,10,4579.38,6739.73,11691.73,7712.83
ENT-HND-002,2025-09-13,block_printing,8.6,1473.19,6.0,3744.66,657.93,9,4282.65,6479.66,12703.22,8300.63
ENT-HND-002,2025-09-14,block_printing,7.9,1611.03,6.2,3762.56,510.79,4,3223.79,5915.08,12763.93,8490.58
ENT-HND-002,2025-09-15,block_printing,7.5,1599.42,6.4,3553.76,510.89,12,10234.48,6706.19,12055.62,7990.97
ENT-HND-002,2025-09-16,block_printing,8.2,1469.77,6.6,3569.44,728.28,8,7965.37,6149.66,12108.81,7811.09
ENT-HND-002,2025-09-17,block_printing,6.9,1605.48,6.1,3255.18,535.0,11,1799.09,5658.53,11042.71,7252.54
ENT-HND-002,2025-09-18,block_printing,8.5,1413.03,7.1,3526.1,687.36,8,3405.36,5070.02,11961.77,7748.31
ENT-HND-002,2025-09-19,block_printing,8.3,1615.58,6.4,3929.81,552.28,11,6587.52,5356.89,13331.32,8849.23
ENT-HND-002,2025-09-20,block_printing,7.7,1636.87,5.8,3738.79,549.13,11,2077.23,5041.84,12683.3,8395.39
ENT-HND-002,2025-09-21,block_printing,8.1,1600.94,6.1,3806.7,560.1,11,2282.04,4907.3,12913.67,8546.87
ENT-HND-002,2025-09-22,block_printing,9.7,1611.08,7.5,4590.39,794.71,6,2944.52,3865.88,15572.24,10187.14
ENT-HND-002,2025-09-23,block_printing,8.9,1690.5,7.8,4458.08,690.42,10,6662.74,3679.79,15123.4,9974.9
ENT-HND-002,2025-09-24,block_printing,6.2,1574.88,4.9,2870.34,446.1,15,8922.27,4697.38,9737.19,6420.76
ENT-HND-002,2025-09-25,block_printing,7.8,1530.29,5.4,3505.89,534.65,11,4893.08,4909.92,11893.22,7852.68
ENT-HND-002,2025-09-26,block_printing,6.8,1399.27,5.5,2819.42,488.93,8,5128.43,4701.47,9564.48,6256.13
ENT-HND-002,2025-09-27,block_printing,9.3,1562.79,7.0,4290.89,749.74,11,3443.82,4896.7,14556.23,9515.6
ENT-HND-002,2025-09-28,block_printing,8.5,1538.95,6.7,3849.86,715.06,9,8096.04,5727.27,13060.09,8495.16
ENT-HND-002,2025-09-29,block_printing,7.8,1651.56,6.3,3777.71,552.29,11,9421.47,6652.55,12815.35,8485.34
ENT-HND-002,2025-09-30,block_printing,8.0,1624.6,6.5,3817.67,638.05,13,11202.09,7301.03,12950.88,8495.16
ENT-HND-002,2025-10-01,block_printing,14.3,2096.28,12.5,8855.1,1160.39,20,15946.8,8304.53,30039.64,20024.15
ENT-HND-002,2025-10-02,block_printing,15.5,2132.56,11.7,9754.63,1061.71,21,20441.51,10525.74,33091.17,22274.82
ENT-HND-002,2025-10-03,block_printing,14.3,2211.84,12.3,9318.42,1162.45,17,14646.81,11885.51,31611.37,21130.51
ENT-HND-002,2025-10-04,block_printing,14.7,2038.31,11.9,8836.87,1095.93,20,10222.13,12853.84,29977.78,20044.98
ENT-HND-002,2025-10-05,block_printing,15.1,2252.53,12.2,9993.95,1136.92,20,19338.38,14459.89,33903.01,22772.14
ENT-HND-002,2025-10-06,block_printing,15.4,2019.85,12.7,9193.22,1146.65,19,13809.52,15086.75,31186.66,20846.79
ENT-HND-002,2025-10-07,block_printing,14.0,2031.43,10.9,8357.37,892.08,15,11933.28,15191.21,28351.16,19101.71
ENT-HND-002,2025-10-08,block_printing,16.0,2076.69,13.3,9784.06,1164.0,20,16235.05,15232.38,33191.0,22242.94
ENT-HND-002,2025-10-09,block_printing,14.3,1843.79,11.8,7786.73,1060.55,22,6732.19,13273.91,26415.34,17568.06
ENT-HND-002,2025-10-10,block_printing,17.1,2011.64,14.4,10127.69,1234.57,23,6576.23,12120.97,34356.69,22994.44
ENT-HND-002,2025-10-11,block_printing,11.2,2158.92,8.9,7132.21,847.41,19,14824.14,12778.4,24194.99,16215.37
ENT-HND-002,2025-10-12,block_printing,16.2,2046.42,13.5,9785.04,1219.99,18,12075.05,11740.78,33194.33,22189.3
ENT-HND-002,2025-10-13,block_printing,14.8,2200.56,12.5,9600.88,1130.81,23,22830.04,13029.43,32569.58,21837.89
ENT-HND-002,2025-10-14,block_printing,15.4,2021.26,12.5,9198.84,1148.86,19,9110.01,12626.1,31205.71,20858.01
ENT-HND-002,2025-10-15,block_printing,16.6,2142.79,13.1,10467.82,1116.61,20,10136.28,11754.85,35510.54,23926.12
ENT-HND-002,2025-10-16,block_printing,14.8,2032.58,12.3,8893.39,1155.73,17,6938.79,11784.36,30169.54,20120.41
ENT-HND-002,2025-10-17,block_printing,14.8,2021.29,11.2,8827.21,1110.04,24,13915.58,12832.84,29945.01,20007.76
ENT-HND-002,2025-10-18,block_printing,14.7,2060.16,11.7,8918.82,1106.79,13,10276.59,12183.19,30255.81,20230.2
ENT-HND-002,2025-10-19,block_printing,15.5,2066.64,12.4,9423.59,1286.26,24,20826.62,13433.42,31968.16,21258.31
ENT-HND-002,2025-10-20,block_printing,16.1,2149.17,13.6,10200.4,1313.47,18,17150.8,12622.1,34603.36,23089.49
ENT-HND-002,2025-10-21,block_printing,15.3,2088.19,12.9,9401.85,1139.24,22,20106.67,14193.05,31894.41,21353.31
ENT-HND-002,2025-10-22,block_printing,14.1,2086.59,11.6,8693.11,1110.52,19,8623.96,13977.0,29490.1,19686.47
ENT-HND-002,2025-10-23,block_printing,14.0,1860.19,10.8,7698.04,1077.61,19,17138.49,15434.1,26114.46,17338.82
ENT-HND-002,2025-10-24,block_printing,13.6,2015.82,10.7,8084.64,1080.93,14,4789.83,14130.42,27425.97,18260.4
ENT-HND-002,2025-10-25,block_printing,12.8,2059.1,10.0,7795.34,848.33,19,15378.6,14859.28,26444.56,17800.88
ENT-HND-002,2025-10-26,block_printing,14.2,2164.58,11.2,9086.47,1200.37,19,9742.09,13275.78,30824.53,20537.69
ENT-HND-002,2025-10-27,block_printing,12.3,2041.04,9.2,7379.89,917.55,17,14567.39,12906.72,25035.2,16737.76
ENT-HND-002,2025-10-28,block_printing,14.6,2063.26,11.8,8896.35,1061.86,20,16261.29,12357.38,30179.57,20221.36
ENT-HND-002,2025-10-29,block_printing,13.2,2198.67,10.1,8578.4,908.0,21,7482.67,12194.34,29100.98,19614.58
ENT-HND-002,2025-10-30,block_printing,14.2,2099.23,11.2,8776.03,1150.13,21,6006.95,10604.12,29771.41,19845.25
ENT-HND-002,2025-10-31,block_printing,14.3,2152.16,10.9,9078.29,1149.67,17,7490.42,10989.92,30796.78,20568.82
ENT-HND-002,2025-11-01,block_printing,14.6,2106.09,11.5,9083.18,1121.54,21,7239.08,9827.13,30813.37,20608.64
ENT-HND-002,2025-11-02,block_printing,14.4,2163.1,11.2,9188.88,1228.1,19,13634.64,10383.21,31171.95,20754.96
ENT-HND-002,2025-11-03,block_printing,15.2,2128.78,13.0,9555.78,1111.64,22,16412.81,10646.84,32416.59,21749.17
ENT-HND-002,2025-11-04,block_printing,14.3,2111.62,11.3,8901.18,1074.07,20,15611.05,10553.95,30195.96,20220.71
ENT-HND-002,2025-11-05,block_printing,14.2,2038.8,11.3,8514.12,1224.07,21,15736.94,11733.13,28882.91,19144.73
ENT-HND-002,2025-11-06,block_printing,12.6,1877.64,10.4,6962.25,900.36,17,4566.84,11527.4,23618.42,15755.81
ENT-HND-002,2025-11-07,block_printing,16.1,2120.74,13.2,10076.44,1230.88,18,9456.73,11808.3,34182.85,22875.52
ENT-HND-002,2025-11-08,block_printing,14.8,2075.84,12.1,9060.44,899.08,18,15857.53,13039.51,30736.21,20776.69
ENT-HND-002,2025-11-09,block_printing,14.7,2167.06,11.6,9377.67,1156.28,17,14079.58,13103.07,31812.38,21278.42
ENT-HND-002,2025-11-10,block_printing,15.5,1988.95,12.0,9101.83,1054.02,20,12226.44,12505.02,30876.62,20720.77
ENT-HND-002,2025-11-11,block_printing,14.2,1933.7,11.5,8071.46,1109.05,18,5897.23,11117.33,27381.24,18200.73
ENT-HND-002,2025-11-12,block_printing,14.3,2179.54,11.3,9218.66,1005.92,17,3375.96,9351.48,31272.96,21048.38
ENT-HND-002,2025-11-13,block_printing,15.0,2031.53,12.4,9006.16,1011.8,18,16216.33,11015.69,30552.08,20534.12
ENT-HND-002,2025-11-14,block_printing,12.2,2058.73,9.1,7399.04,905.01,20,19535.23,12455.47,25100.16,16796.11
ENT-HND-002,2025-11-15,block_printing,12.8,1898.48,10.8,7172.56,1015.55,21,3471.11,10685.98,24331.85,16143.75
ENT-HND-002,2025-11-16,block_printing,13.9,2093.5,11.0,8606.12,1003.71,19,15449.25,10881.65,29195.02,19585.18
ENT-HND-002,2025-11-17,block_printing,15.9,2059.22,12.5,9648.41,1159.14,20,5703.41,9949.79,32730.82,21923.27
ENT-HND-002,2025-11-18,block_printing,12.6,2197.99,10.0,8161.27,871.42,20,9897.5,10521.26,27685.93,18653.23
ENT-HND-002,2025-11-19,block_printing,12.7,2171.15,9.9,8141.49,947.67,20,15928.14,12314.42,27618.83,18529.66
ENT-HND-002,2025-11-20,block_printing,15.0,2027.9,11.7,8958.85,1257.46,21,8281.4,11180.86,30391.57,20175.27
ENT-HND-002,2025-11-21,block_printing,15.3,1916.23,11.7,8651.44,1069.84,18,8734.61,9637.92,29348.74,19627.46
ENT-HND-002,2025-11-22,block_printing,14.6,2081.24,11.9,8975.62,1046.77,21,18128.71,11731.86,30448.47,20426.08
ENT-HND-002,2025-11-23,block_printing,14.6,2020.23,12.6,8723.1,1138.47,22,15399.2,11724.71,29591.83,19730.26
ENT-HND-002,2025-11-24,block_printing,13.2,2101.72,10.4,8200.63,989.76,18,5772.12,11734.53,27819.43,18629.05
ENT-HND-002,2025-11-25,block_printing,15.6,2118.36,12.2,9723.41,1217.79,20,13062.07,12186.61,32985.26,22044.05
ENT-HND-002,2025-11-26,block_printing,14.4,2063.66,11.2,8741.22,1258.3,20,3633.62,10430.25,29653.33,19653.8
ENT-HND-002,2025-11-27,block_printing,15.0,1878.92,12.0,8312.0,1231.58,15,2949.88,9668.6,28197.26,18653.67
ENT-HND-002,2025-11-28,block_printing,16.2,1990.07,13.5,9480.7,1214.01,21,13368.11,10330.53,32161.87,21467.16
ENT-HND-002,2025-11-29,block_printing,13.6,2099.34,11.7,8439.94,1078.99,20,14203.59,9769.8,28631.25,19112.33
ENT-HND-002,2025-11-30,block_printing,14.9,2002.41,11.7,8783.86,1151.48,20,18926.56,10273.71,29797.97,19862.63
ENT-HND-002,2025-12-01,block_printing,9.8,1577.43,7.6,4571.86,771.79,13,4160.55,10043.48,15509.37,10165.72
ENT-HND-002,2025-12-02,block_printing,7.7,1760.96,7.2,3982.63,533.51,12,6592.66,9119.28,13510.49,8994.35
ENT-HND-002,2025-12-03,block_printing,10.8,1473.99,7.6,4684.99,795.11,16,2830.39,9004.53,15893.14,10413.04
ENT-HND-002,2025-12-04,block_printing,10.3,1660.01,8.9,5054.23,745.02,15,7714.23,9685.15,17145.75,11346.5
ENT-HND-002,2025-12-05,block_printing,9.1,1543.74,6.7,4140.97,746.68,12,11979.66,9486.8,14047.62,9159.98
ENT-HND-002,2025-12-06,block_printing,8.7,1591.41,7.4,4088.04,678.71,15,5909.65,8301.95,13868.09,9101.33
ENT-HND-002,2025-12-07,block_printing,11.0,1525.67,9.3,4947.0,953.26,13,4370.22,6222.48,16781.98,10881.71
ENT-HND-002,2025-12-08,block_printing,9.7,1411.57,7.7,4018.96,644.79,12,11973.82,7338.66,13633.73,8969.98
ENT-HND-002,2025-12-09,block_printing,10.3,1707.63,8.0,5198.22,676.37,13,11254.84,8004.68,17634.22,11759.62
ENT-HND-002,2025-12-10,block_printing,8.7,1575.95,6.7,4046.84,634.47,9,3386.59,8084.14,13728.31,9047.0
ENT-HND-002,2025-12-11,block_printing,9.6,1594.52,7.4,4532.96,722.24,15,6549.51,7917.75,15377.41,10122.22
ENT-HND-002,2025-12-12,block_printing,7.8,1614.06,6.7,3707.9,620.74,13,8469.13,7416.25,12578.51,8249.88
ENT-HND-002,2025-12-13,block_printing,9.7,1625.84,7.8,4627.74,623.15,14,5216.02,7317.16,15698.93,10448.04
ENT-HND-002,2025-12-14,block_printing,8.8,1768.81,6.4,4584.5,572.82,12,11553.09,8343.28,15552.23,10394.92
ENT-HND-002,2025-12-15,block_printing,10.7,1568.72,8.1,4928.77,886.39,14,8552.56,7854.53,16720.13,10904.97
ENT-HND-002,2025-12-16,block_printing,8.3,1425.93,6.4,3507.39,670.11,11,8002.73,7389.95,11898.29,7720.8
ENT-HND-002,2025-12-17,block_printing,10.0,1599.43,8.4,4695.36,847.73,8,1656.58,7142.8,15928.33,10385.23
ENT-HND-002,2025-12-18,block_printing,10.1,1557.78,8.5,4651.63,692.17,13,2610.91,6580.14,15779.98,10436.18
ENT-HND-002,2025-12-19,block_printing,9.3,1640.33,7.5,4506.78,676.73,12,7073.64,6380.79,15288.61,10105.09
ENT-HND-002,2025-12-20,block_printing,8.8,1449.51,6.6,3772.06,703.16,12,6001.35,6492.98,12796.17,8320.94
ENT-HND-002,2025-12-21,block_printing,10.9,1796.23,8.8,5761.4,851.4,15,5654.37,5650.3,19544.7,12931.91
ENT-HND-002,2025-12-22,block_printing,8.8,1582.58,7.4,4083.5,564.76,12,5926.43,5275.14,13852.68,9204.42
ENT-HND-002,2025-12-23,block_printing,9.7,1625.09,8.0,4645.61,700.83,13,3976.68,4699.99,15759.57,10413.12
ENT-HND-002,2025-12-24,block_printing,10.8,1414.91,8.0,4502.58,722.77,10,5343.04,5226.63,15274.34,10048.99
ENT-HND-002,2025-12-25,block_printing,8.7,1522.93,7.0,3890.05,673.28,10,8370.87,6049.48,13196.41,8633.08
ENT-HND-002,2025-12-26,block_printing,8.2,1598.96,6.8,3851.86,554.08,13,9614.27,6412.43,13066.87,8660.93
ENT-HND-002,2025-12-27,block_printing,8.7,1471.97,6.3,3785.47,651.97,15,6265.14,6450.11,12841.64,8404.21
ENT-HND-002,2025-12-28,block_printing,10.3,1605.45,7.8,4853.55,736.49,16,11844.78,7334.46,16464.97,10874.93
ENT-HND-002,2025-12-29,block_printing,10.3,1509.78,8.3,4579.43,689.23,8,4906.44,7188.75,15535.04,10266.38
ENT-HND-002,2025-12-30,block_printing,9.4,1562.33,7.7,4312.0,662.19,13,10381.22,8103.68,14627.81,9653.62
ENT-HND-002,2025-12-31,block_printing,9.8,1793.47,8.2,5195.64,696.72,13,10895.91,8896.95,17625.46,11733.1
ENT-HND-002,2026-01-01,block_printing,6.6,1467.95,4.8,2868.41,407.64,6,1714.67,7946.06,9730.66,6454.61
ENT-HND-002,2026-01-02,block_printing,5.3,1674.95,5.0,2599.1,497.23,7,5647.06,7379.32,8817.07,5720.75
ENT-HND-002,2026-01-03,block_printing,7.3,1674.58,5.6,3617.18,636.63,8,2984.42,6910.64,12270.74,8016.93
ENT-HND-002,2026-01-04,block_printing,5.5,1580.11,4.2,2539.46,427.9,5,3669.59,5742.76,8614.76,5647.39
ENT-HND-002,2026-01-05,block_printing,7.1,1579.22,4.4,3285.26,555.69,7,4628.95,5703.12,11144.76,7303.81
ENT-HND-002,2026-01-06,block_printing,8.5,1551.77,6.4,3872.59,770.11,6,1036.6,4368.17,13137.19,8494.49
ENT-HND-002,2026-01-07,block_printing,6.8,1711.77,4.9,3419.16,544.45,10,6661.69,3763.28,11598.99,7635.39
ENT-HND-002,2026-01-08,block_printing,5.8,1659.22,5.4,2859.13,438.04,6,2317.47,3849.4,9699.18,6402.0
ENT-HND-002,2026-01-09,block_printing,7.4,1443.43,5.2,3155.0,581.14,9,6893.8,4027.5,10702.87,6966.74
ENT-HND-002,2026-01-10,block_printing,5.4,1391.43,5.0,2214.52,433.09,8,7686.17,4699.18,7512.45,4864.84
ENT-HND-002,2026-01-11,block_printing,6.1,1634.97,4.5,2937.92,529.74,10,9329.68,5507.77,9966.47,6498.81
ENT-HND-002,2026-01-12,block_printing,4.5,1541.9,3.7,2030.53,285.45,3,2128.33,5150.53,6888.28,4572.3
ENT-HND-002,2026-01-13,block_printing,6.8,1550.13,5.4,3090.14,696.5,9,1766.15,5254.76,10482.84,6696.2
ENT-HND-002,2026-01-14,block_printing,6.0,1665.12,5.8,2967.0,547.04,10,3230.49,4764.58,10065.13,6551.08
ENT-HND-002,2026-01-15,block_printing,5.2,1556.96,3.4,2397.76,555.2,9,2499.2,4790.55,8134.04,5181.09
ENT-HND-002,2026-01-16,block_printing,6.1,1705.74,4.4,3055.65,421.9,5,4289.93,4418.56,10365.84,6888.3
ENT-HND-002,2026-01-17,block_printing,5.8,1801.33,4.6,3081.89,426.76,10,6425.36,4238.45,10454.85,6946.21
ENT-HND-002,2026-01-18,block_printing,7.1,1455.07,5.3,3031.76,484.47,8,1711.78,3150.18,10284.79,6768.56
ENT-HND-002,2026-01-19,block_printing,5.3,1648.89,4.6,2552.57,476.15,12,3549.2,3353.16,8659.23,5630.5
ENT-HND-002,2026-01-20,block_printing,5.1,1572.78,4.4,2369.59,392.1,8,1313.85,3288.54,8038.5,5276.8
ENT-HND-002,2026-01-21,block_printing,5.2,1625.1,2.7,2493.56,476.52,6,5400.05,3598.48,8459.04,5488.95
ENT-HND-002,2026-01-22,block_printing,6.7,1622.18,4.9,3219.93,646.24,10,6956.36,4235.22,10923.13,7056.97
ENT-HND-002,2026-01-23,block_printing,4.3,1561.08,3.4,1965.45,311.59,9,3608.55,4137.88,6667.5,4390.46
ENT-HND-002,2026-01-24,block_printing,8.1,1540.46,6.2,3679.21,551.14,7,3476.54,3716.62,12481.17,8250.82
ENT-HND-002,2026-01-25,block_printing,7.5,1708.88,5.9,3794.93,650.21,7,6461.36,4395.13,12873.74,8428.6
ENT-HND-002,2026-01-26,block_printing,7.1,1434.24,5.6,3010.38,616.59,7,3291.5,4358.32,10212.27,6585.3
ENT-HND-002,2026-01-27,block_printing,9.0,1587.64,7.7,4225.14,655.87,11,8098.75,5327.59,14333.17,9452.17
ENT-HND-002,2026-01-28,block_printing,6.9,1491.77,5.0,3036.84,615.72,8,1738.28,4804.48,10302.02,6649.47
ENT-HND-003,2025-07-01,bamboo_weaving,11.4,1303.91,8.9,4294.82,462.11,16,13648.14,13648.14,14881.07,10124.14
ENT-HND-003,2025-07-02,bamboo_weaving,11.5,1354.09,9.5,4480.22,284.37,13,9871.19,11759.66,15523.45,10758.87
ENT-HND-003,2025-07-03,bamboo_weaving,10.9,1269.68,9.5,4011.98,314.33,5,4833.1,9450.81,13901.05,9574.75
ENT-HND-003,2025-07-04,bamboo_weaving,13.7,1367.14,10.1,5421.04,440.1,12,11695.59,10012.01,18783.29,12922.15
ENT-HND-003,2025-07-05,bamboo_weaving,11.6,1241.6,9.0,4165.59,265.69,7,6330.42,9275.69,14433.29,10002.01
ENT-HND-003,2025-07-06,bamboo_weaving,13.2,1289.78,10.5,4906.53,422.87,15,7183.63,8927.01,17000.59,11671.18
ENT-HND-003,2025-07-07,bamboo_weaving,10.5,1342.47,8.4,4055.05,403.34,13,12242.15,9400.6,14050.28,9591.89
ENT-HND-003,2025-07-08,bamboo_weaving,12.9,1362.09,9.3,5062.04,545.73,16,14758.06,9559.16,17539.4,11931.63
ENT-HND-003,2025-07-09,bamboo_weaving,12.7,1220.13,9.8,4481.57,483.22,15,4995.54,8862.64,15528.15,10563.35
ENT-HND-003,2025-07-10,bamboo_weaving,12.3,1249.39,9.4,4440.19,217.6,14,10550.38,9679.4,15384.77,10726.98
ENT-HND-003,2025-07-11,bamboo_weaving,13.0,1474.18,10.6,5535.2,336.38,12,2298.33,8336.93,19178.83,13307.26
ENT-HND-003,2025-07-12,bamboo_weaving,14.3,1343.53,11.5,5531.22,277.79,12,3841.45,7981.36,19165.04,13356.04
ENT-HND-003,2025-07-13,bamboo_weaving,12.9,1426.43,11.1,5319.92,607.4,11,10035.13,8388.72,18432.91,12505.6
ENT-HND-003,2025-07-14,bamboo_weaving,12.0,1532.84,9.2,5311.33,435.82,7,1923.42,6914.61,18403.15,12656.0
ENT-HND-003,2025-07-15,bamboo_weaving,12.4,1231.15,9.2,4421.96,415.67,10,8901.08,6077.9,15321.61,10483.97
ENT-HND-003,2025-07-16,bamboo_weaving,11.0,1203.99,9.0,3820.49,314.68,13,10917.38,6923.88,13237.57,9102.4
ENT-HND-003,2025-07-17,bamboo_weaving,13.1,1384.63,10.4,5216.3,358.61,10,6977.63,6413.49,18073.9,12498.99
ENT-HND-003,2025-07-18,bamboo_weaving,12.2,1224.53,10.0,4297.99,403.85,8,2120.94,6388.15,14892.05,10190.21
ENT-HND-003,2025-07-19,bamboo_weaving,11.7,1500.52,9.2,5070.44,342.43,13,4515.01,6484.37,17568.51,12155.64
ENT-HND-003,2025-07-20,bamboo_weaving,13.2,1163.51,9.9,4430.8,412.21,10,6790.27,6020.82,15352.22,10509.21
ENT-HND-003,2025-07-21,bamboo_weaving,12.7,1211.99,9.8,4426.27,476.82,15,13995.52,7745.4,15336.52,10433.43
ENT-HND-003,2025-07-22,bamboo_weaving,12.8,1558.44,9.9,5779.14,443.65,14,12564.23,8268.71,20024.06,13801.27
ENT-HND-003,2025-07-23,bamboo_weaving,11.1,1205.31,8.7,3858.6,419.78,10,5972.63,7562.32,13369.61,9091.23
ENT-HND-003,2025-07-24,bamboo_weaving,12.6,1325.55,10.2,4828.62,380.14,8,5565.3,7360.56,16730.61,11521.85
ENT-HND-003,2025-07-25,bamboo_weaving,12.8,1259.06,11.4,4649.97,394.29,11,3177.48,7511.49,16111.63,11067.37
ENT-HND-003,2025-07-26,bamboo_weaving,11.8,1327.48,9.2,4513.29,383.82,10,4939.99,7572.2,15638.05,10740.93
ENT-HND-003,2025-07-27,bamboo_weaving,10.2,1271.27,8.0,3742.21,292.75,13,4444.6,7237.11,12966.34,8931.38
ENT-HND-003,2025-07-28,bamboo_weaving,11.4,1137.27,9.4,3756.98,296.48,11,4768.47,5918.96,13017.51,8964.06
ENT-HND-003,2025-07-29,bamboo_weaving,13.2,1152.69,10.7,4376.06,450.73,11,2026.94,4413.63,15162.56,10335.77
ENT-HND-003,2025-07-30,bamboo_weaving,11.9,1302.17,10.0,4490.58,426.91,11,5843.98,4395.25,15559.37,10641.88
ENT-HND-003,2025-07-31,bamboo_weaving,13.1,1268.52,10.7,4805.9,323.21,14,3631.18,4118.95,16651.89,11522.79
ENT-HND-003,2025-08-01,bamboo_weaving,11.5,1494.11,9.8,4952.52,336.23,9,4948.84,4372.0,17159.93,11871.17
ENT-HND-003,2025-08-02,bamboo_weaving,12.2,1133.59,9.0,3977.33,397.81,15,13129.98,5542.0,13780.99,9405.86
ENT-HND-003,2025-08-03,bamboo_weaving,12.9,1398.7,10.6,5198.58,460.25,12,7289.77,5948.45,18012.51,12353.68
ENT-HND-003,2025-08-04,bamboo_weaving,11.9,1366.21,9.5,4675.53,384.69,13,5861.9,6104.66,16200.17,11139.96
ENT-HND-003,2025-08-05,bamboo_weaving,10.2,1174.83,8.0,3449.24,419.76,7,2959.72,6237.91,11951.24,8082.23
ENT-HND-003,2025-08-06,bamboo_weaving,12.7,1427.31,9.7,5246.98,302.83,12,11202.62,7003.43,18180.18,12630.38
ENT-HND-003,2025-08-07,bamboo_weaving,12.9,1155.47,10.4,4306.07,399.96,11,3948.51,7048.76,14920.05,10214.03
ENT-HND-003,2025-08-08,bamboo_weaving,13.7,1275.31,10.8,5039.95,450.47,12,9563.62,7708.02,17462.87,11972.44
ENT-HND-003,2025-08-09,bamboo_weaving,12.6,1298.55,10.5,4729.36,288.76,15,2557.7,6197.69,16386.7,11368.58
ENT-HND-003,2025-08-10,bamboo_weaving,10.5,1383.59,7.5,4174.57,334.2,14,12992.53,7012.37,14464.4,9955.63
ENT-HND-003,2025-08-11,bamboo_weaving,12.6,1072.01,9.6,3904.33,501.56,10,1678.85,6414.79,13528.07,9122.18
ENT-HND-003,2025-08-12,bamboo_weaving,11.6,1254.05,9.9,4194.36,307.15,9,4273.34,6602.46,14532.97,10031.47
ENT-HND-003,2025-08-13,bamboo_weaving,14.8,1251.27,12.0,5362.62,402.0,14,10677.91,6527.5,18580.89,12816.26
ENT-HND-003,2025-08-14,bamboo_weaving,12.2,1290.65,9.7,4541.97,440.62,13,7554.88,7042.69,15737.43,10754.84
ENT-HND-003,2025-08-15,bamboo_weaving,10.5,1280.9,9.2,3876.31,236.54,12,7972.21,6815.35,13430.98,9318.13
ENT-HND-003,2025-08-16,bamboo_weaving,13.5,1242.25,11.0,4852.17,531.07,14,3202.61,6907.48,16812.24,11429.0
ENT-HND-003,2025-08-17,bamboo_weaving,13.9,1330.31,12.1,5334.19,324.13,12,2604.38,5423.46,18482.37,12824.06
ENT-HND-003,2025-08-18,bamboo_weaving,12.1,1224.46,9.8,4258.76,340.67,10,4377.28,5808.95,14756.12,10156.69
ENT-HND-003,2025-08-19,bamboo_weaving,12.1,1320.96,9.8,4621.26,440.14,12,7858.8,6321.15,16012.13,10950.74
ENT-HND-003,2025-08-20,bamboo_weaving,11.8,1374.2,8.1,4664.18,264.04,13,8586.85,6022.43,16160.85,11232.63
ENT-HND-003,2025-08-21,bamboo_weaving,12.9,1382.29,10.2,5138.65,398.39,15,6027.39,5804.22,17804.85,12267.81
ENT-HND-003,2025-08-22,bamboo_weaving,13.0,1259.69,10.2,4718.38,232.04,13,11844.17,6357.35,16348.67,11398.24
ENT-HND-003,2025-08-23,bamboo_weaving,9.3,1268.85,7.4,3395.79,217.8,7,4455.15,6536.29,11766.04,8152.44
ENT-HND-003,2025-08-24,bamboo_weaving,11.7,1220.08,8.5,4129.08,397.28,13,6452.27,7085.99,14306.79,9780.43
ENT-HND-003,2025-08-25,bamboo_weaving,11.8,1230.44,9.8,4184.72,260.48,10,9797.9,7860.36,14499.57,10054.37
ENT-HND-003,2025-08-26,bamboo_weaving,10.4,1377.49,8.5,4121.52,304.08,9,4780.45,7420.6,14280.6,9855.0
ENT-HND-003,2025-08-27,bamboo_weaving,11.8,1191.14,9.0,4071.84,414.98,14,6781.11,7162.63,14108.47,9621.65
ENT-HND-003,2025-08-28,bamboo_weaving,10.6,1333.44,8.5,4069.66,347.75,10,2245.71,6622.39,14100.9,9683.5
ENT-HND-003,2025-08-29,bamboo_weaving,10.4,1267.21,8.1,3806.37,328.75,12,10567.73,6440.04,13188.65,9053.53
ENT-HND-003,2025-08-30,bamboo_weaving,9.9,1104.72,8.2,3156.49,425.73,11,2914.64,6219.97,10936.89,7354.66
ENT-HND-003,2025-08-31,bamboo_weaving,12.0,1187.47,9.7,4116.12,471.32,10,4653.73,5963.04,14261.91,9674.46
ENT-HND-003,2025-09-01,bamboo_weaving,11.6,1226.79,9.7,4103.89,443.12,13,2497.41,4920.11,14219.51,9672.5
ENT-HND-003,2025-09-02,bamboo_weaving,13.6,1220.07,11.3,4771.61,433.0,12,10110.22,5681.51,16533.11,11328.49
ENT-HND-003,2025-09-03,bamboo_weaving,12.0,1353.04,8.3,4679.27,451.8,11,4632.86,5374.61,16213.16,11082.08
ENT-HND-003,2025-09-04,bamboo_weaving,12.4,1347.56,9.8,4819.84,364.31,14,8214.16,6227.25,16700.22,11516.06
ENT-HND-003,2025-09-05,bamboo_weaving,12.8,1281.59,9.6,4751.51,372.07,10,3296.57,5188.51,16463.44,11339.86
ENT-HND-003,2025-09-06,bamboo_weaving,13.7,1363.97,10.5,5390.46,307.26,14,12416.77,6545.96,18677.33,12979.61
ENT-HND-003,2025-09-07,bamboo_weaving,12.2,1216.15,9.8,4279.77,279.89,11,1762.87,6132.98,14828.93,10269.26
ENT-HND-003,2025-09-08,bamboo_weaving,14.0,1115.39,11.4,4514.11,508.82,11,5605.58,6577.01,15640.89,10617.96
ENT-HND-003,2025-09-09,bamboo_weaving,11.6,1459.72,9.7,4876.73,401.79,12,3806.75,5676.51,16897.33,11618.81
ENT-HND-003,2025-09-10,bamboo_weaving,12.7,1377.77,10.6,5047.81,425.14,13,4149.48,5607.46,17490.1,12017.15
ENT-HND-003,2025-09-11,bamboo_weaving,9.9,1322.93,7.8,3798.23,281.55,10,5097.6,5162.23,13160.43,9080.65
ENT-HND-003,2025-09-12,bamboo_weaving,12.0,1235.25,9.8,4269.67,377.2,13,2779.34,5088.34,14793.92,10147.05
ENT-HND-003,2025-09-13,bamboo_weaving,11.3,1364.34,9.8,4444.44,333.47,15,6908.43,4301.44,15399.49,10621.57
ENT-HND-003,2025-09-14,bamboo_weaving,11.2,1326.64,9.5,4289.39,228.95,11,2158.77,4357.99,14862.25,10343.91
ENT-HND-003,2025-09-15,bamboo_weaving,14.3,1431.18,11.8,5909.83,538.7,10,4881.81,4254.6,20476.9,14028.37
ENT-HND-003,2025-09-16,bamboo_weaving,12.9,1447.33,10.0,5376.85,334.03,13,5597.58,4510.43,18630.19,12919.3
ENT-HND-003,2025-09-17,bamboo_weaving,12.3,1246.68,10.5,4429.7,328.97,12,6492.06,4845.08,15348.43,10589.75
ENT-HND-003,2025-09-18,bamboo_weaving,13.8,1420.68,11.4,5662.91,428.16,12,4277.45,4727.92,19621.33,13530.26
ENT-HND-003,2025-09-19,bamboo_weaving,11.6,1283.91,8.6,4283.68,342.07,12,8352.37,5524.07,14842.48,10216.73
ENT-HND-003,2025-09-20,bamboo_weaving,12.5,1338.49,9.6,4815.66,474.97,13,4045.67,5115.1,16685.72,11395.09
ENT-HND-003,2025-09-21,bamboo_weaving,12.3,1141.91,10.0,4057.6,237.67,14,12341.27,6569.74,14059.11,9763.85
ENT-HND-003,2025-09-22,bamboo_weaving,12.8,1463.64,10.6,5417.05,432.64,11,8784.86,7127.32,18769.47,12919.78
ENT-HND-003,2025-09-23,bamboo_weaving,14.8,1183.74,12.0,5041.99,344.43,11,3195.91,6784.23,17469.91,12083.5
ENT-HND-003,2025-09-24,bamboo_weaving,11.8,1287.81,9.9,4399.72,547.83,14,12422.85,7631.48,15244.55,10296.99
ENT-HND-003,2025-09-25,bamboo_weaving,13.2,1289.83,11.2,4921.48,447.95,12,2465.64,7372.65,17052.38,11682.95
ENT-HND-003,2025-09-26,bamboo_weaving,15.5,1293.19,12.0,5800.92,617.67,12,3966.66,6746.12,20099.53,13680.94
ENT-HND-003,2025-09-27,bamboo_weaving,11.1,1153.52,8.8,3711.24,175.53,14,6043.65,7031.55,12859.04,8972.27
ENT-HND-003,2025-09-28,bamboo_weaving,12.0,1434.59,9.5,4971.47,445.22,11,5287.19,6023.82,17225.59,11808.9
ENT-HND-003,2025-09-29,bamboo_weaving,12.0,1306.29,8.9,4518.0,325.64,14,3579.37,5280.18,15654.37,10810.73
ENT-HND-003,2025-09-30,bamboo_weaving,13.8,1355.67,11.4,5387.42,299.01,11,3096.68,5266.01,18666.79,12980.37
ENT-HND-003,2025-10-01,bamboo_weaving,21.2,1706.69,15.9,10443.31,681.32,20,6711.85,4450.15,36184.9,25060.27
ENT-HND-003,2025-10-02,bamboo_weaving,23.1,1510.95,18.5,10083.82,774.11,22,10750.56,5633.71,34939.28,24081.36
ENT-HND-003,2025-10-03,bamboo_weaving,23.0,1625.26,18.4,10790.81,706.52,22,10377.06,6549.48,37388.94,25891.62
ENT-HND-003,2025-10-04,bamboo_weaving,19.7,1603.15,15.3,9121.11,571.48,19,13027.32,7547.15,31603.61,21911.02
ENT-HND-003,2025-10-05,bamboo_weaving,20.7,1521.24,16.1,9067.72,649.52,24,9113.07,8093.7,31418.64,21701.4
ENT-HND-003,2025-10-06,bamboo_weaving,22.8,1725.77,18.3,11373.01,632.52,19,9762.65,8977.03,39406.2,27400.67
ENT-HND-003,2025-10-07,bamboo_weaving,19.6,1814.14,15.3,10282.13,647.54,23,8241.91,9712.06,35626.43,24696.76
ENT-HND-003,2025-10-08,bamboo_weaving,22.8,1698.81,17.6,11169.65,586.56,24,20115.28,11626.83,38701.59,26945.38
ENT-HND-003,2025-10-09,bamboo_weaving,21.9,1627.35,17.6,10287.13,644.53,19,12459.45,11870.96,35643.74,24712.08
ENT-HND-003,2025-10-10,bamboo_weaving,21.7,1680.11,17.5,10507.18,757.52,24,19309.52,13147.03,36406.21,25141.5
ENT-HND-003,2025-10-11,bamboo_weaving,22.1,1458.03,16.8,9310.06,637.37,21,13837.55,13262.78,32258.29,22310.87
ENT-HND-003,2025-10-12,bamboo_weaving,22.0,1529.31,17.3,9712.61,720.85,21,8747.45,13210.54,33653.08,23219.62
ENT-HND-003,2025-10-13,bamboo_weaving,21.3,1546.05,18.0,9523.2,692.75,23,7682.15,12913.33,32996.83,22780.88
ENT-HND-003,2025-10-14,bamboo_weaving,19.1,1672.05,15.5,9227.67,690.77,19,4478.64,12375.72,31972.84,22054.41
ENT-HND-003,2025-10-15,bamboo_weaving,20.3,1529.24,16.1,8949.66,507.38,20,8602.25,10731.0,31009.57,21552.53
ENT-HND-003,2025-10-16,bamboo_weaving,18.9,1714.64,15.9,9344.37,554.56,21,6406.78,9866.33,32377.19,22478.26
ENT-HND-003,2025-10-17,bamboo_weaving,21.2,1352.85,16.7,8261.7,678.75,22,13230.72,8997.93,28625.86,19685.41
ENT-HND-003,2025-10-18,bamboo_weaving,24.2,1727.39,19.9,12085.29,706.13,19,5460.09,7801.15,41874.18,29082.76
ENT-HND-003,2025-10-19,bamboo_weaving,20.0,1677.68,16.0,9675.92,456.98,21,19375.53,9319.45,33525.96,23393.07
ENT-HND-003,2025-10-20,bamboo_weaving,19.0,1512.46,15.1,8276.51,615.84,19,13464.82,10145.55,28677.17,19784.83
ENT-HND-003,2025-10-21,bamboo_weaving,22.9,1744.98,18.6,11555.56,820.31,24,18356.07,12128.04,40038.71,27662.84
ENT-HND-003,2025-10-22,bamboo_weaving,21.7,1590.49,17.4,9968.83,714.74,19,11514.15,12544.02,34540.86,23857.29
ENT-HND-003,2025-10-23,bamboo_weaving,22.8,1671.1,17.7,10993.94,656.63,21,13277.54,13525.56,38092.76,26442.19
ENT-HND-003,2025-10-24,bamboo_weaving,21.3,1701.99,17.0,10449.95,764.14,22,14910.75,13765.56,36207.91,24993.82
ENT-HND-003,2025-10-25,bamboo_weaving,23.6,1731.64,19.5,11777.46,833.5,26,13119.7,14859.79,40807.58,28196.61
ENT-HND-003,2025-10-26,bamboo_weaving,21.8,1679.77,17.0,10585.3,695.52,25,19314.67,14851.1,36676.86,25396.05
ENT-HND-003,2025-10-27,bamboo_weaving,21.5,1693.8,17.2,10504.7,475.0,23,18143.93,15519.54,36397.58,25417.89
ENT-HND-003,2025-10-28,bamboo_weaving,20.7,1603.19,16.9,9579.48,635.39,20,10326.21,14372.42,33191.83,22976.96
ENT-HND-003,2025-10-29,bamboo_weaving,20.9,1688.34,17.5,10174.64,565.76,17,4468.85,13365.95,35253.99,24513.59
ENT-HND-003,2025-10-30,bamboo_weaving,22.8,1584.35,18.0,10417.62,762.2,23,6458.87,12391.85,36095.86,24916.04
ENT-HND-003,2025-10-31,bamboo_weaving,23.4,1589.72,18.1,10737.71,729.82,21,5715.41,11078.23,37204.95,25737.43
ENT-HND-003,2025-11-01,bamboo_weaving,22.9,1685.7,19.8,11136.77,794.6,19,3124.37,9650.33,38587.66,26656.29
ENT-HND-003,2025-11-02,bamboo_weaving,23.4,1490.36,18.2,10084.46,804.83,17,8448.62,8098.04,34941.52,24052.23
ENT-HND-003,2025-11-03,bamboo_weaving,20.6,1517.94,16.4,9029.11,529.78,24,14058.97,7514.47,31284.85,21725.96
ENT-HND-003,2025-11-04,bamboo_weaving,22.0,1807.37,17.7,11480.16,661.31,19,3340.91,6516.57,39777.47,27636.0
ENT-HND-003,2025-11-05,bamboo_weaving,21.1,1764.46,17.0,10740.64,550.65,24,3847.17,6427.76,37215.11,25923.82
ENT-HND-003,2025-11-06,bamboo_weaving,21.3,1507.0,17.1,9247.33,559.92,24,15347.47,7697.56,32040.94,22233.7
ENT-HND-003,2025-11-07,bamboo_weaving,19.9,1697.9,16.2,9759.09,548.73,22,7222.23,7912.82,33814.14,23506.32
ENT-HND-003,2025-11-08,bamboo_weaving,21.1,1665.18,17.0,10131.51,635.76,22,10361.88,8946.75,35104.54,24337.27
ENT-HND-003,2025-11-09,bamboo_weaving,23.8,1612.74,19.7,11073.45,819.37,22,12617.56,9542.31,38368.26,26475.44
ENT-HND-003,2025-11-10,bamboo_weaving,22.1,1723.98,17.8,11009.56,749.48,23,4332.83,8152.86,38146.87,26387.84
ENT-HND-003,2025-11-11,bamboo_weaving,20.6,1593.69,16.2,9462.79,650.0,21,14764.52,9784.81,32787.49,22674.71
ENT-HND-003,2025-11-12,bamboo_weaving,23.3,1669.05,19.2,11226.67,862.26,19,8213.8,10408.61,38899.14,26810.21
ENT-HND-003,2025-11-13,bamboo_weaving,19.7,1659.26,15.9,9439.26,590.87,22,4064.25,8796.72,32705.96,22675.83
ENT-HND-003,2025-11-14,bamboo_weaving,20.0,1501.23,16.1,8664.55,515.24,17,16359.4,10102.03,30021.7,20841.91
ENT-HND-003,2025-11-15,bamboo_weaving,20.5,1605.7,16.0,9478.66,715.8,20,18453.91,11258.04,32842.49,22648.02
ENT-HND-003,2025-11-16,bamboo_weaving,21.6,1656.26,17.2,10337.93,535.04,22,15293.95,11640.38,35819.76,24946.79
ENT-HND-003,2025-11-17,bamboo_weaving,22.1,1589.11,17.6,10133.13,539.76,25,7132.44,12040.32,35110.16,24437.27
ENT-HND-003,2025-11-18,bamboo_weaving,22.5,1910.44,18.4,12420.79,571.67,20,15179.34,12099.58,43036.63,30044.17
ENT-HND-003,2025-11-19,bamboo_weaving,23.4,1701.73,17.6,11486.66,788.15,23,7551.34,12004.94,39799.99,27525.18
ENT-HND-003,2025-11-20,bamboo_weaving,21.3,1702.99,17.2,10467.11,614.25,20,13918.11,13412.64,36267.37,25186.01
ENT-HND-003,2025-11-21,bamboo_weaving,21.4,1453.37,16.0,8960.54,817.55,21,16793.76,13474.69,31047.27,21269.17
ENT-HND-003,2025-11-22,bamboo_weaving,20.6,1648.68,16.8,9778.74,676.63,20,8310.96,12025.7,33882.24,23426.87
ENT-HND-003,2025-11-23,bamboo_weaving,22.6,1630.92,17.9,10654.27,683.36,22,5796.78,10668.96,36915.86,25578.23
ENT-HND-003,2025-11-24,bamboo_weaving,22.5,1760.34,18.2,11439.75,599.44,17,15322.41,11838.95,39637.45,27598.26
ENT-HND-003,2025-11-25,bamboo_weaving,19.2,1592.95,16.2,8818.8,493.04,21,16767.95,12065.9,30556.16,21244.31
ENT-HND-003,2025-11-26,bamboo_weaving,22.2,1467.42,17.0,9381.82,653.36,18,11148.5,12579.78,32506.95,22471.77
ENT-HND-003,2025-11-27,bamboo_weaving,23.1,1780.28,18.4,11862.77,696.59,21,17270.45,13058.68,41103.16,28543.79
ENT-HND-003,2025-11-28,bamboo_weaving,21.0,1710.94,16.5,10345.9,404.55,23,15655.36,12896.06,35847.39,25096.94
ENT-HND-003,2025-11-29,bamboo_weaving,19.0,1583.38,14.7,8674.85,597.39,19,3896.55,12265.43,30057.36,20785.12
ENT-HND-003,2025-11-30,bamboo_weaving,22.7,1696.1,19.3,11116.87,533.55,21,6142.52,12314.82,38518.7,26868.28
ENT-HND-003,2025-12-01,bamboo_weaving,13.7,1287.89,10.5,5096.93,480.47,15,8945.33,11403.81,17660.3,12082.9
ENT-HND-003,2025-12-02,bamboo_weaving,16.7,1230.19,13.5,5917.59,473.52,12,3640.15,9528.41,20503.78,14112.67
ENT-HND-003,2025-12-03,bamboo_weaving,14.5,1299.24,11.3,5449.81,339.13,14,3149.77,8385.73,18882.98,13094.04
ENT-HND-003,2025-12-04,bamboo_weaving,14.7,1251.67,11.4,5303.8,320.73,13,9195.08,7232.11,18377.06,12752.53
ENT-HND-003,2025-12-05,bamboo_weaving,14.8,1215.0,12.1,5195.8,450.77,12,6782.23,5964.52,18002.85,12356.28
ENT-HND-003,2025-12-06,bamboo_weaving,14.0,1377.84,11.2,5581.54,451.1,17,4456.75,6044.55,19339.41,13306.76
ENT-HND-003,2025-12-07,bamboo_weaving,15.0,1345.36,11.5,5837.18,541.38,16,5541.16,5958.64,20225.18,13846.62
ENT-HND-003,2025-12-08,bamboo_weaving,13.4,1126.53,10.1,4355.56,479.09,12,2271.45,5005.23,15091.51,10256.86
ENT-HND-003,2025-12-09,bamboo_weaving,14.2,1380.21,10.7,5638.82,458.92,15,13243.72,6377.17,19537.87,13440.13
ENT-HND-003,2025-12-10,bamboo_weaving,17.2,1015.98,14.2,5053.84,554.82,11,5785.12,6753.64,17510.99,11902.33
ENT-HND-003,2025-12-11,bamboo_weaving,15.5,1287.62,11.8,5760.81,322.28,11,2586.4,5809.55,19960.55,13877.46
ENT-HND-003,2025-12-12,bamboo_weaving,12.9,1156.86,9.8,4308.53,404.63,15,10457.27,6334.55,14928.58,10215.42
ENT-HND-003,2025-12-13,bamboo_weaving,13.9,1157.74,11.0,4632.34,343.49,12,9051.27,6990.91,16050.52,11074.7
ENT-HND-003,2025-12-14,bamboo_weaving,14.7,1295.02,11.8,5504.47,396.19,15,6184.25,7082.78,19072.38,13171.71
ENT-HND-003,2025-12-15,bamboo_weaving,14.1,1481.48,11.5,6046.31,490.0,15,5141.98,7492.86,20949.79,14413.47
ENT-HND-003,2025-12-16,bamboo_weaving,14.5,1296.99,12.5,5445.14,247.38,16,7752.2,6708.36,18866.78,13174.27
ENT-HND-003,2025-12-17,bamboo_weaving,16.3,1229.97,13.7,5783.51,492.19,16,14345.44,7931.26,20039.21,13763.51
ENT-HND-003,2025-12-18,bamboo_weaving,13.9,1279.43,10.9,5133.13,468.62,17,11618.29,9221.53,17785.72,12183.96
ENT-HND-003,2025-12-19,bamboo_weaving,13.7,1190.52,11.6,4704.66,414.37,13,5192.56,8469.43,16301.12,11182.09
ENT-HND-003,2025-12-20,bamboo_weaving,17.2,1256.49,14.2,6226.52,386.11,18,3715.82,7707.22,21574.2,14961.56
ENT-HND-003,2025-12-21,bamboo_weaving,13.1,1326.6,10.6,5028.37,454.66,16,11401.91,8452.6,17422.75,11939.71
ENT-HND-003,2025-12-22,bamboo_weaving,13.7,1458.67,11.6,5782.96,337.14,17,12222.25,9464.07,20037.3,13917.2
ENT-HND-003,2025-12-23,bamboo_weaving,16.6,1280.81,14.1,6127.08,602.41,13,4252.57,8964.12,21229.63,14500.15
ENT-HND-003,2025-12-24,bamboo_weaving,12.8,1251.37,9.9,4634.69,224.67,11,10961.94,8480.76,16058.66,11199.31
ENT-HND-003,2025-12-25,bamboo_weaving,12.5,1288.24,10.5,4632.57,412.54,11,2294.89,7148.85,16051.35,11006.24
ENT-HND-003,2025-12-26,bamboo_weaving,13.9,1144.59,10.7,4585.23,301.13,16,5219.33,7152.67,15887.29,11000.94
ENT-HND-003,2025-12-27,bamboo_weaving,14.0,1184.16,11.2,4785.74,488.74,15,3809.73,7166.09,16582.06,11307.58
ENT-HND-003,2025-12-28,bamboo_weaving,13.8,1213.43,10.1,4827.92,316.27,11,10283.31,7006.29,16728.21,11584.02
ENT-HND-003,2025-12-29,bamboo_weaving,14.7,1172.34,11.2,4983.32,490.32,18,16432.67,7607.78,17266.63,11792.99
ENT-HND-003,2025-12-30,bamboo_weaving,12.8,1181.04,10.0,4363.16,282.75,17,3978.84,7568.67,15117.87,10471.96
ENT-HND-003,2025-12-31,bamboo_weaving,14.3,1243.85,10.7,5126.01,498.03,15,2996.81,6430.8,17761.06,12137.02
ENT-HND-003,2026-01-01,bamboo_weaving,10.0,1206.98,8.1,3500.46,220.52,16,10444.28,7595.0,12128.7,8407.72
ENT-HND-003,2026-01-02,bamboo_weaving,10.6,1340.37,7.6,4107.5,382.88,4,3901.72,7406.77,14232.04,9741.65
ENT-HND-003,2026-01-03,bamboo_weaving,10.8,1278.75,8.4,3973.21,439.85,13,8305.27,8048.99,13766.72,9353.66
ENT-HND-003,2026-01-04,bamboo_weaving,9.6,1130.16,8.4,3126.09,391.65,12,6039.28,7442.7,10831.56,7313.81
ENT-HND-003,2026-01-05,bamboo_weaving,10.6,1384.19,8.5,4245.14,407.88,9,8979.97,6378.03,14708.93,10055.91
ENT-HND-003,2026-01-06,bamboo_weaving,10.1,1338.0,8.5,3911.11,277.33,6,1585.58,6036.13,13551.55,9363.11
ENT-HND-003,2026-01-07,bamboo_weaving,11.4,1377.23,9.1,4545.63,412.87,9,8232.28,6784.06,15750.08,10791.59
ENT-HND-003,2026-01-08,bamboo_weaving,8.7,1171.48,7.1,2944.69,298.68,10,4543.71,5941.12,10203.01,6959.64
ENT-HND-003,2026-01-09,bamboo_weaving,11.8,1379.55,9.1,4694.49,307.34,9,4437.58,6017.67,16265.86,11264.04
ENT-HND-003,2026-01-10,bamboo_weaving,8.4,1327.52,6.8,3222.53,265.58,13,2642.47,5208.7,11165.7,7677.59
ENT-HND-003,2026-01-11,bamboo_weaving,8.3,1326.22,6.5,3191.56,287.66,10,2435.37,4693.85,11058.38,7579.17
ENT-HND-003,2026-01-12,bamboo_weaving,7.6,1216.2,6.2,2656.81,234.48,11,8964.46,4691.64,9205.54,6314.25
ENT-HND-003,2026-01-13,bamboo_weaving,10.0,1213.18,7.7,3509.09,251.87,8,2442.41,4814.04,12158.61,8397.65
ENT-HND-003,2026-01-14,bamboo_weaving,9.7,1122.06,7.9,3143.44,413.41,8,1505.87,3853.12,10891.67,7334.82
ENT-HND-003,2026-01-15,bamboo_weaving,10.0,1130.57,7.6,3260.99,333.81,12,5212.13,3948.61,11298.96,7704.16
ENT-HND-003,2026-01-16,bamboo_weaving,8.2,1256.52,7.8,2985.38,198.22,6,4875.39,4011.16,10343.99,7160.4
ENT-HND-003,2026-01-17,bamboo_weaving,10.5,1394.65,8.5,4236.45,272.12,11,1657.42,3870.44,14678.84,10170.26
ENT-HND-003,2026-01-18,bamboo_weaving,9.1,1272.51,7.3,3340.89,336.77,11,5184.02,4263.1,11575.82,7898.16
ENT-HND-003,2026-01-19,bamboo_weaving,11.4,1344.95,10.1,4441.97,310.75,10,3716.07,3513.33,15390.93,10638.21
ENT-HND-003,2026-01-20,bamboo_weaving,10.6,1152.0,8.1,3518.67,349.21,9,1835.99,3426.7,12191.79,8323.91
ENT-HND-003,2026-01-21,bamboo_weaving,10.6,1269.33,8.8,3889.84,298.88,8,1844.36,3475.05,13477.85,9289.13
ENT-HND-003,2026-01-22,bamboo_weaving,8.9,1210.89,6.9,3094.56,134.14,8,6116.99,3604.32,10722.31,7493.61
ENT-HND-003,2026-01-23,bamboo_weaving,10.1,1259.25,8.2,3654.04,316.98,10,3445.14,3400.0,12660.82,8689.81
ENT-HND-003,2026-01-24,bamboo_weaving,9.7,1148.01,7.9,3217.53,356.35,9,7458.0,4228.65,11148.37,7574.5
ENT-HND-003,2026-01-25,bamboo_weaving,8.3,1276.77,6.0,3041.16,199.14,7,3017.48,3919.15,10537.29,7296.99
ENT-HND-003,2026-01-26,bamboo_weaving,10.2,1404.03,8.1,4137.86,350.07,9,7957.5,4525.06,14337.22,9849.29
ENT-HND-003,2026-01-27,bamboo_weaving,9.9,1206.15,7.7,3449.58,314.55,11,8597.48,5490.99,11952.4,8188.27
ENT-HND-003,2026-01-28,bamboo_weaving,8.2,1330.99,7.7,3136.96,260.63,10,5169.77,5966.05,10869.22,7471.63
ENT-HND-004,2025-07-01,block_printing,6.3,2629.38,5.0,5612.49,809.39,8,2343.76,2343.76,16587.17,10165.3
ENT-HND-004,2025-07-02,block_printing,9.9,2965.22,8.4,9924.84,1328.35,10,1811.68,2077.72,29331.91,18078.72
ENT-HND-004,2025-07-03,block_printing,7.7,2983.68,6.1,7735.62,952.72,11,9998.02,4717.82,22861.87,14173.53
ENT-HND-004,2025-07-04,block_printing,7.5,2816.62,6.2,7138.9,901.46,10,1817.55,3992.75,21098.33,13057.97
ENT-HND-004,2025-07-05,block_printing,8.8,3093.45,7.6,9231.33,1193.83,12,8481.15,4890.43,27282.3,16857.14
ENT-HND-004,2025-07-06,block_printing,7.8,2748.48,6.4,7211.71,884.36,9,7149.96,5267.02,21313.52,13217.45
ENT-HND-004,2025-07-07,block_printing,7.4,2886.68,6.1,7235.83,981.32,10,4720.08,5188.88,21384.8,13167.65
ENT-HND-004,2025-07-08,block_printing,9.1,2836.96,7.2,8689.29,1097.52,9,7717.89,5956.62,25680.35,15893.54
ENT-HND-004,2025-07-09,block_printing,7.7,2870.83,6.7,7508.21,944.02,9,6012.0,6556.66,22189.79,13737.56
ENT-HND-004,2025-07-10,block_printing,9.6,2898.22,7.1,9394.06,1211.01,9,3397.31,5613.71,27763.23,17158.16
ENT-HND-004,2025-07-11,block_printing,8.1,2688.76,6.9,7329.73,963.59,7,4769.36,6035.39,21662.32,13368.99
ENT-HND-004,2025-07-12,block_printing,8.8,2826.94,6.4,8410.21,1227.4,9,2706.7,5210.47,24855.55,15217.95
ENT-HND-004,2025-07-13,block_printing,8.0,2921.22,6.0,7929.11,1023.5,11,10624.28,5706.8,23433.72,14481.11
ENT-HND-004,2025-07-14,block_printing,8.7,2723.98,6.8,7994.4,1229.38,13,6260.46,5926.86,23626.69,14402.9
ENT-HND-004,2025-07-15,block_printing,8.0,2622.73,6.4,7113.92,900.8,8,3012.89,5254.71,21024.49,13009.78
ENT-HND-004,2025-07-16,block_printing,8.7,2768.36,7.4,8141.33,1141.26,8,2282.93,4721.99,24060.92,14778.33
ENT-HND-004,2025-07-17,block_printing,8.8,2579.69,6.8,7679.55,1181.48,10,4373.54,4861.45,22696.18,13835.15
ENT-HND-004,2025-07-18,block_printing,6.6,2770.91,4.5,6145.82,709.62,12,10783.1,5720.56,18163.39,11307.95
ENT-HND-004,2025-07-19,block_printing,9.3,2712.77,7.7,8533.0,1203.81,13,6240.24,6225.35,25218.46,15481.65
ENT-HND-004,2025-07-20,block_printing,7.5,2847.28,5.7,7264.76,982.05,11,5929.18,5554.62,21470.29,13223.48
ENT-HND-004,2025-07-21,block_printing,10.4,2721.1,7.7,9534.43,1303.79,10,9491.58,6016.21,28178.09,17339.86
ENT-HND-004,2025-07-22,block_printing,8.5,2707.66,6.1,7767.09,1041.72,11,1894.35,5856.42,22954.88,14146.07
ENT-HND-004,2025-07-23,block_printing,7.3,2897.27,6.4,7153.01,895.2,8,6313.95,6432.28,21140.03,13091.82
ENT-HND-004,2025-07-24,block_printing,7.2,2829.32,6.6,6874.53,875.14,12,8672.87,7046.47,20317.01,12567.34
ENT-HND-004,2025-07-25,block_printing,9.7,2946.94,7.7,9625.17,1165.6,9,1526.88,5724.15,28446.25,17655.48
ENT-HND-004,2025-07-26,block_printing,8.4,2723.61,6.4,7698.49,1067.07,10,8555.83,6054.95,22752.16,13986.6
ENT-HND-004,2025-07-27,block_printing,8.4,2889.96,7.0,8201.52,977.2,6,3735.25,5741.53,24238.81,15060.09
ENT-HND-004,2025-07-28,block_printing,7.0,2805.2,6.6,6642.09,779.4,13,12768.46,6209.66,19630.06,12208.58
ENT-HND-004,2025-07-29,block_printing,8.4,2981.42,6.2,8459.93,1076.23,11,9488.37,7294.52,25002.5,15466.34
ENT-HND-004,2025-07-30,block_printing,9.5,2961.36,7.0,9560.53,1198.19,12,5313.62,7151.61,28255.23,17496.51
ENT-HND-004,2025-07-31,block_printing,8.4,2787.6,6.9,7918.69,1093.49,13,8454.37,7120.4,23402.93,14390.75
ENT-HND-004,2025-08-01,block_printing,7.6,2920.07,5.5,7476.65,960.79,9,6436.82,7821.82,22096.51,13659.07
ENT-HND-004,2025-08-02,block_printing,9.6,2911.26,7.2,9475.03,1190.89,10,6773.59,7567.21,28002.54,17336.62
ENT-HND-004,2025-08-03,block_printing,9.0,2771.66,7.4,8398.5,1057.52,9,3864.07,7585.61,24820.96,15364.95
ENT-HND-004,2025-08-04,block_printing,10.5,2871.24,8.7,10202.86,1383.45,10,4911.49,6463.19,30153.57,18567.26
ENT-HND-004,2025-08-05,block_printing,8.0,2747.41,5.6,7399.71,978.34,8,1752.87,5358.12,21869.13,13491.08
ENT-HND-004,2025-08-06,block_printing,7.5,2898.9,6.1,7367.79,830.9,11,3567.86,5108.72,21774.79,13576.1
ENT-HND-004,2025-08-07,block_printing,6.9,2775.02,6.1,6468.18,861.75,11,9103.28,5201.42,19116.09,11786.15
ENT-HND-004,2025-08-08,block_printing,7.3,2573.25,5.4,6381.99,986.83,10,3633.89,4801.01,18861.37,11492.55
ENT-HND-004,2025-08-09,block_printing,8.4,2831.52,6.6,8023.69,1064.03,13,8472.98,5043.78,23713.26,14625.53
ENT-HND-004,2025-08-10,block_printing,8.2,2789.08,7.5,7705.96,965.99,12,3335.33,4968.24,22774.23,14102.27
ENT-HND-004,2025-08-11,block_printing,9.9,2964.24,8.4,9913.57,1141.44,9,5513.83,5054.29,29298.59,18243.58
ENT-HND-004,2025-08-12,block_printing,9.4,2775.19,7.3,8818.8,1137.14,12,9651.02,6182.6,26063.13,16107.18
ENT-HND-004,2025-08-13,block_printing,9.6,3004.8,7.6,9779.54,1099.82,11,3108.0,6116.9,28902.49,18023.13
ENT-HND-004,2025-08-14,block_printing,7.3,2855.74,6.0,7017.57,1001.15,10,8617.33,6047.48,20739.74,12721.03
ENT-HND-004,2025-08-15,block_printing,8.4,3002.45,6.6,8526.91,1164.95,11,9010.36,6815.55,25200.46,15508.6
ENT-HND-004,2025-08-16,block_printing,7.3,2779.42,5.9,6909.78,873.41,11,7100.74,6619.52,20421.18,12637.99
ENT-HND-004,2025-08-17,block_printing,8.9,2830.42,7.8,8516.69,1110.56,13,9342.53,7477.69,25170.27,15543.02
ENT-HND-004,2025-08-18,block_printing,8.6,2797.77,6.6,8099.89,1091.16,10,6035.75,7552.25,23938.45,14747.4
ENT-HND-004,2025-08-19,block_printing,8.6,2803.55,6.1,8195.36,1131.72,11,8873.88,7441.23,24220.59,14893.51
ENT-HND-004,2025-08-20,block_printing,9.2,2798.52,7.3,8694.63,1066.13,9,5979.75,7851.48,25696.14,15935.38
ENT-HND-004,2025-08-21,block_printing,8.7,2829.8,7.4,8285.65,1060.53,8,5379.73,7388.96,24487.43,15141.25
ENT-HND-004,2025-08-22,block_printing,8.0,2815.48,6.2,7617.93,951.22,9,4014.89,6675.32,22514.06,13944.91
ENT-HND-004,2025-08-23,block_printing,9.0,2885.38,7.5,8739.57,1156.94,10,1936.89,5937.63,25828.95,15932.44
ENT-HND-004,2025-08-24,block_printing,6.7,2879.9,5.7,6535.67,784.03,10,2921.38,5020.32,19315.54,11995.84
ENT-HND-004,2025-08-25,block_printing,8.7,2825.65,6.8,8273.25,998.49,10,2680.91,4541.06,24450.81,15179.06
ENT-HND-004,2025-08-26,block_printing,6.0,2835.35,4.5,5726.27,835.47,7,2691.71,3657.89,16923.44,10361.7
ENT-HND-004,2025-08-27,block_printing,7.6,2908.9,5.6,7435.85,908.27,8,7877.43,3928.99,21975.94,13631.82
ENT-HND-004,2025-08-28,block_printing,8.3,2817.06,7.6,7912.74,1239.54,9,4803.35,3846.65,23385.35,14233.07
ENT-HND-004,2025-08-29,block_printing,7.6,2879.26,5.7,7385.31,929.55,12,10842.43,4822.01,21826.57,13511.71
ENT-HND-004,2025-08-30,block_printing,8.9,2950.59,7.3,8906.68,1165.88,7,3201.67,5002.7,26322.83,16250.27
ENT-HND-004,2025-08-31,block_printing,8.7,2808.52,6.3,8307.97,1265.98,10,2205.53,4900.43,24553.4,14979.45
ENT-HND-004,2025-09-01,block_printing,7.9,2754.07,6.3,7363.95,1001.66,11,10585.99,6029.73,21763.45,13397.84
ENT-HND-004,2025-09-02,block_printing,6.8,2832.25,5.2,6481.65,874.47,8,6694.58,6601.57,19155.89,11799.77
ENT-HND-004,2025-09-03,block_printing,9.8,2823.08,7.4,9364.54,1268.85,8,7920.27,6607.69,27675.99,17042.61
ENT-HND-004,2025-09-04,block_printing,7.4,2863.62,6.3,7188.71,961.84,12,3518.71,6424.17,21245.55,13095.0
ENT-HND-004,2025-09-05,block_printing,8.7,2879.89,6.6,8432.31,1104.77,10,3038.34,5309.3,24920.89,15383.8
ENT-HND-004,2025-09-06,block_printing,9.3,2793.8,6.4,8755.61,1265.9,11,6568.18,5790.23,25876.36,15854.85
ENT-HND-004,2025-09-07,block_printing,6.7,2736.88,5.5,6220.26,910.35,13,4911.14,6176.74,18383.38,11252.77
ENT-HND-004,2025-09-08,block_printing,8.5,2892.16,6.9,8285.98,1120.09,7,6619.27,5610.07,24488.41,15082.34
ENT-HND-004,2025-09-09,block_printing,9.7,2856.34,7.4,9361.7,1230.55,14,13138.98,6530.7,27667.59,17075.35
ENT-HND-004,2025-09-10,block_printing,7.1,2736.69,5.7,6536.85,807.1,9,8460.53,6607.88,19319.03,11975.08
ENT-HND-004,2025-09-11,block_printing,6.2,2639.76,5.4,5533.72,723.1,12,6536.48,7038.99,16354.38,10097.56
ENT-HND-004,2025-09-12,block_printing,7.5,2906.72,6.0,7350.21,1014.93,9,3645.78,7125.77,21722.83,13357.69
ENT-HND-004,2025-09-13,block_printing,9.4,2735.46,7.9,8714.03,1155.84,7,1801.17,6444.77,25753.47,15883.6
ENT-HND-004,2025-09-14,block_printing,6.9,2823.09,5.3,6611.39,837.78,9,5600.88,6543.3,19539.34,12090.17
ENT-HND-004,2025-09-15,block_printing,7.8,3021.65,6.3,7974.56,999.46,12,7465.75,6664.23,23568.05,14594.03
ENT-HND-004,2025-09-16,block_printing,8.7,2890.15,6.2,8484.45,1103.04,15,9380.38,6127.28,25074.98,15487.49
ENT-HND-004,2025-09-17,block_printing,11.4,2871.19,9.3,11098.53,1338.35,11,3724.94,5450.77,32800.64,20363.76
ENT-HND-004,2025-09-18,block_printing,8.5,2795.47,6.8,8039.16,946.8,14,4950.65,5224.22,23758.96,14773.0
ENT-HND-004,2025-09-19,block_printing,8.1,2810.55,5.9,7664.27,1057.09,14,11432.55,6336.62,22651.01,13929.65
ENT-HND-004,2025-09-20,block_printing,7.5,2761.02,5.6,6974.66,1070.66,9,5755.73,6901.55,20612.95,12567.63
ENT-HND-004,2025-09-21,block_printing,8.9,2702.67,7.4,8138.88,1020.18,9,2522.18,6461.74,24053.68,14894.62
ENT-HND-004,2025-09-22,block_printing,7.2,2803.39,5.9,6819.17,903.64,10,4318.26,6012.1,20153.4,12430.59
ENT-HND-004,2025-09-23,block_printing,8.1,2987.11,7.2,8153.19,901.2,11,5802.89,5501.03,24095.96,15041.57
ENT-HND-004,2025-09-24,block_printing,7.9,2845.24,6.9,7608.8,1113.91,10,6190.61,5853.27,22487.09,13764.37
ENT-HND-004,2025-09-25,block_printing,7.6,2840.0,6.6,7264.63,936.84,7,4858.88,5840.16,21469.9,13268.44
ENT-HND-004,2025-09-26,block_printing,9.2,2795.99,7.4,8672.34,1221.93,8,7383.91,5261.78,25630.27,15735.99
ENT-HND-004,2025-09-27,block_printing,7.8,2810.51,6.6,7447.18,978.2,9,2681.93,4822.67,22009.43,13584.04
ENT-HND-004,2025-09-28,block_printing,5.6,2845.46,5.1,5353.54,702.41,11,4528.06,5109.22,15821.86,9765.92
ENT-HND-004,2025-09-29,block_printing,6.9,3020.04,5.7,7041.27,838.98,8,3116.16,4937.49,20809.79,12929.54
ENT-HND-004,2025-09-30,block_printing,8.3,2908.61,7.0,8151.81,1011.06,8,3776.0,4647.94,24091.9,14929.02
ENT-HND-004,2025-10-01,block_printing,13.7,3760.28,11.8,17455.67,1740.8,17,14035.27,5768.6,51588.54,32392.07
ENT-HND-004,2025-10-02,block_printing,14.9,3649.85,12.0,18402.5,1929.64,19,13186.58,6958.27,54386.82,34054.68
ENT-HND-004,2025-10-03,block_printing,15.6,3741.95,12.5,19697.18,1970.88,20,9669.27,7284.75,58213.12,36545.07
ENT-HND-004,2025-10-04,block_printing,13.7,3616.29,10.7,16741.43,1626.09,19,7622.18,7990.5,49477.68,31110.16
ENT-HND-004,2025-10-05,block_printing,13.5,3706.6,11.3,16914.98,1675.96,13,11952.16,9051.09,49990.59,31399.66
ENT-HND-004,2025-10-06,block_printing,13.2,3669.63,10.0,16357.55,1712.43,19,10518.65,10108.59,48343.16,30273.18
ENT-HND-004,2025-10-07,block_printing,15.8,3668.21,13.0,19598.49,2007.94,20,17263.03,12035.3,57921.45,36315.02
ENT-HND-004,2025-10-08,block_printing,14.3,3581.2,11.6,17312.79,1803.22,14,2190.32,10343.17,51166.28,32050.27
ENT-HND-004,2025-10-09,block_printing,11.8,3739.53,9.7,14974.48,1593.66,16,10818.33,10004.85,44255.64,27687.49
ENT-HND-004,2025-10-10,block_printing,13.4,3530.39,11.4,15982.09,1697.36,18,5512.25,9410.99,47233.52,29554.07
ENT-HND-004,2025-10-11,block_printing,13.9,3704.41,11.9,17402.93,1845.58,15,5829.86,9154.94,51432.69,32184.18
ENT-HND-004,2025-10-12,block_printing,15.0,3570.51,12.5,18169.13,1891.33,17,13056.51,9312.71,53697.1,33636.64
ENT-HND-004,2025-10-13,block_printing,12.6,3517.97,10.5,14978.95,1597.71,18,17654.47,10332.11,44268.85,27692.18
ENT-HND-004,2025-10-14,block_printing,11.5,3691.18,8.9,14382.54,1657.34,15,13929.63,9855.91,42506.23,26466.35
ENT-HND-004,2025-10-15,block_printing,14.8,3706.99,12.6,18591.15,1838.64,19,15485.3,11755.19,54944.34,34514.56
ENT-HND-004,2025-10-16,block_printing,12.1,3618.37,9.9,14855.61,1660.48,19,17585.87,12721.98,43904.32,27388.23
ENT-HND-004,2025-10-17,block_printing,13.6,3429.15,11.1,15801.72,1643.7,18,5404.97,12706.66,46700.45,29255.04
ENT-HND-004,2025-10-18,block_printing,14.0,3748.77,11.8,17792.92,1719.97,20,5722.06,12691.26,52585.27,33072.38
ENT-HND-004,2025-10-19,block_printing,12.7,3582.25,10.0,15408.23,1526.28,19,3816.97,11371.32,45537.55,28603.04
ENT-HND-004,2025-10-20,block_printing,13.8,3710.6,10.4,17334.62,1759.16,17,15950.37,11127.88,51230.82,32137.03
ENT-HND-004,2025-10-21,block_printing,12.1,3583.3,9.8,14613.37,1456.27,17,9576.95,10506.07,43188.41,27118.78
ENT-HND-004,2025-10-22,block_printing,14.5,3632.92,12.2,17866.48,1818.62,20,11785.88,9977.58,52802.67,33117.56
ENT-HND-004,2025-10-23,block_printing,12.4,3657.81,9.8,15361.57,1594.96,17,7052.17,8472.77,45399.65,28443.12
ENT-HND-004,2025-10-24,block_printing,13.4,3828.95,10.3,17349.65,1714.13,17,15675.38,9939.97,51275.22,32211.44
ENT-HND-004,2025-10-25,block_printing,12.0,3614.53,9.9,14655.77,1548.01,17,6301.99,10022.82,43313.72,27109.94
ENT-HND-004,2025-10-26,block_printing,12.9,3601.91,9.8,15767.9,1553.55,19,4897.98,10177.25,46600.5,29279.06
ENT-HND-004,2025-10-27,block_printing,15.4,3630.97,12.8,18964.43,2041.74,18,9014.84,9186.46,56047.55,35041.38
ENT-HND-004,2025-10-28,block_printing,15.6,3733.49,12.6,19647.52,1906.17,20,3701.15,8347.06,58066.35,36512.66
ENT-HND-004,2025-10-29,block_printing,12.7,3865.87,9.3,16607.3,1659.36,17,6781.5,7632.14,49081.29,30814.62
ENT-HND-004,2025-10-30,block_printing,14.7,3802.12,12.1,18896.5,1731.6,16,13354.56,8532.48,55846.79,35218.69
ENT-HND-004,2025-10-31,block_printing,14.8,3662.41,12.9,18322.83,1750.6,19,16325.93,8625.42,54151.35,34077.93
ENT-HND-004,2025-11-01,block_printing,13.7,3600.7,9.9,16716.92,1854.6,14,5196.11,8467.44,49405.25,30833.73
ENT-HND-004,2025-11-02,block_printing,13.5,3767.44,11.6,17237.93,1781.67,15,12838.38,9601.78,50945.04,31925.44
ENT-HND-004,2025-11-03,block_printing,12.1,3620.58,10.2,14817.35,1550.67,16,4162.75,8908.62,43791.26,27423.23
ENT-HND-004,2025-11-04,block_printing,13.5,3775.38,11.0,17278.12,1687.7,18,9152.03,9687.32,51063.82,32098.0
ENT-HND-004,2025-11-05,block_printing,12.8,3567.63,9.5,15417.11,1638.98,17,5893.95,9560.53,45563.8,28507.7
ENT-HND-004,2025-11-06,block_printing,14.6,3680.72,11.3,18173.41,1852.39,20,4240.14,8258.47,53709.77,33683.97
ENT-HND-004,2025-11-07,block_printing,12.7,3602.35,9.6,15505.41,1758.48,14,4313.95,6542.47,45824.75,28560.86
ENT-HND-004,2025-11-08,block_printing,14.3,3778.46,11.1,18285.0,1655.07,21,16179.11,8111.47,54039.56,34099.49
ENT-HND-004,2025-11-09,block_printing,12.2,3892.96,9.6,16043.28,1423.13,14,12538.93,8068.69,47414.36,29947.96
ENT-HND-004,2025-11-10,block_printing,14.2,3603.42,10.9,17306.8,1741.89,18,10804.41,9017.5,51148.58,32099.89
ENT-HND-004,2025-11-11,block_printing,14.4,3521.52,12.9,17141.98,1851.08,14,3813.82,8254.9,50661.49,31668.43
ENT-HND-004,2025-11-12,block_printing,11.8,3721.19,9.6,14885.35,1507.24,14,5868.21,8251.22,43992.23,27599.64
ENT-HND-004,2025-11-13,block_printing,13.8,3586.23,11.0,16756.5,1792.58,18,5716.09,8462.07,49522.21,30973.14
ENT-HND-004,2025-11-14,block_printing,13.3,3495.18,9.8,15751.7,1711.71,18,3730.66,8378.75,46552.62,29089.22
ENT-HND-004,2025-11-15,block_printing,13.1,3681.58,10.9,16374.17,1614.86,13,11799.32,7753.06,48392.29,30403.25
ENT-HND-004,2025-11-16,block_printing,13.3,3652.66,11.1,16411.9,1666.84,18,11010.0,7534.64,48503.78,30425.04
ENT-HND-004,2025-11-17,block_printing,15.8,3667.81,12.0,19661.06,1871.5,17,2881.5,6402.8,58106.38,36573.81
ENT-HND-004,2025-11-18,block_printing,16.0,3904.07,12.7,21132.25,1876.38,18,13368.87,7767.81,62454.33,39445.7
ENT-HND-004,2025-11-19,block_printing,12.3,3751.36,9.8,15562.72,1455.71,22,19955.2,9780.24,45994.14,28975.7
ENT-HND-004,2025-11-20,block_printing,14.6,3653.11,11.6,18095.93,2025.57,18,3495.58,9463.02,53480.79,33359.29
ENT-HND-004,2025-11-21,block_printing,16.4,3751.06,13.1,20755.96,2043.74,18,11328.06,10548.36,61342.24,38542.54
ENT-HND-004,2025-11-22,block_printing,14.7,3710.9,11.7,18414.41,1853.61,18,8690.02,10104.17,54422.03,34154.0
ENT-HND-004,2025-11-23,block_printing,14.5,3694.41,11.3,18063.88,1728.12,14,2814.17,8933.34,53386.05,33594.06
ENT-HND-004,2025-11-24,block_printing,15.1,3785.19,12.0,19306.27,1788.56,19,6972.79,9517.81,57057.83,35963.0
ENT-HND-004,2025-11-25,block_printing,12.7,3650.17,10.6,15651.57,1661.9,17,15462.88,9816.96,46256.71,28943.24
ENT-HND-004,2025-11-26,block_printing,12.8,3491.21,10.9,15170.38,1662.01,19,6358.45,7874.56,44834.6,28002.21
ENT-HND-004,2025-11-27,block_printing,14.2,3615.66,11.6,17406.57,1881.76,20,3204.38,7832.96,51443.44,32155.11
ENT-HND-004,2025-11-28,block_printing,14.1,3657.06,11.5,17391.17,1766.19,20,7458.49,7280.17,51397.94,32240.58
ENT-HND-004,2025-11-29,block_printing,12.1,3690.71,10.3,15075.35,1513.9,14,9918.99,7455.73,44553.76,27964.51
ENT-HND-004,2025-11-30,block_printing,12.5,3570.7,9.7,15119.31,1546.52,17,4091.86,7638.26,44683.67,28017.84
ENT-HND-004,2025-12-01,block_printing,8.3,2603.98,6.1,7312.14,1191.77,11,2446.5,6991.65,21610.31,13106.41
ENT-HND-004,2025-12-02,block_printing,9.9,2732.55,8.5,9119.01,1164.0,9,2572.71,5150.2,26950.37,16667.36
ENT-HND-004,2025-12-03,block_printing,8.4,2928.99,7.0,8350.11,970.31,9,8839.66,5504.66,24677.94,15357.52
ENT-HND-004,2025-12-04,block_printing,9.2,2907.23,7.2,9040.29,1056.57,9,2497.13,5403.62,26717.69,16620.84
ENT-HND-004,2025-12-05,block_printing,9.6,2771.17,7.7,9001.84,1256.15,14,11268.52,5947.91,26604.08,16346.09
ENT-HND-004,2025-12-06,block_printing,9.1,2917.06,7.1,8991.9,1130.64,14,6088.3,5400.67,26574.68,16452.15
ENT-HND-004,2025-12-07,block_printing,7.7,2767.92,6.1,7229.06,883.72,13,8005.99,5959.83,21364.78,13252.01
ENT-HND-004,2025-12-08,block_printing,9.9,2997.3,7.9,10077.49,1255.64,12,3407.42,6097.1,29783.05,18449.92
ENT-HND-004,2025-12-09,block_printing,8.9,2892.48,6.6,8724.0,1245.82,13,9103.21,7030.03,25782.95,15813.13
ENT-HND-004,2025-12-10,block_printing,9.8,2860.8,7.7,9474.91,1233.38,9,4185.22,6365.11,28002.18,17293.89
ENT-HND-004,2025-12-11,block_printing,10.8,2877.92,8.9,10546.28,1403.56,9,2806.89,6409.36,31168.52,19218.68
ENT-HND-004,2025-12-12,block_printing,8.7,2791.75,7.1,8200.47,931.55,14,11209.76,6400.97,24235.71,15103.68
ENT-HND-004,2025-12-13,block_printing,7.7,2947.65,7.0,7653.8,852.78,10,5487.71,6315.17,22620.07,14113.49
ENT-HND-004,2025-12-14,block_printing,10.4,2804.7,7.9,9887.03,1383.24,13,10043.99,6606.31,29220.17,17949.91
ENT-HND-004,2025-12-15,block_printing,9.9,2878.6,8.0,9677.69,1228.87,11,5788.17,6946.42,28601.47,17694.92
ENT-HND-004,2025-12-16,block_printing,10.3,2903.18,7.9,10146.28,1290.06,12,6786.37,6615.44,29986.37,18550.03
ENT-HND-004,2025-12-17,block_printing,11.3,2910.31,8.5,11130.79,1410.15,9,6641.81,6966.39,32895.99,20355.05
ENT-HND-004,2025-12-18,block_printing,7.6,2851.91,5.3,7296.15,1024.96,15,10892.66,8121.5,21563.07,13241.96
ENT-HND-004,2025-12-19,block_printing,8.1,2724.08,6.3,7456.54,1033.32,10,8060.99,7671.67,22037.09,13547.23
ENT-HND-004,2025-12-20,block_printing,8.3,2843.25,6.2,8023.26,952.36,8,2524.45,7248.35,23711.98,14736.35
ENT-HND-004,2025-12-21,block_printing,11.1,2957.47,8.7,11101.21,1411.29,13,11056.53,7393.0,32808.57,20296.06
ENT-HND-004,2025-12-22,block_printing,9.9,2934.48,7.5,9853.31,1220.98,12,11563.32,8218.02,29120.5,18046.21
ENT-HND-004,2025-12-23,block_printing,7.4,2888.98,6.0,7262.71,848.05,9,6121.82,8123.08,21464.23,13353.48
ENT-HND-004,2025-12-24,block_printing,10.1,2840.47,8.1,9673.79,1211.19,11,6258.07,8068.26,28589.95,17704.97
ENT-HND-004,2025-12-25,block_printing,9.7,2984.46,7.3,9760.54,1334.87,15,3476.33,7008.78,28846.34,17750.93
ENT-HND-004,2025-12-26,block_printing,8.1,2608.08,6.5,7119.43,1000.77,13,8143.8,7020.62,21040.79,12920.59
ENT-HND-004,2025-12-27,block_printing,9.8,2726.42,8.4,9077.17,1106.85,10,8839.89,7922.82,26826.7,16642.68
ENT-HND-004,2025-12-28,block_printing,10.2,2903.86,8.1,10019.38,1160.64,10,6601.05,7286.33,29611.33,18431.3
ENT-HND-004,2025-12-29,block_printing,10.3,2717.88,8.6,9506.57,1265.98,12,4273.15,6244.87,28095.75,17323.2
ENT-HND-004,2025-12-30,block_printing,8.9,2816.53,6.4,8460.35,1015.8,12,3388.82,5854.44,25003.77,15527.61
ENT-HND-004,2025-12-31,block_printing,9.2,3092.63,7.1,9638.63,1304.09,12,8505.48,6175.5,28486.06,17543.33
ENT-HND-004,2026-01-01,block_printing,6.8,2916.11,6.0,6721.01,822.86,7,6414.77,6595.28,19863.29,12319.43
ENT-HND-004,2026-01-02,block_printing,9.0,2767.56,8.1,8467.76,1141.8,9,6622.43,6377.94,25025.66,15416.1
ENT-HND-004,2026-01-03,block_printing,6.4,2802.85,5.3,6115.48,794.08,7,5749.97,5936.52,18073.72,11164.15
ENT-HND-004,2026-01-04,block_printing,7.5,2711.56,5.8,6861.66,889.44,8,2174.04,5304.09,20278.96,12527.86
ENT-HND-004,2026-01-05,block_printing,5.6,2904.9,3.5,5507.52,686.22,8,2794.41,5092.84,16276.95,10083.2
ENT-HND-004,2026-01-06,block_printing,6.2,2943.26,4.4,6162.32,635.93,10,8577.15,5834.03,18212.13,11413.89
ENT-HND-004,2026-01-07,block_printing,7.9,2837.61,6.4,7591.08,1018.65,10,6503.48,5548.03,22434.7,13824.97
ENT-HND-004,2026-01-08,block_printing,6.1,2773.9,6.1,5748.13,786.67,7,6128.97,5507.21,16988.05,10453.24
ENT-HND-004,2026-01-09,block_printing,7.4,2854.03,5.9,7166.48,994.21,7,3043.86,4995.98,21179.83,13019.14
ENT-HND-004,2026-01-10,block_printing,6.0,2769.12,4.5,5640.31,730.14,6,2073.59,4470.78,16669.4,10298.95
ENT-HND-004,2026-01-11,block_printing,6.5,2683.66,5.3,5873.98,786.56,9,5433.49,4936.42,17359.99,10699.44
ENT-HND-004,2026-01-12,block_printing,5.4,2638.04,4.5,4842.89,673.92,9,6209.2,5424.25,14312.69,8795.88
ENT-HND-004,2026-01-13,block_printing,4.6,3054.2,3.2,4705.64,579.41,5,1839.85,4461.78,13907.07,8622.01
ENT-HND-004,2026-01-14,block_printing,6.5,2912.39,5.2,6432.14,825.55,7,5977.84,4386.69,19009.56,11751.87
ENT-HND-004,2026-01-15,block_printing,7.9,2840.97,6.2,7565.85,940.68,9,7944.44,4646.04,22360.14,13853.61
ENT-HND-004,2026-01-16,block_printing,5.4,2943.23,4.0,5334.81,629.62,6,1611.49,4441.41,15766.51,9802.08
ENT-HND-004,2026-01-17,block_printing,7.9,2806.93,6.8,7540.32,1055.47,8,6187.44,5029.11,22284.68,13688.9
ENT-HND-004,2026-01-18,block_printing,9.6,2978.85,7.2,9673.98,1234.61,9,5013.86,4969.16,28590.52,17681.93
ENT-HND-004,2026-01-19,block_printing,5.6,2813.49,4.3,5355.51,738.31,5,1671.16,4320.87,15827.7,9733.88
ENT-HND-004,2026-01-20,block_printing,6.5,2708.66,5.0,5964.53,861.64,7,1572.3,4282.65,17627.6,10801.43
ENT-HND-004,2026-01-21,block_printing,7.7,2699.75,7.1,7036.58,1068.19,8,4090.78,4013.07,20795.93,12691.16
ENT-HND-004,2026-01-22,block_printing,6.6,2667.38,6.1,5970.48,823.6,8,2524.07,3238.73,17645.17,10851.09
ENT-HND-004,2026-01-23,block_printing,7.3,2871.39,5.5,7073.64,938.81,5,3622.91,3526.07,20905.47,12893.02
ENT-HND-004,2026-01-24,block_printing,6.1,2823.61,4.7,5812.68,767.28,10,8371.6,3838.1,17178.8,10598.84
ENT-HND-004,2026-01-25,block_printing,7.0,2874.7,5.2,6802.21,816.9,9,5964.95,3973.97,20103.26,12484.16
ENT-HND-004,2026-01-26,block_printing,6.9,2783.74,5.8,6510.93,969.15,10,9656.53,5114.73,19242.42,11762.34
ENT-HND-004,2026-01-27,block_printing,5.3,3027.31,3.7,5446.73,837.11,7,1700.69,5133.08,16097.28,9813.44
ENT-HND-004,2026-01-28,block_printing,8.6,2732.67,6.3,7911.08,1139.52,7,6722.71,5509.07,23380.44,14329.84
