enterprise_id,date,bird_count,egg_yield_count,egg_price_inr,mortality_rate,feed_cost_inr,upi_txn_count,upi_amount_inr,upi_velocity_7d,gross_revenue_inr,net_cashflow_inr
ENT-PLT-001,2025-07-01,1022,751,5.9,0.00838,985.68,30,8576.62,8576.62,4434.42,3448.74
ENT-PLT-001,2025-07-02,1022,734,5.73,0.00806,1101.03,32,3511.36,6043.99,4205.48,3104.45
ENT-PLT-001,2025-07-03,1022,747,6.18,0.00746,1103.82,24,6872.0,6319.99,4615.33,3511.51
ENT-PLT-001,2025-07-04,1022,695,5.76,0.00846,1096.97,31,3800.41,5690.1,4000.09,2903.11
ENT-PLT-001,2025-07-05,1022,743,6.51,0.00537,1044.73,32,3660.98,5284.27,4837.09,3792.36
ENT-PLT-001,2025-07-06,1022,714,4.87,0.00746,1057.08,24,5875.75,5382.85,3474.03,2416.95
ENT-PLT-001,2025-07-07,1022,736,5.45,0.00814,921.52,33,9474.44,5967.37,4013.41,3091.89
ENT-PLT-001,2025-07-08,1022,750,6.65,0.0068,1251.59,33,6808.47,5714.77,4984.39,3732.81
ENT-PLT-001,2025-07-09,1022,777,6.47,0.00658,1091.48,37,5431.35,5989.06,5028.27,3936.79
ENT-PLT-001,2025-07-10,1022,743,5.92,0.00555,859.43,33,3202.02,5464.78,4400.58,3541.15
ENT-PLT-001,2025-07-11,1022,675,5.39,0.00797,1222.44,30,7810.66,6037.67,3640.47,2418.02
ENT-PLT-001,2025-07-12,1022,688,5.65,0.00778,981.74,39,6224.48,6403.88,3885.83,2904.09
ENT-PLT-001,2025-07-13,1022,718,6.41,0.00546,1004.19,36,10091.69,7006.16,4605.84,3601.65
ENT-PLT-001,2025-07-14,1022,780,6.64,0.00683,1005.08,24,3989.25,6222.56,5181.46,4176.38
ENT-PLT-001,2025-07-15,1022,737,5.76,0.00801,1110.58,27,4432.79,5883.18,4245.13,3134.55
ENT-PLT-001,2025-07-16,1022,696,6.24,0.00771,1053.69,36,10607.61,6622.64,4339.66,3285.98
ENT-PLT-001,2025-07-17,1022,790,5.83,0.00821,1106.98,41,11055.7,7744.6,4606.77,3499.79
ENT-PLT-001,2025-07-18,1022,713,5.94,0.00803,1159.77,24,4955.91,7336.78,4233.58,3073.82
ENT-PLT-001,2025-07-19,1022,609,5.47,0.00825,824.78,25,3571.5,6957.78,3329.3,2504.51
ENT-PLT-001,2025-07-20,1022,734,5.87,0.0058,1113.33,33,6236.47,6407.03,4305.88,3192.55
ENT-PLT-001,2025-07-21,1022,667,4.96,0.00595,960.65,32,4318.1,6454.01,3311.28,2350.62
ENT-PLT-001,2025-07-22,1022,690,5.46,0.00702,1060.45,26,3174.23,6274.22,3765.15,2704.69
ENT-PLT-001,2025-07-23,1022,745,6.5,0.00556,1082.31,36,6544.79,5693.81,4842.61,3760.3
ENT-PLT-001,2025-07-24,1022,616,5.22,0.00481,786.17,31,1898.79,4385.68,3214.64,2428.47
ENT-PLT-001,2025-07-25,1022,669,5.99,0.00581,886.17,37,9719.12,5066.14,4008.54,3122.37
ENT-PLT-001,2025-07-26,1022,637,5.21,0.0086,989.3,23,2152.64,4863.45,3319.62,2330.32
ENT-PLT-001,2025-07-27,1022,672,5.41,0.00654,966.81,32,3045.53,4407.6,3636.6,2669.79
ENT-PLT-001,2025-07-28,1022,660,5.51,0.00742,938.6,32,3569.54,4300.66,3635.98,2697.38
ENT-PLT-001,2025-07-29,1022,612,4.85,0.00557,835.44,33,7020.77,4850.17,2968.61,2133.17
ENT-PLT-001,2025-07-30,1022,762,6.17,0.00493,1117.03,30,2972.47,4339.84,4698.66,3581.64
ENT-PLT-001,2025-07-31,1022,673,5.77,0.00836,981.79,24,4063.29,4649.05,3881.74,2899.96
ENT-PLT-001,2025-08-01,1022,823,7.05,0.00825,1243.04,37,9788.58,4658.98,5801.24,4558.2
ENT-PLT-001,2025-08-02,1022,828,7.1,0.00669,1206.21,37,4830.55,5041.53,5880.09,4673.88
ENT-PLT-001,2025-08-03,1022,847,7.16,0.00855,990.66,43,5729.29,5424.93,6063.8,5073.15
ENT-PLT-001,2025-08-04,1022,875,7.56,0.00845,1247.61,41,7194.78,5942.82,6611.09,5363.48
ENT-PLT-001,2025-08-05,1022,868,6.87,0.00745,1114.85,46,11963.87,6648.98,5966.72,4851.86
ENT-PLT-001,2025-08-06,1022,860,7.27,0.0073,1069.64,43,3501.73,6724.58,6252.81,5183.17
ENT-PLT-001,2025-08-07,1022,932,7.26,0.00649,1383.92,39,2768.87,6539.67,6767.21,5383.29
ENT-PLT-001,2025-08-08,1022,897,7.61,0.0077,1350.59,48,11768.78,6822.55,6822.98,5472.38
ENT-PLT-001,2025-08-09,1022,869,6.87,0.00605,1465.1,46,8741.85,7381.31,5969.66,4504.56
ENT-PLT-001,2025-08-10,1022,947,7.52,0.00719,1217.05,49,9194.67,7876.36,7120.33,5903.28
ENT-PLT-001,2025-08-11,1022,954,7.8,0.00786,1465.53,35,6968.24,7844.0,7444.56,5979.04
ENT-PLT-001,2025-08-12,1022,819,6.84,0.0062,1146.89,42,4339.52,6754.81,5599.93,4453.05
ENT-PLT-001,2025-08-13,1022,821,6.54,0.00702,1431.99,45,8551.22,7476.16,5367.53,3935.54
ENT-PLT-001,2025-08-14,1022,876,7.58,0.00858,1449.57,38,11045.44,8658.53,6636.62,5187.05
ENT-PLT-001,2025-08-15,1022,842,6.94,0.00637,1271.85,40,10972.91,8544.84,5842.62,4570.77
ENT-PLT-001,2025-08-16,1022,898,6.85,0.00789,1264.85,36,6554.49,8232.36,6149.5,4884.65
ENT-PLT-001,2025-08-17,1022,882,7.57,0.00694,1234.72,46,3482.66,7416.35,6676.05,5441.33
ENT-PLT-001,2025-08-18,1022,799,6.34,0.00845,1212.86,36,8752.13,7671.2,5064.62,3851.77
ENT-PLT-001,2025-08-19,1022,905,7.78,0.00811,1132.78,45,8104.67,8209.07,7036.8,5904.02
ENT-PLT-001,2025-08-20,1022,942,7.93,0.00756,1405.3,54,10434.77,8478.15,7474.14,6068.83
ENT-PLT-001,2025-08-21,1022,815,7.14,0.00483,1094.83,33,3305.66,7372.47,5818.99,4724.16
ENT-PLT-001,2025-08-22,1022,847,6.75,0.00718,1354.86,47,5219.87,6550.61,5720.06,4365.2
ENT-PLT-001,2025-08-23,1022,934,7.67,0.00777,1313.67,42,3424.33,6103.44,7163.64,5849.97
ENT-PLT-001,2025-08-24,1022,931,7.13,0.00924,1322.57,43,10857.22,7156.95,6638.15,5315.57
ENT-PLT-001,2025-08-25,1022,963,8.15,0.00671,1514.59,42,5271.97,6659.79,7850.66,6336.07
ENT-PLT-001,2025-08-26,1022,905,7.7,0.00805,1294.54,44,12379.04,7270.41,6967.43,5672.89
ENT-PLT-001,2025-08-27,1022,899,7.5,0.00719,1366.09,47,10676.41,7304.93,6739.98,5373.9
ENT-PLT-001,2025-08-28,1022,882,7.4,0.00822,1183.13,30,7675.61,7929.21,6530.25,5347.13
ENT-PLT-001,2025-08-29,1022,873,7.85,0.00906,1179.68,45,6876.91,8165.93,6855.57,5675.89
ENT-PLT-001,2025-08-30,1022,956,6.91,0.00787,1418.52,43,10249.25,9140.92,6601.99,5183.47
ENT-PLT-001,2025-08-31,1022,926,7.42,0.00576,1401.52,51,10712.9,9120.3,6868.17,5466.64
ENT-PLT-001,2025-09-01,1022,940,8.5,0.00745,1339.21,35,7190.63,9394.39,7986.25,6647.04
ENT-PLT-001,2025-09-02,1022,827,7.24,0.00705,1255.72,40,7203.13,8654.97,5983.57,4727.85
ENT-PLT-001,2025-09-03,1022,858,7.45,0.00655,1104.68,42,10039.41,8563.98,6388.74,5284.06
ENT-PLT-001,2025-09-04,1022,865,7.48,0.00639,1335.05,33,4152.68,8060.7,6468.5,5133.45
ENT-PLT-001,2025-09-05,1022,988,7.83,0.00658,1228.12,38,2297.83,7406.55,7733.11,6504.99
ENT-PLT-001,2025-09-06,1022,843,7.06,0.0059,1326.64,37,9717.75,7330.62,5950.33,4623.69
ENT-PLT-001,2025-09-07,1022,895,7.49,0.00598,1272.55,48,3421.03,6288.92,6703.37,5430.83
ENT-PLT-001,2025-09-08,1022,953,7.53,0.00701,1295.28,46,12476.29,7044.02,7177.92,5882.64
ENT-PLT-001,2025-09-09,1022,944,7.66,0.00625,1111.01,45,6255.63,6908.66,7227.34,6116.33
ENT-PLT-001,2025-09-10,1022,826,6.82,0.00702,1184.34,38,9550.65,6838.84,5632.43,4448.09
ENT-PLT-001,2025-09-11,1022,955,7.62,0.0047,1410.39,48,8866.66,7512.26,7272.83,5862.44
ENT-PLT-001,2025-09-12,1022,823,7.42,0.00779,1195.61,40,6685.98,8139.14,6106.87,4911.26
ENT-PLT-001,2025-09-13,1022,885,6.83,0.00568,1362.42,35,2620.82,7125.29,6043.87,4681.45
ENT-PLT-001,2025-09-14,1022,897,8.05,0.00765,1301.51,43,3155.75,7087.4,7222.14,5920.64
ENT-PLT-001,2025-09-15,1022,843,6.61,0.00642,1133.24,44,9229.53,6623.57,5573.72,4440.48
ENT-PLT-001,2025-09-16,1022,857,6.98,0.00742,1244.31,39,8432.62,6934.57,5981.48,4737.18
ENT-PLT-001,2025-09-17,1022,937,7.59,0.00678,1294.76,49,9912.35,6986.24,7108.42,5813.65
ENT-PLT-001,2025-09-18,1022,937,7.83,0.00689,1257.33,42,7372.5,6772.79,7339.67,6082.34
ENT-PLT-001,2025-09-19,1022,910,7.62,0.00769,1323.77,36,7790.73,6930.61,6933.09,5609.32
ENT-PLT-001,2025-09-20,1022,859,6.86,0.00656,1328.61,44,9011.16,7843.52,5894.53,4565.92
ENT-PLT-001,2025-09-21,1022,886,7.05,0.00688,1200.64,40,7770.72,8502.8,6243.72,5043.09
ENT-PLT-001,2025-09-22,1022,869,6.4,0.00946,1160.31,35,2674.59,7566.38,5564.75,4404.44
ENT-PLT-001,2025-09-23,1022,819,7.08,0.00568,1259.46,42,5903.46,7205.07,5794.49,4535.02
ENT-PLT-001,2025-09-24,1022,843,7.06,0.0076,1405.44,32,5728.75,6607.42,5948.74,4543.29
ENT-PLT-001,2025-09-25,1022,925,7.44,0.00651,1380.26,35,8943.08,6831.78,6878.96,5498.71
ENT-PLT-001,2025-09-26,1022,934,7.45,0.0079,1349.93,42,2619.71,6093.07,6961.11,5611.18
ENT-PLT-001,2025-09-27,1022,861,7.13,0.00587,1311.63,44,12939.27,6654.23,6139.03,4827.39
ENT-PLT-001,2025-09-28,1022,841,6.97,0.00787,1225.41,42,11063.14,7124.57,5862.43,4637.02
ENT-PLT-001,2025-09-29,1022,861,7.24,0.00715,1284.96,40,8686.74,7983.45,6235.36,4950.41
ENT-PLT-001,2025-09-30,1022,931,7.64,0.00777,1266.77,44,6572.02,8078.96,7116.17,5849.4
ENT-PLT-001,2025-10-01,1022,812,6.9,0.00642,1150.29,38,10330.43,8736.34,5599.0,4448.71
ENT-PLT-001,2025-10-02,1022,832,7.08,0.00833,1187.24,34,5545.05,8250.91,5889.91,4702.67
ENT-PLT-001,2025-10-03,1022,938,7.24,0.00551,1209.97,41,4892.17,8575.55,6793.51,5583.54
ENT-PLT-001,2025-10-04,1022,918,7.45,0.0077,1178.82,41,7271.67,7765.89,6837.72,5658.89
ENT-PLT-001,2025-10-05,1022,927,7.06,0.00673,1289.53,34,8169.27,7352.48,6548.88,5259.35
ENT-PLT-001,2025-10-06,1022,900,7.02,0.00711,1234.54,34,5983.7,6966.33,6314.97,5080.43
ENT-PLT-001,2025-10-07,1022,923,7.89,0.00604,1237.64,41,11265.66,7636.85,7285.41,6047.77
ENT-PLT-001,2025-10-08,1022,873,7.31,0.00789,1191.0,42,4104.67,6747.46,6379.83,5188.83
ENT-PLT-001,2025-10-09,1022,934,7.83,0.00719,1267.59,39,2725.1,6344.61,7315.77,6048.18
ENT-PLT-001,2025-10-10,1022,890,7.18,0.00812,1201.8,43,7714.64,6747.82,6392.17,5190.38
ENT-PLT-001,2025-10-11,1022,882,7.15,0.00715,1283.52,43,7758.21,6817.32,6301.97,5018.45
ENT-PLT-001,2025-10-12,1022,886,7.6,0.00757,1302.52,43,6297.64,6549.95,6735.08,5432.57
ENT-PLT-001,2025-10-13,1022,881,7.78,0.00719,1460.76,42,4441.68,6329.66,6851.69,5390.93
ENT-PLT-001,2025-10-14,1022,865,7.83,0.00868,1279.92,35,4293.54,5333.64,6774.98,5495.06
ENT-PLT-001,2025-10-15,1022,921,7.9,0.0096,1332.79,46,2891.27,5160.3,7275.97,5943.18
ENT-PLT-001,2025-10-16,1022,880,8.24,0.00702,1363.42,39,9110.42,6072.49,7251.72,5888.3
ENT-PLT-001,2025-10-17,1022,855,7.42,0.00612,1195.59,41,3305.02,5442.54,6347.57,5151.99
ENT-PLT-001,2025-10-18,1022,918,7.06,0.00822,1258.43,45,11911.8,6035.91,6485.52,5227.09
ENT-PLT-001,2025-10-19,1022,855,7.3,0.00663,1352.0,30,4353.57,5758.19,6243.04,4891.05
ENT-PLT-001,2025-10-20,1022,854,6.6,0.00794,1247.38,31,4089.3,5707.85,5633.11,4385.73
ENT-PLT-001,2025-10-21,1022,897,7.4,0.00895,1514.08,47,11834.36,6785.11,6638.27,5124.19
ENT-PLT-001,2025-10-22,1022,943,7.52,0.00674,1185.6,51,3839.8,6920.61,7087.59,5901.99
ENT-PLT-001,2025-10-23,1022,857,7.26,0.00857,1231.53,39,8656.93,6855.83,6221.03,4989.5
ENT-PLT-001,2025-10-24,1022,859,7.18,0.00598,1291.7,39,10870.19,7936.56,6168.6,4876.9
ENT-PLT-001,2025-10-25,1022,880,7.46,0.0061,1248.43,39,5398.59,7006.11,6560.91,5312.48
ENT-PLT-001,2025-10-26,1022,946,7.08,0.0091,1435.58,47,11202.65,7984.55,6694.27,5258.7
ENT-PLT-001,2025-10-27,1022,887,7.1,0.00778,1203.22,43,4218.62,8003.02,6300.69,5097.46
ENT-PLT-001,2025-10-28,1022,873,7.34,0.00781,1277.89,36,3902.71,6869.93,6411.88,5133.98
ENT-PLT-001,2025-10-29,1022,919,8.05,0.00659,1333.11,40,7113.2,7337.56,7401.03,6067.92
ENT-PLT-001,2025-10-30,1022,908,7.43,0.00729,1143.77,31,4440.06,6735.15,6742.71,5598.93
ENT-PLT-001,2025-10-31,1022,940,7.42,0.00805,1176.87,40,8330.27,6372.3,6973.33,5796.46
ENT-PLT-001,2025-11-01,1022,1037,8.16,0.00816,1475.12,45,10245.36,7064.7,8467.04,6991.92
ENT-PLT-001,2025-11-02,1022,971,7.82,0.00811,1308.27,43,10077.87,6904.01,7595.54,6287.28
ENT-PLT-001,2025-11-03,1022,1105,9.43,0.00663,1611.19,48,7127.79,7319.61,10416.97,8805.78
ENT-PLT-001,2025-11-04,1022,1052,8.94,0.00668,1602.66,50,3320.61,7236.45,9408.07,7805.41
ENT-PLT-001,2025-11-05,1022,1072,8.64,0.00619,1485.23,53,5652.81,7027.83,9262.19,7776.96
ENT-PLT-001,2025-11-06,1022,962,8.4,0.00816,1503.01,38,3032.84,6826.8,8082.03,6579.01
ENT-PLT-001,2025-11-07,1022,1074,8.74,0.00614,1466.29,49,4837.67,6327.85,9390.57,7924.28
ENT-PLT-001,2025-11-08,1022,1091,8.96,0.00836,1707.08,54,3385.29,5347.84,9775.07,8067.99
ENT-PLT-001,2025-11-09,1022,1029,8.09,0.00741,1402.63,35,6571.31,4846.91,8326.8,6924.17
ENT-PLT-001,2025-11-10,1022,1059,8.63,0.00573,1470.75,46,10381.43,5311.71,9144.05,7673.3
ENT-PLT-001,2025-11-11,1022,1024,8.43,0.007,1444.17,49,5876.47,5676.83,8636.65,7192.47
ENT-PLT-001,2025-11-12,1022,1114,9.23,0.00736,1612.03,54,4058.7,5449.1,10280.38,8668.35
ENT-PLT-001,2025-11-13,1022,1094,9.72,0.00827,1539.13,44,3104.77,5459.38,10630.07,9090.93
ENT-PLT-001,2025-11-14,1022,1051,8.37,0.00621,1409.45,52,8459.95,5976.85,8793.71,7384.26
ENT-PLT-001,2025-11-15,1022,987,8.42,0.00773,1584.27,46,2892.27,5906.41,8307.73,6723.46
ENT-PLT-001,2025-11-16,1022,998,8.61,0.00694,1571.92,55,8726.48,6214.3,8594.9,7022.98
ENT-PLT-001,2025-11-17,1022,1100,8.06,0.00719,1532.29,41,11534.68,6379.05,8865.55,7333.25
ENT-PLT-001,2025-11-18,1022,1054,8.82,0.00655,1649.84,39,9560.36,6905.32,9301.19,7651.35
ENT-PLT-001,2025-11-19,1022,1007,8.3,0.0087,1308.71,32,7037.73,7330.89,8353.9,7045.19
ENT-PLT-001,2025-11-20,1022,1011,8.05,0.00605,1435.57,44,10080.88,8327.48,8134.13,6698.56
ENT-PLT-001,2025-11-21,1022,934,8.4,0.00741,1436.45,46,7490.62,8189.0,7842.18,6405.73
ENT-PLT-001,2025-11-22,1022,1007,8.3,0.00651,1442.56,40,4685.41,8445.17,8360.69,6918.12
ENT-PLT-001,2025-11-23,1022,1101,9.24,0.00711,1601.5,47,6401.84,8113.07,10171.51,8570.0
ENT-PLT-001,2025-11-24,1022,1126,9.13,0.00561,1671.74,50,11794.48,8150.19,10284.37,8612.64
ENT-PLT-001,2025-11-25,1022,1000,8.39,0.00751,1726.37,39,9841.59,8190.36,8393.93,6667.56
ENT-PLT-001,2025-11-26,1022,1083,9.47,0.00656,1547.13,48,8543.72,8405.51,10259.04,8711.91
ENT-PLT-001,2025-11-27,1022,1115,10.12,0.00819,1668.27,50,5084.11,7691.68,11288.51,9620.24
ENT-PLT-001,2025-11-28,1022,1054,8.47,0.00613,1513.76,45,4833.39,7312.08,8924.16,7410.4
ENT-PLT-001,2025-11-29,1022,1031,8.28,0.00666,1254.92,41,4441.79,7277.27,8539.05,7284.14
ENT-PLT-001,2025-11-30,1022,1056,9.2,0.00657,1672.62,45,9281.46,7688.65,9712.74,8040.12
ENT-PLT-001,2025-12-01,1022,1034,8.91,0.00924,1321.36,48,7803.62,7118.52,9214.07,7892.71
ENT-PLT-001,2025-12-02,1022,984,7.85,0.00595,1372.39,46,6136.55,6589.23,7728.7,6356.31
ENT-PLT-001,2025-12-03,1022,1022,7.96,0.00675,1372.86,53,5669.5,6178.63,8138.85,6765.99
ENT-PLT-001,2025-12-04,1022,1154,9.2,0.00707,1514.79,47,7271.65,6491.14,10620.58,9105.78
ENT-PLT-001,2025-12-05,1022,1096,8.75,0.00776,1605.55,49,13347.6,7707.45,9586.2,7980.66
ENT-PLT-001,2025-12-06,1022,1160,9.79,0.00807,1774.65,60,14422.71,9133.3,11353.33,9578.68
ENT-PLT-001,2025-12-07,1022,1006,8.27,0.00581,1445.08,48,7319.04,8852.95,8316.31,6871.23
ENT-PLT-001,2025-12-08,1022,1029,8.82,0.00802,1442.48,47,10328.82,9213.7,9080.74,7638.26
ENT-PLT-001,2025-12-09,1022,976,7.52,0.00571,1463.33,48,9542.5,9700.26,7338.64,5875.32
ENT-PLT-001,2025-12-10,1022,1075,8.95,0.00851,1633.66,43,12633.18,10695.07,9622.84,7989.19
ENT-PLT-001,2025-12-11,1022,990,8.51,0.00609,1454.29,49,11076.0,11238.55,8423.17,6968.88
ENT-PLT-001,2025-12-12,1022,1001,8.46,0.00579,1422.79,48,12895.69,11173.99,8471.46,7048.67
ENT-PLT-001,2025-12-13,1022,929,7.55,0.0064,1439.4,41,4521.73,9759.57,7014.76,5575.36
ENT-PLT-001,2025-12-14,1022,1084,8.91,0.00776,1670.13,57,9136.05,10019.14,9663.8,7993.67
ENT-PLT-001,2025-12-15,1022,1047,8.4,0.00822,1514.19,50,4611.98,9202.45,8791.28,7277.09
ENT-PLT-001,2025-12-16,1022,1030,8.57,0.00656,1474.73,50,12710.14,9654.97,8827.07,7352.34
ENT-PLT-001,2025-12-17,1022,1020,8.75,0.00697,1223.22,49,4224.14,8453.68,8929.98,7706.76
ENT-PLT-001,2025-12-18,1022,1073,8.85,0.00744,1566.39,52,9175.23,8182.14,9494.05,7927.66
ENT-PLT-001,2025-12-19,1022,1090,9.2,0.00723,1713.96,48,11971.67,8050.13,10028.38,8314.42
ENT-PLT-001,2025-12-20,1022,971,8.45,0.00633,1476.71,48,8477.87,8615.3,8206.24,6729.53
ENT-PLT-001,2025-12-21,1022,1083,8.74,0.00663,1532.85,45,6104.42,8182.21,9469.99,7937.13
ENT-PLT-001,2025-12-22,1022,984,8.45,0.0051,1266.54,52,3158.5,7974.57,8315.22,7048.67
ENT-PLT-001,2025-12-23,1022,1080,8.66,0.00829,1619.77,50,4474.73,6798.08,9350.08,7730.31
ENT-PLT-001,2025-12-24,1022,1079,8.48,0.0072,1623.76,44,8077.49,7348.56,9154.32,7530.55
ENT-PLT-001,2025-12-25,1022,1033,9.25,0.00721,1629.03,47,9969.01,7461.95,9554.0,7924.97
ENT-PLT-001,2025-12-26,1022,1139,9.03,0.00687,1534.58,42,10523.12,7255.02,10289.19,8754.6
ENT-PLT-001,2025-12-27,1022,1019,9.04,0.0063,1323.42,47,10710.36,7573.95,9209.31,7885.89
ENT-PLT-001,2025-12-28,1022,952,8.29,0.00671,1209.9,51,11831.99,8392.17,7893.1,6683.21
ENT-PLT-001,2025-12-29,1022,936,7.79,0.00719,1554.4,29,8611.05,9171.11,7294.38,5739.98
ENT-PLT-001,2025-12-30,1022,1076,8.09,0.00595,1512.02,47,13470.69,10456.24,8706.37,7194.35
ENT-PLT-001,2025-12-31,1022,1089,9.63,0.00913,1782.74,51,7056.37,10310.37,10483.78,8701.04
ENT-PLT-001,2026-01-01,1022,1016,8.89,0.00595,1264.67,43,12102.64,10615.17,9036.65,7771.98
ENT-PLT-001,2026-01-02,1022,1039,8.25,0.00728,1504.56,52,10308.13,10584.46,8570.82,7066.26
ENT-PLT-001,2026-01-03,1022,1132,9.31,0.00858,1524.65,50,12420.98,10828.83,10535.95,9011.3
ENT-PLT-001,2026-01-04,1022,1094,9.06,0.00747,1618.74,55,4770.25,9820.02,9909.0,8290.26
ENT-PLT-001,2026-01-05,1022,1003,8.26,0.00841,1419.82,49,7411.09,9648.59,8281.68,6861.86
ENT-PLT-001,2026-01-06,1022,1096,8.78,0.00843,1602.47,54,8731.13,8971.51,9624.66,8022.19
ENT-PLT-001,2026-01-07,1022,1103,8.31,0.00822,1679.77,48,2985.85,8390.01,9167.91,7488.14
ENT-PLT-001,2026-01-08,1022,1098,8.87,0.00887,1574.5,54,12052.55,8382.86,9743.72,8169.22
ENT-PLT-001,2026-01-09,1022,974,8.57,0.00828,1265.56,49,8847.97,8174.26,8350.46,7084.9
ENT-PLT-001,2026-01-10,1022,1078,8.78,0.00911,1427.52,46,5141.38,7134.32,9460.89,8033.37
ENT-PLT-001,2026-01-11,1022,1013,8.27,0.0074,1400.57,44,12507.61,8239.66,8378.85,6978.29
ENT-PLT-001,2026-01-12,1022,956,8.14,0.00493,1469.5,36,8444.7,8387.31,7779.13,6309.63
ENT-PLT-001,2026-01-13,1022,1025,7.7,0.0073,1473.55,42,7292.09,8181.74,7888.92,6415.37
ENT-PLT-001,2026-01-14,1022,1029,8.28,0.00743,1456.47,42,11824.48,9444.4,8524.88,7068.41
ENT-PLT-001,2026-01-15,1022,1068,8.84,0.0064,1715.42,50,14214.91,9753.31,9440.44,7725.02
ENT-PLT-001,2026-01-16,1022,1003,8.09,0.0061,1350.02,48,13215.95,10377.3,8113.44,6763.42
ENT-PLT-001,2026-01-17,1022,996,7.99,0.00663,1356.38,47,11680.43,11311.45,7957.63,6601.25
ENT-PLT-001,2026-01-18,1022,1097,8.49,0.00918,1570.37,48,3528.94,10028.79,9318.83,7748.46
ENT-PLT-001,2026-01-19,1022,969,8.5,0.00808,1551.08,44,4208.88,9423.67,8239.42,6688.34
ENT-PLT-001,2026-01-20,1022,1099,8.92,0.00769,1494.66,52,10560.02,9890.52,9797.74,8303.08
ENT-PLT-001,2026-01-21,1022,984,7.6,0.00867,1415.91,50,12818.34,10032.5,7482.48,6066.57
ENT-PLT-001,2026-01-22,1022,1033,8.2,0.00638,1526.48,47,4196.74,8601.33,8474.22,6947.74
ENT-PLT-001,2026-01-23,1022,1078,8.68,0.00466,1388.48,41,3390.4,7197.68,9354.6,7966.12
ENT-PLT-001,2026-01-24,1022,1062,7.72,0.01016,1505.1,44,3962.5,6095.12,8203.53,6698.44
ENT-PLT-001,2026-01-25,1022,1003,7.76,0.0062,1438.72,45,11528.6,7237.93,7782.85,6344.12
ENT-PLT-001,2026-01-26,1022,1072,8.89,0.00712,1642.37,44,11286.82,8249.06,9530.65,7888.29
ENT-PLT-001,2026-01-27,1022,1069,8.6,0.00691,1502.56,54,3309.0,7213.2,9198.12,7695.57
ENT-PLT-001,2026-01-28,1022,1009,8.48,0.00745,1363.62,44,3567.39,5891.64,8559.18,7195.56
ENT-PLT-002,2025-07-01,686,438,5.12,0.00537,1859.87,30,8835.14,8835.14,2243.26,383.39
ENT-PLT-002,2025-07-02,686,482,5.81,0.00508,2197.13,27,3521.21,6178.18,2800.12,603.0
ENT-PLT-002,2025-07-03,686,485,5.9,0.00393,2136.22,36,6571.5,6309.28,2863.12,726.91
ENT-PLT-002,2025-07-04,686,487,5.8,0.00452,2060.87,31,8229.27,6789.28,2825.89,765.02
ENT-PLT-002,2025-07-05,686,450,5.47,0.0041,1736.56,26,4991.06,6429.64,2463.13,726.58
ENT-PLT-002,2025-07-06,686,417,5.15,0.00429,1570.75,31,6893.35,6506.92,2146.58,575.83
ENT-PLT-002,2025-07-07,686,526,6.36,0.00423,2070.35,28,6481.07,6503.23,3345.91,1275.56
ENT-PLT-002,2025-07-08,686,452,5.46,0.00382,2042.96,38,5165.21,5978.95,2468.5,425.54
ENT-PLT-002,2025-07-09,686,462,6.52,0.00479,2134.26,24,3783.06,6016.36,3013.53,879.27
ENT-PLT-002,2025-07-10,686,440,5.91,0.00594,1845.08,25,6288.58,5975.94,2598.77,753.68
ENT-PLT-002,2025-07-11,686,485,5.75,0.0052,2051.03,28,5217.92,5545.75,2790.77,739.75
ENT-PLT-002,2025-07-12,686,500,5.65,0.00381,2173.4,34,6708.81,5791.14,2825.3,651.9
ENT-PLT-002,2025-07-13,686,439,5.42,0.00561,1838.48,28,7096.89,5820.22,2378.86,540.37
ENT-PLT-002,2025-07-14,686,474,5.93,0.00354,2077.08,27,5458.17,5674.09,2809.62,732.54
ENT-PLT-002,2025-07-15,686,426,4.81,0.00447,1755.13,24,6730.22,5897.67,2050.69,295.56
ENT-PLT-002,2025-07-16,686,476,5.43,0.00604,1938.33,25,4246.72,5963.9,2582.55,644.22
ENT-PLT-002,2025-07-17,686,445,5.77,0.00421,2128.12,21,5916.01,5910.68,2567.7,439.58
ENT-PLT-002,2025-07-18,686,430,5.12,0.00445,1728.21,35,9200.06,6479.56,2203.48,475.28
ENT-PLT-002,2025-07-19,686,495,5.88,0.00586,2054.17,34,9625.45,6896.22,2909.92,855.76
ENT-PLT-002,2025-07-20,686,510,6.75,0.00494,1962.02,21,1947.6,6160.6,3440.98,1478.95
ENT-PLT-002,2025-07-21,686,454,5.17,0.00427,1905.5,32,8305.13,6567.31,2347.4,441.9
ENT-PLT-002,2025-07-22,686,410,4.57,0.00534,1500.3,39,8528.59,6824.22,1873.2,372.9
ENT-PLT-002,2025-07-23,686,563,6.17,0.00466,2091.56,29,8214.09,7390.99,3474.3,1382.74
ENT-PLT-002,2025-07-24,686,501,6.11,0.00442,2007.48,33,4778.07,7228.43,3060.55,1053.07
ENT-PLT-002,2025-07-25,686,401,4.97,0.00567,1684.59,22,5812.1,6744.43,1991.1,306.51
ENT-PLT-002,2025-07-26,686,474,6.0,0.00589,2087.85,32,6767.44,6336.15,2844.69,756.84
ENT-PLT-002,2025-07-27,686,494,5.12,0.00594,1835.44,37,10145.35,7507.25,2528.32,692.89
ENT-PLT-002,2025-07-28,686,478,6.1,0.00481,2002.36,33,2828.74,6724.91,2918.0,915.64
ENT-PLT-002,2025-07-29,686,445,5.08,0.00583,1850.88,30,8269.27,6687.86,2259.65,408.77
ENT-PLT-002,2025-07-30,686,479,5.49,0.00471,1883.45,25,4324.19,6132.17,2631.13,747.68
ENT-PLT-002,2025-07-31,686,424,5.89,0.004,1838.77,35,5790.6,6276.81,2496.6,657.83
ENT-PLT-002,2025-08-01,686,564,6.78,0.00467,2443.67,30,2596.79,5817.48,3824.54,1380.87
ENT-PLT-002,2025-08-02,686,592,7.17,0.00465,2400.95,30,8709.83,6094.97,4242.97,1842.02
ENT-PLT-002,2025-08-03,686,597,7.92,0.00556,2478.47,40,3623.37,5163.26,4728.33,2249.87
ENT-PLT-002,2025-08-04,686,623,7.12,0.00453,2383.68,40,11593.71,6415.4,4438.47,2054.79
ENT-PLT-002,2025-08-05,686,613,7.66,0.00543,2712.68,40,2899.58,5648.3,4695.02,1982.34
ENT-PLT-002,2025-08-06,686,602,7.68,0.00592,2580.47,39,6354.99,5938.41,4621.87,2041.4
ENT-PLT-002,2025-08-07,686,616,7.26,0.00414,2488.81,41,5053.14,5833.06,4470.38,1981.57
ENT-PLT-002,2025-08-08,686,604,7.09,0.00305,2556.91,45,9299.88,6790.64,4285.22,1728.31
ENT-PLT-002,2025-08-09,686,589,7.09,0.00366,2374.35,38,5939.7,6394.91,4176.86,1802.51
ENT-PLT-002,2025-08-10,686,581,7.08,0.00544,2382.25,39,7253.73,6913.54,4113.32,1731.07
ENT-PLT-002,2025-08-11,686,600,7.58,0.00469,2496.28,39,6337.4,6162.63,4547.68,2051.4
ENT-PLT-002,2025-08-12,686,573,6.87,0.00625,2239.72,35,3626.71,6266.51,3937.16,1697.44
ENT-PLT-002,2025-08-13,686,596,6.49,0.00403,2258.77,39,8017.04,6503.95,3870.84,1612.06
ENT-PLT-002,2025-08-14,686,591,7.44,0.00453,2473.28,33,8082.07,6936.65,4394.29,1921.01
ENT-PLT-002,2025-08-15,686,538,6.42,0.00617,2317.35,29,5948.81,6457.92,3454.84,1137.49
ENT-PLT-002,2025-08-16,686,570,7.28,0.00518,2386.78,31,2165.33,5918.73,4147.89,1761.11
ENT-PLT-002,2025-08-17,686,618,8.06,0.00355,2662.61,45,3765.28,5420.38,4982.57,2319.96
ENT-PLT-002,2025-08-18,686,623,7.45,0.0031,2642.26,37,3355.15,4994.34,4640.75,1998.49
ENT-PLT-002,2025-08-19,686,588,6.92,0.00273,2438.11,27,5251.04,5226.39,4070.25,1632.14
ENT-PLT-002,2025-08-20,686,565,7.31,0.00557,2473.28,31,8946.19,5359.12,4132.71,1659.43
ENT-PLT-002,2025-08-21,686,625,7.58,0.00547,2641.69,38,10996.92,5775.53,4739.66,2097.97
ENT-PLT-002,2025-08-22,686,572,6.67,0.00524,2190.86,29,2261.9,5248.83,3812.55,1621.69
ENT-PLT-002,2025-08-23,686,587,6.71,0.0047,2328.3,41,4496.14,5581.8,3937.98,1609.69
ENT-PLT-002,2025-08-24,686,530,6.46,0.00707,2290.51,29,6755.23,6008.94,3425.67,1135.16
ENT-PLT-002,2025-08-25,686,574,7.06,0.0041,2363.62,39,4435.98,6163.34,4050.9,1687.28
ENT-PLT-002,2025-08-26,686,593,7.61,0.00553,2439.48,44,3184.05,5868.06,4511.56,2072.08
ENT-PLT-002,2025-08-27,686,669,7.87,0.00473,2736.46,45,9532.98,5951.89,5263.29,2526.83
ENT-PLT-002,2025-08-28,686,617,8.3,0.00536,2573.72,47,6146.42,5258.96,5121.91,2548.19
ENT-PLT-002,2025-08-29,686,671,7.64,0.00467,2530.93,47,5974.9,5789.39,5124.33,2593.4
ENT-PLT-002,2025-08-30,686,605,6.95,0.00637,2193.98,29,6529.28,6079.83,4202.58,2008.59
ENT-PLT-002,2025-08-31,686,620,7.61,0.00618,2562.47,38,6312.73,6016.62,4716.0,2153.53
ENT-PLT-002,2025-09-01,686,590,7.38,0.0054,2314.96,29,4759.97,6062.9,4354.31,2039.35
ENT-PLT-002,2025-09-02,686,577,6.44,0.00493,2151.82,38,3886.13,6163.2,3717.28,1565.47
ENT-PLT-002,2025-09-03,686,615,7.17,0.0046,2565.62,45,10123.56,6247.57,4407.1,1841.48
ENT-PLT-002,2025-09-04,686,546,7.03,0.0056,2205.71,38,5950.84,6219.63,3837.36,1631.64
ENT-PLT-002,2025-09-05,686,638,7.77,0.00523,2540.16,37,2340.34,5700.41,4959.58,2419.42
ENT-PLT-002,2025-09-06,686,633,7.65,0.00456,2584.9,35,9984.23,6193.97,4843.54,2258.64
ENT-PLT-002,2025-09-07,686,607,7.22,0.0051,2371.18,42,3376.45,5774.5,4384.72,2013.54
ENT-PLT-002,2025-09-08,686,530,6.82,0.00267,2360.74,31,5423.08,5869.23,3614.33,1253.59
ENT-PLT-002,2025-09-09,686,560,6.83,0.00457,2358.46,42,3553.87,5821.77,3822.92,1464.47
ENT-PLT-002,2025-09-10,686,638,7.55,0.0048,2606.57,43,6557.15,5312.28,4817.62,2211.04
ENT-PLT-002,2025-09-11,686,574,7.66,0.00416,2263.81,34,6053.26,5326.91,4399.33,2135.53
ENT-PLT-002,2025-09-12,686,598,7.79,0.00725,2624.63,42,5883.95,5833.14,4660.13,2035.49
ENT-PLT-002,2025-09-13,686,592,6.96,0.00533,2421.4,33,3416.41,4894.88,4117.52,1696.12
ENT-PLT-002,2025-09-14,686,598,7.44,0.00383,2371.03,34,9183.28,5724.43,4448.34,2077.32
ENT-PLT-002,2025-09-15,686,558,6.92,0.00456,2590.79,39,10405.64,6436.22,3861.65,1270.85
ENT-PLT-002,2025-09-16,686,605,7.69,0.00422,2693.14,44,11054.74,7507.78,4651.93,1958.79
ENT-PLT-002,2025-09-17,686,643,7.52,0.00333,2698.26,43,3896.17,7127.64,4837.26,2138.99
ENT-PLT-002,2025-09-18,686,635,7.23,0.00571,2285.6,40,8176.73,7430.99,4590.26,2304.66
ENT-PLT-002,2025-09-19,686,640,7.85,0.00564,2458.76,32,5703.18,7405.17,5025.26,2566.51
ENT-PLT-002,2025-09-20,686,593,7.21,0.00519,2442.41,32,7884.23,8043.43,4277.03,1834.62
ENT-PLT-002,2025-09-21,686,626,7.61,0.00434,2619.52,42,7297.18,7773.98,4764.44,2144.92
ENT-PLT-002,2025-09-22,686,550,7.28,0.00618,2199.62,43,10615.64,7803.98,4005.96,1806.34
ENT-PLT-002,2025-09-23,686,529,6.92,0.00258,2252.92,32,3644.83,6745.42,3661.46,1408.54
ENT-PLT-002,2025-09-24,686,625,7.76,0.00581,2646.09,45,10218.12,7648.56,4850.36,2204.27
ENT-PLT-002,2025-09-25,686,600,7.13,0.00378,2373.24,35,3333.85,6956.72,4276.46,1903.22
ENT-PLT-002,2025-09-26,686,559,6.78,0.00493,2377.82,31,7554.71,7221.22,3792.61,1414.79
ENT-PLT-002,2025-09-27,686,610,7.41,0.00584,2409.62,36,7731.48,7199.4,4520.4,2110.79
ENT-PLT-002,2025-09-28,686,533,6.73,0.005,2196.02,29,2948.12,6578.11,3586.97,1390.94
ENT-PLT-002,2025-09-29,686,551,6.99,0.00582,2298.9,35,6905.35,6048.06,3853.68,1554.78
ENT-PLT-002,2025-09-30,686,565,7.05,0.00707,2380.42,39,5873.96,6366.51,3985.75,1605.33
ENT-PLT-002,2025-10-01,686,636,7.33,0.00571,2652.67,46,9440.12,6255.37,4660.86,2008.19
ENT-PLT-002,2025-10-02,686,511,6.6,0.00371,2245.68,31,4690.7,6449.2,3370.08,1124.4
ENT-PLT-002,2025-10-03,686,544,6.92,0.00472,2342.67,29,4074.88,5952.09,3764.59,1421.92
ENT-PLT-002,2025-10-04,686,601,6.96,0.00518,2366.05,37,10298.02,6318.74,4183.12,1817.08
ENT-PLT-002,2025-10-05,686,584,7.49,0.0048,2385.99,34,10089.79,7338.97,4374.57,1988.58
ENT-PLT-002,2025-10-06,686,593,7.27,0.00491,2349.29,50,12020.15,8069.66,4310.35,1961.06
ENT-PLT-002,2025-10-07,686,620,7.64,0.00405,2680.52,45,6278.24,8127.41,4736.32,2055.79
ENT-PLT-002,2025-10-08,686,654,7.22,0.00475,2602.1,39,9791.21,8177.57,4721.97,2119.87
ENT-PLT-002,2025-10-09,686,599,7.07,0.00558,2576.36,43,12413.08,9280.77,4237.34,1660.98
ENT-PLT-002,2025-10-10,686,587,6.97,0.00625,2460.5,42,12533.64,10489.16,4094.29,1633.79
ENT-PLT-002,2025-10-11,686,625,7.14,0.00308,2431.78,35,4543.07,9667.03,4462.96,2031.18
ENT-PLT-002,2025-10-12,686,611,7.37,0.00467,2465.39,31,3638.98,8745.48,4501.89,2036.5
ENT-PLT-002,2025-10-13,686,601,7.21,0.00183,2503.37,41,10000.56,8456.97,4333.0,1829.63
ENT-PLT-002,2025-10-14,686,583,7.32,0.00345,2480.64,33,5582.08,8357.52,4267.73,1787.1
ENT-PLT-002,2025-10-15,686,566,6.92,0.00395,2294.25,43,7334.85,8006.61,3917.33,1623.08
ENT-PLT-002,2025-10-16,686,653,8.17,0.00455,2418.66,44,12564.6,8028.25,5336.85,2918.19
ENT-PLT-002,2025-10-17,686,619,7.67,0.00454,2725.55,35,5802.95,7066.73,4750.3,2024.75
ENT-PLT-002,2025-10-18,686,578,6.99,0.00416,2550.0,40,6720.89,7377.84,4038.82,1488.82
ENT-PLT-002,2025-10-19,686,636,7.55,0.00511,2586.96,41,7978.28,7997.74,4801.48,2214.53
ENT-PLT-002,2025-10-20,686,537,7.03,0.00537,2154.61,31,3519.5,7071.88,3773.44,1618.83
ENT-PLT-002,2025-10-21,686,621,7.31,0.00356,2614.98,41,4233.89,6879.28,4538.35,1923.37
ENT-PLT-002,2025-10-22,686,554,7.04,0.00452,2222.86,37,2792.51,6230.37,3900.54,1677.68
ENT-PLT-002,2025-10-23,686,572,6.87,0.00475,2350.3,31,8917.09,5709.3,3928.15,1577.85
ENT-PLT-002,2025-10-24,686,573,6.88,0.00604,2500.74,35,2624.16,5255.19,3939.98,1439.24
ENT-PLT-002,2025-10-25,686,638,6.68,0.00493,2634.17,47,7590.54,5379.42,4259.36,1625.19
ENT-PLT-002,2025-10-26,686,580,6.97,0.00527,2360.85,38,10248.84,5703.79,4044.63,1683.78
ENT-PLT-002,2025-10-27,686,581,7.21,0.00527,2398.98,47,7653.87,6294.41,4188.27,1789.29
ENT-PLT-002,2025-10-28,686,652,7.59,0.00541,2729.79,38,7163.82,6712.97,4946.36,2216.57
ENT-PLT-002,2025-10-29,686,643,7.39,0.00588,2490.33,42,11529.3,7961.09,4750.1,2259.77
ENT-PLT-002,2025-10-30,686,548,6.78,0.00348,2438.61,42,10820.92,8233.06,3713.2,1274.6
ENT-PLT-002,2025-10-31,686,632,6.97,0.0069,2559.34,44,5981.27,8712.65,4405.26,1845.92
ENT-PLT-002,2025-11-01,686,724,8.68,0.00408,2963.79,31,8878.33,8896.62,6285.34,3321.55
ENT-PLT-002,2025-11-02,686,722,8.56,0.00453,3033.82,46,10448.76,8925.18,6180.58,3146.76
ENT-PLT-002,2025-11-03,686,718,8.6,0.00436,3023.28,49,10932.43,9393.55,6171.84,3148.56
ENT-PLT-002,2025-11-04,686,739,9.22,0.0045,3174.71,48,8629.99,9603.0,6817.0,3642.29
ENT-PLT-002,2025-11-05,686,748,8.84,0.00525,3164.35,43,12632.4,9760.59,6611.4,3447.05
ENT-PLT-002,2025-11-06,686,700,8.0,0.00389,2887.56,45,5778.3,9040.21,5602.45,2714.89
ENT-PLT-002,2025-11-07,686,736,8.42,0.00349,2882.08,34,9432.0,9533.17,6199.87,3317.79
ENT-PLT-002,2025-11-08,686,685,8.12,0.00493,2693.13,43,10319.42,9739.04,5562.52,2869.38
ENT-PLT-002,2025-11-09,686,710,8.15,0.00438,2753.81,45,9911.27,9662.26,5783.53,3029.72
ENT-PLT-002,2025-11-10,686,748,9.38,0.00431,3028.33,54,7783.95,9212.48,7014.23,3985.89
ENT-PLT-002,2025-11-11,686,695,8.15,0.00526,2908.74,39,6044.77,8843.16,5666.32,2757.58
ENT-PLT-002,2025-11-12,686,755,8.65,0.00461,3231.9,43,11964.37,8747.73,6527.37,3295.47
ENT-PLT-002,2025-11-13,686,760,9.28,0.00483,2981.12,45,11237.51,9527.61,7052.82,4071.7
ENT-PLT-002,2025-11-14,686,706,8.8,0.00452,3094.52,42,8121.85,9340.45,6211.82,3117.31
ENT-PLT-002,2025-11-15,686,677,8.01,0.00411,3043.19,47,7660.28,8960.57,5420.13,2376.94
ENT-PLT-002,2025-11-16,686,726,9.3,0.00406,3136.11,49,11289.89,9157.52,6753.74,3617.64
ENT-PLT-002,2025-11-17,686,668,8.15,0.00566,2564.46,46,12879.99,9885.52,5443.44,2878.97
ENT-PLT-002,2025-11-18,686,748,9.08,0.00496,3049.76,55,5320.24,9782.02,6788.17,3738.41
ENT-PLT-002,2025-11-19,686,715,7.77,0.00405,2911.72,44,10392.83,9557.51,5557.28,2645.57
ENT-PLT-002,2025-11-20,686,733,8.67,0.00534,3241.16,48,12562.06,9746.73,6353.26,3112.1
ENT-PLT-002,2025-11-21,686,739,8.8,0.00386,2981.8,47,3755.83,9123.02,6503.22,3521.42
ENT-PLT-002,2025-11-22,686,715,8.01,0.0051,2668.78,44,4137.78,8619.8,5726.72,3057.94
ENT-PLT-002,2025-11-23,686,667,8.1,0.00514,2885.12,33,3627.14,7525.12,5402.44,2517.32
ENT-PLT-002,2025-11-24,686,658,7.53,0.00338,2695.97,42,11488.31,7326.31,4952.07,2256.1
ENT-PLT-002,2025-11-25,686,735,8.4,0.00495,2874.26,55,12007.6,8281.65,6172.81,3298.55
ENT-PLT-002,2025-11-26,686,721,8.45,0.00427,3015.41,52,3182.58,7251.61,6089.6,3074.2
ENT-PLT-002,2025-11-27,686,701,8.41,0.00528,2788.53,40,7372.75,6510.28,5893.52,3104.99
ENT-PLT-002,2025-11-28,686,734,9.03,0.00497,2985.99,47,10621.27,7491.06,6624.53,3638.54
ENT-PLT-002,2025-11-29,686,662,7.83,0.00543,2827.97,45,9740.78,8291.49,5183.45,2355.48
ENT-PLT-002,2025-11-30,686,703,8.04,0.00691,2784.91,44,11574.14,9426.78,5649.25,2864.34
ENT-PLT-002,2025-12-01,686,738,8.82,0.00466,3015.32,39,3890.51,8341.38,6509.69,3494.37
ENT-PLT-002,2025-12-02,686,661,7.66,0.0035,2779.21,41,3518.38,7128.63,5060.24,2281.02
ENT-PLT-002,2025-12-03,686,703,8.3,0.00566,2967.65,37,6210.7,7561.22,5838.3,2870.65
ENT-PLT-002,2025-12-04,686,759,8.87,0.00363,3135.19,56,10489.9,8006.53,6729.0,3593.81
ENT-PLT-002,2025-12-05,686,653,8.65,0.00597,2768.82,45,5349.44,7253.41,5648.11,2879.29
ENT-PLT-002,2025-12-06,686,658,8.1,0.00472,2751.78,39,4340.91,6482.0,5332.83,2581.05
ENT-PLT-002,2025-12-07,686,678,8.38,0.00543,2982.53,46,5102.41,5557.46,5682.04,2699.52
ENT-PLT-002,2025-12-08,686,637,7.81,0.00649,2679.96,39,8389.09,6200.12,4974.09,2294.12
ENT-PLT-002,2025-12-09,686,697,8.13,0.0055,2972.99,47,8391.58,6896.29,5667.22,2694.23
ENT-PLT-002,2025-12-10,686,645,7.9,0.00348,2697.94,37,2408.87,6353.17,5093.94,2396.0
ENT-PLT-002,2025-12-11,686,635,7.79,0.00349,2755.67,40,3658.16,5377.21,4946.23,2190.55
ENT-PLT-002,2025-12-12,686,778,9.12,0.00388,3083.62,53,13735.69,6575.24,7094.38,4010.76
ENT-PLT-002,2025-12-13,686,692,8.18,0.0056,2811.7,45,11065.83,7535.95,5660.61,2848.91
ENT-PLT-002,2025-12-14,686,715,8.45,0.00593,2860.8,37,9706.51,8193.67,6039.05,3178.26
ENT-PLT-002,2025-12-15,686,716,9.16,0.0052,3110.21,45,13430.24,8913.84,6560.94,3450.73
ENT-PLT-002,2025-12-16,686,739,8.67,0.00614,3132.98,50,9450.7,9065.14,6410.04,3277.06
ENT-PLT-002,2025-12-17,686,607,7.65,0.00447,2660.28,39,2789.31,9119.49,4645.02,1984.74
ENT-PLT-002,2025-12-18,686,674,8.56,0.00503,2687.31,39,7801.12,9711.34,5772.13,3084.82
ENT-PLT-002,2025-12-19,686,612,7.78,0.00529,2525.08,36,9896.92,9162.95,4760.53,2235.45
ENT-PLT-002,2025-12-20,686,703,8.26,0.00484,3054.91,41,10062.82,9019.66,5803.36,2748.45
ENT-PLT-002,2025-12-21,686,698,8.79,0.0057,2844.78,39,10160.67,9084.54,6132.49,3287.71
ENT-PLT-002,2025-12-22,686,645,7.55,0.00464,2714.83,39,8615.87,8396.77,4869.75,2154.91
ENT-PLT-002,2025-12-23,686,696,8.08,0.00554,2761.51,51,12382.01,8815.53,5621.18,2859.67
ENT-PLT-002,2025-12-24,686,682,9.07,0.0044,2741.14,45,4104.65,9003.44,6182.64,3441.5
ENT-PLT-002,2025-12-25,686,740,8.72,0.0055,3026.22,45,7022.21,8892.17,6449.51,3423.29
ENT-PLT-002,2025-12-26,686,622,7.99,0.00603,2629.38,45,3857.47,8029.39,4970.35,2340.97
ENT-PLT-002,2025-12-27,686,667,8.17,0.00489,2676.72,47,8808.39,7850.18,5448.32,2771.59
ENT-PLT-002,2025-12-28,686,701,8.43,0.00435,2859.24,39,5463.8,7179.2,5910.24,3051.0
ENT-PLT-002,2025-12-29,686,705,8.23,0.00501,2677.68,51,5433.72,6724.61,5805.12,3127.44
ENT-PLT-002,2025-12-30,686,670,8.16,0.00383,2651.08,43,5149.1,5691.34,5469.45,2818.37
ENT-PLT-002,2025-12-31,686,658,8.32,0.00618,2623.33,39,7320.75,6150.78,5471.47,2848.14
ENT-PLT-002,2026-01-01,686,696,7.75,0.00395,2824.26,44,9944.18,6568.2,5397.28,2573.02
ENT-PLT-002,2026-01-02,686,735,8.47,0.00537,2771.13,38,4906.37,6718.05,6226.08,3454.96
ENT-PLT-002,2026-01-03,686,659,8.29,0.00359,2523.56,45,4538.51,6108.06,5462.07,2938.51
ENT-PLT-002,2026-01-04,686,696,8.77,0.00555,2716.52,49,10772.53,6866.45,6103.58,3387.06
ENT-PLT-002,2026-01-05,686,744,8.39,0.00522,2799.41,43,6214.12,6977.94,6239.58,3440.16
ENT-PLT-002,2026-01-06,686,693,8.95,0.00479,2832.99,44,2823.65,6645.73,6205.39,3372.4
ENT-PLT-002,2026-01-07,686,717,8.84,0.0031,2958.46,46,11634.97,7262.05,6339.51,3381.05
ENT-PLT-002,2026-01-08,686,671,7.87,0.00483,2655.21,41,4954.8,6549.28,5283.01,2627.8
ENT-PLT-002,2026-01-09,686,702,8.1,0.00417,2960.17,38,9974.52,7273.3,5685.76,2725.59
ENT-PLT-002,2026-01-10,686,663,8.31,0.00598,2831.87,42,6656.01,7575.8,5512.19,2680.32
ENT-PLT-002,2026-01-11,686,685,7.98,0.00606,2766.75,40,4380.55,6662.66,5466.3,2699.54
ENT-PLT-002,2026-01-12,686,631,8.06,0.00431,2740.96,43,9049.52,7067.72,5088.49,2347.53
ENT-PLT-002,2026-01-13,686,755,7.98,0.00522,2853.46,48,6695.37,7620.82,6025.0,3171.53
ENT-PLT-002,2026-01-14,686,700,8.73,0.0045,2966.23,51,11650.47,7623.04,6113.02,3146.79
ENT-PLT-002,2026-01-15,686,764,9.22,0.00315,2963.51,45,2790.02,7313.78,7044.86,4081.35
ENT-PLT-002,2026-01-16,686,757,9.25,0.00598,2998.39,46,8921.87,7163.4,7003.11,4004.72
ENT-PLT-002,2026-01-17,686,653,7.92,0.00447,2819.47,43,3853.86,6763.1,5171.11,2351.65
ENT-PLT-002,2026-01-18,686,734,8.64,0.0048,2886.05,42,3908.21,6695.62,6345.01,3458.97
ENT-PLT-002,2026-01-19,686,749,8.56,0.00601,3023.94,54,5088.67,6129.78,6414.95,3391.01
ENT-PLT-002,2026-01-20,686,717,8.1,0.0057,2980.7,47,13343.5,7079.51,5804.59,2823.9
ENT-PLT-002,2026-01-21,686,661,7.76,0.00303,2883.34,51,10367.75,6896.27,5131.5,2248.16
ENT-PLT-002,2026-01-22,686,633,7.36,0.00558,2737.26,39,9525.3,7858.45,4659.61,1922.35
ENT-PLT-002,2026-01-23,686,659,8.13,0.00449,2834.73,47,4888.44,7282.25,5359.32,2524.6
ENT-PLT-002,2026-01-24,686,722,8.84,0.00439,2859.05,45,8141.2,7894.73,6385.02,3525.97
ENT-PLT-002,2026-01-25,686,709,8.86,0.00228,3017.46,35,2321.95,7668.12,6280.87,3263.41
ENT-PLT-002,2026-01-26,686,741,8.89,0.00506,3149.85,41,8170.37,8108.36,6590.59,3440.74
ENT-PLT-002,2026-01-27,686,653,7.76,0.00501,2791.64,44,9716.04,7590.15,5067.77,2276.14
ENT-PLT-002,2026-01-28,686,686,8.36,0.00357,2880.02,42,5243.36,6858.09,5734.17,2854.15
ENT-PLT-003,2025-07-01,495,398,5.62,0.00632,1709.33,30,2674.39,2674.39,2236.81,527.48
ENT-PLT-003,2025-07-02,495,306,4.41,0.00565,1625.97,25,4872.3,3773.34,1350.36,-275.61
ENT-PLT-003,2025-07-03,495,403,5.83,0.00538,1773.18,28,7973.49,5173.39,2348.67,575.49
ENT-PLT-003,2025-07-04,495,339,5.01,0.00528,1804.58,33,8948.8,6117.24,1698.32,-106.27
ENT-PLT-003,2025-07-05,495,338,4.95,0.00693,1654.03,21,2771.62,5448.12,1673.51,19.48
ENT-PLT-003,2025-07-06,495,364,4.86,0.00642,1665.76,27,5590.69,5471.88,1767.63,101.87
ENT-PLT-003,2025-07-07,495,325,4.59,0.00588,1619.51,35,4121.73,5279.0,1490.26,-129.25
ENT-PLT-003,2025-07-08,495,363,4.74,0.00512,1550.28,30,2520.14,5256.97,1720.09,169.81
ENT-PLT-003,2025-07-09,495,333,5.07,0.0044,1781.69,22,2102.32,4861.25,1688.85,-92.84
ENT-PLT-003,2025-07-10,495,326,4.75,0.00643,1516.48,28,6050.84,4586.59,1546.89,30.41
ENT-PLT-003,2025-07-11,495,308,5.2,0.00542,1734.95,35,2176.61,3619.13,1601.41,-133.53
ENT-PLT-003,2025-07-12,495,292,4,0.00575,1541.25,38,7068.51,4232.98,1168,-373.25
ENT-PLT-003,2025-07-13,495,342,4.96,0.00504,1526.09,20,1872.19,3701.76,1694.86,168.77
ENT-PLT-003,2025-07-14,495,370,4.76,0.00385,1917.53,36,6339.55,4018.59,1760.53,-157.0
ENT-PLT-003,2025-07-15,495,365,5.22,0.00545,1700.95,31,7051.4,4665.92,1906.77,205.81
ENT-PLT-003,2025-07-16,495,331,4.55,0.00511,1681.8,29,1945.47,4643.51,1504.72,-177.07
ENT-PLT-003,2025-07-17,495,359,5.51,0.00425,1722.94,30,7356.55,4830.04,1976.95,254.01
ENT-PLT-003,2025-07-18,495,384,5.33,0.0053,1915.62,28,4261.04,5127.82,2045.42,129.8
ENT-PLT-003,2025-07-19,495,382,5.3,0.00575,1847.86,33,4944.63,4824.41,2025.9,178.04
ENT-PLT-003,2025-07-20,495,326,5.13,0.00587,1766.27,34,3127.05,5003.67,1671.3,-94.97
ENT-PLT-003,2025-07-21,495,335,4.88,0.00425,1691.97,32,5253.6,4848.54,1635.75,-56.22
ENT-PLT-003,2025-07-22,495,371,4.85,0.00534,1889.88,32,2658.86,4221.03,1800.46,-89.42
ENT-PLT-003,2025-07-23,495,298,4.25,0.00595,1309.62,29,6489.23,4870.14,1267.2,-42.42
ENT-PLT-003,2025-07-24,495,361,5.29,0.00454,1838.96,37,9568.87,5186.18,1907.89,68.93
ENT-PLT-003,2025-07-25,495,310,5.29,0.00684,1484.79,23,6204.35,5463.8,1640.81,156.02
ENT-PLT-003,2025-07-26,495,352,5.12,0.00662,1750.46,34,2460.07,5108.86,1803.09,52.63
ENT-PLT-003,2025-07-27,495,376,4.91,0.00529,1825.95,27,7273.43,5701.2,1847.78,21.83
ENT-PLT-003,2025-07-28,495,319,4.29,0.00696,1494.95,33,6821.08,5925.13,1368.46,-126.49
ENT-PLT-003,2025-07-29,495,302,4.31,0.00678,1468.12,42,9104.58,6845.94,1300.65,-167.48
ENT-PLT-003,2025-07-30,495,274,4.05,0.00607,1464.01,25,2725.4,6308.25,1109.89,-354.11
ENT-PLT-003,2025-07-31,495,347,5.61,0.00606,1737.76,23,4492.49,5583.06,1946.44,208.68
ENT-PLT-003,2025-08-01,495,439,6.51,0.00419,2097.29,41,6555.8,5633.26,2857.7,760.41
ENT-PLT-003,2025-08-02,495,484,6.08,0.00523,2165.45,39,6988.15,6280.13,2942.28,776.83
ENT-PLT-003,2025-08-03,495,404,5.69,0.00667,2041.83,27,3095.85,5683.34,2296.98,255.14
ENT-PLT-003,2025-08-04,495,492,6.61,0.00621,2346.16,35,2252.0,5030.61,3250.63,904.47
ENT-PLT-003,2025-08-05,495,450,5.9,0.00639,2189.74,44,8443.19,4936.13,2653.22,463.47
ENT-PLT-003,2025-08-06,495,427,6.07,0.00652,1915.06,30,3514.83,5048.9,2591.34,676.28
ENT-PLT-003,2025-08-07,495,442,6.08,0.00582,1963.83,27,5094.69,5134.93,2685.79,721.96
ENT-PLT-003,2025-08-08,495,415,5.15,0.00575,1981.02,41,5240.74,4947.06,2136.46,155.44
ENT-PLT-003,2025-08-09,495,427,5.46,0.00449,2081.4,37,5752.63,4770.56,2332.3,250.89
ENT-PLT-003,2025-08-10,495,436,6.18,0.00638,2107.87,37,10191.04,5784.16,2692.51,584.63
ENT-PLT-003,2025-08-11,495,418,6.22,0.00605,2110.02,45,12084.89,7188.86,2598.59,488.57
ENT-PLT-003,2025-08-12,495,428,5.74,0.0053,1995.27,34,9796.6,7382.2,2456.82,461.55
ENT-PLT-003,2025-08-13,495,447,6.7,0.0068,2147.14,33,4395.12,7507.96,2996.68,849.54
ENT-PLT-003,2025-08-14,495,457,6.52,0.00582,2075.32,39,9492.84,8136.27,2978.32,903.0
ENT-PLT-003,2025-08-15,495,481,7.11,0.00601,2206.74,48,6340.76,8293.41,3417.95,1211.21
ENT-PLT-003,2025-08-16,495,497,6.77,0.00561,2240.36,37,4213.1,8073.48,3363.19,1122.83
ENT-PLT-003,2025-08-17,495,438,5.83,0.00471,2035.13,37,8995.41,7902.67,2552.19,517.06
ENT-PLT-003,2025-08-18,495,487,6.26,0.00479,2379.66,40,4478.82,6816.09,3047.06,667.4
ENT-PLT-003,2025-08-19,495,434,5.65,0.00438,2057.32,29,8202.82,6588.41,2450.35,393.03
ENT-PLT-003,2025-08-20,495,456,6.0,0.00797,2094.14,36,6780.34,6929.16,2737.73,643.59
ENT-PLT-003,2025-08-21,495,486,5.97,0.00407,2046.06,51,8780.15,6827.34,2899.73,853.67
ENT-PLT-003,2025-08-22,495,465,7.23,0.00546,2384.45,38,9314.61,7252.18,3361.44,976.99
ENT-PLT-003,2025-08-23,495,490,5.87,0.00563,2011.09,41,4925.05,7353.89,2878.46,867.37
ENT-PLT-003,2025-08-24,495,441,6.22,0.00524,2269.87,44,7326.62,7115.49,2744.84,474.97
ENT-PLT-003,2025-08-25,495,367,5.78,0.00577,1848.14,41,7937.03,7609.52,2122.2,274.05
ENT-PLT-003,2025-08-26,495,418,5.99,0.00676,1981.21,43,5242.63,7186.63,2505.08,523.87
ENT-PLT-003,2025-08-27,495,443,6.37,0.00692,2181.68,43,11571.19,7871.04,2821.9,640.21
ENT-PLT-003,2025-08-28,495,444,6.71,0.00623,2241.91,35,6748.62,7580.82,2978.55,736.65
ENT-PLT-003,2025-08-29,495,420,6.78,0.00483,2020.21,37,9722.99,7639.16,2847.07,826.86
ENT-PLT-003,2025-08-30,495,447,6.42,0.0058,2239.91,38,2986.35,7362.2,2871.71,631.8
ENT-PLT-003,2025-08-31,495,412,5.36,0.00495,1978.93,35,5682.39,7127.31,2207.59,228.65
ENT-PLT-003,2025-09-01,495,444,6.0,0.00402,2228.31,41,11734.0,7669.74,2665.0,436.69
ENT-PLT-003,2025-09-02,495,406,6.23,0.00594,2008.09,40,8075.78,8074.47,2529.71,521.62
ENT-PLT-003,2025-09-03,495,410,6.03,0.0054,1804.42,38,10852.25,7971.77,2473.36,668.94
ENT-PLT-003,2025-09-04,495,392,5.64,0.00503,2148.06,45,9711.49,8395.04,2212.39,64.33
ENT-PLT-003,2025-09-05,495,520,6.3,0.00255,2084.52,35,6627.33,7952.8,3276.79,1192.28
ENT-PLT-003,2025-09-06,495,383,6.18,0.00452,1855.09,32,5916.18,8371.35,2367.46,512.37
ENT-PLT-003,2025-09-07,495,428,6.34,0.00651,1982.22,42,4847.38,8252.06,2712.96,730.73
ENT-PLT-003,2025-09-08,495,367,6.42,0.00549,1792.34,42,6652.05,7526.07,2356.71,564.37
ENT-PLT-003,2025-09-09,495,397,5.71,0.00501,2044.74,37,4260.3,6981.0,2267.65,222.92
ENT-PLT-003,2025-09-10,495,486,7.11,0.00556,2192.42,51,11311.05,7046.54,3455.25,1262.83
ENT-PLT-003,2025-09-11,495,413,5.95,0.00548,2178.09,34,3250.93,6123.6,2458.71,280.62
ENT-PLT-003,2025-09-12,495,443,6.27,0.0053,2130.55,43,4301.08,5791.28,2779.8,649.25
ENT-PLT-003,2025-09-13,495,429,5.59,0.0053,2069.27,44,2892.72,5359.36,2398.05,328.78
ENT-PLT-003,2025-09-14,495,382,6.16,0.00629,1886.33,36,5809.18,5496.76,2352.42,466.09
ENT-PLT-003,2025-09-15,495,402,5.59,0.00551,2059.01,38,7831.87,5665.3,2246.56,187.56
ENT-PLT-003,2025-09-16,495,390,5.76,0.00537,2180.69,30,8356.85,6250.52,2246.83,66.14
ENT-PLT-003,2025-09-17,495,438,5.93,0.00583,1970.33,38,7656.77,5728.49,2597.63,627.31
ENT-PLT-003,2025-09-18,495,419,6.25,0.00572,2317.04,41,9091.25,6562.82,2618.25,301.2
ENT-PLT-003,2025-09-19,495,422,6.26,0.00561,1991.5,39,6957.23,6942.27,2642.12,650.62
ENT-PLT-003,2025-09-20,495,388,5.36,0.00562,1718.45,35,4496.16,7171.33,2081.33,362.88
ENT-PLT-003,2025-09-21,495,426,5.29,0.00808,2112.78,44,7186.48,7368.09,2252.31,139.54
ENT-PLT-003,2025-09-22,495,395,6.12,0.00516,1983.2,40,5163.29,6986.86,2419.02,435.82
ENT-PLT-003,2025-09-23,495,432,6.3,0.00647,2052.45,37,4277.27,6404.06,2722.39,669.94
ENT-PLT-003,2025-09-24,495,411,6.25,0.00647,1957.13,37,7533.72,6386.48,2567.96,610.83
ENT-PLT-003,2025-09-25,495,421,5.48,0.00615,2053.92,38,4850.36,5780.64,2308.77,254.86
ENT-PLT-003,2025-09-26,495,442,6.24,0.00624,2299.3,45,12614.35,6588.8,2759.96,460.66
ENT-PLT-003,2025-09-27,495,453,6.25,0.00665,2076.46,42,5326.81,6707.47,2833.05,756.58
ENT-PLT-003,2025-09-28,495,447,6.82,0.0054,2134.36,36,2802.39,6081.17,3046.63,912.27
ENT-PLT-003,2025-09-29,495,398,6.11,0.00562,1831.94,43,11788.25,7027.59,2431.37,599.43
ENT-PLT-003,2025-09-30,495,415,6.1,0.00668,1880.12,35,6788.63,7386.36,2530.57,650.45
ENT-PLT-003,2025-10-01,495,418,5.92,0.00523,2134.58,32,3611.21,6826.0,2472.6,338.03
ENT-PLT-003,2025-10-02,495,391,5.52,0.00597,2037.66,42,3848.46,6682.87,2158.77,121.11
ENT-PLT-003,2025-10-03,495,460,6.45,0.00564,2058.09,34,7027.53,5884.75,2965.08,906.99
ENT-PLT-003,2025-10-04,495,453,6.77,0.00612,2042.63,35,4071.61,5705.44,3065.18,1022.55
ENT-PLT-003,2025-10-05,495,372,5.86,0.00713,1906.2,43,7639.09,6396.4,2178.44,272.24
ENT-PLT-003,2025-10-06,495,418,5.94,0.00503,2105.31,43,12517.32,6500.55,2484.36,379.04
ENT-PLT-003,2025-10-07,495,458,6.18,0.00504,2231.09,38,11001.6,7102.4,2829.55,598.46
ENT-PLT-003,2025-10-08,495,447,6.1,0.00658,2277.84,47,12296.56,8343.17,2728.41,450.58
ENT-PLT-003,2025-10-09,495,429,6.19,0.00653,2210.8,43,6800.94,8764.95,2655.09,444.29
ENT-PLT-003,2025-10-10,495,473,5.99,0.0071,1950.03,44,7130.1,8779.6,2833.2,883.17
ENT-PLT-003,2025-10-11,495,437,6.04,0.00603,2151.91,42,4750.81,8876.63,2637.39,485.48
ENT-PLT-003,2025-10-12,495,461,5.96,0.00536,2402.12,49,10122.44,9231.4,2748.64,346.53
ENT-PLT-003,2025-10-13,495,360,5.62,0.00672,1985.18,37,5351.98,8207.78,2022.85,37.67
ENT-PLT-003,2025-10-14,495,430,6.46,0.00588,2197.05,46,13636.8,8584.23,2777.89,580.84
ENT-PLT-003,2025-10-15,495,427,6.73,0.00561,2246.07,37,7130.21,7846.18,2873.01,626.94
ENT-PLT-003,2025-10-16,495,430,6.49,0.00592,2012.66,31,5591.15,7673.36,2788.84,776.18
ENT-PLT-003,2025-10-17,495,465,6.46,0.00715,2195.78,40,9599.19,8026.08,3003.61,807.83
ENT-PLT-003,2025-10-18,495,446,6.2,0.00646,2266.06,31,8273.16,8529.27,2763.44,497.38
ENT-PLT-003,2025-10-19,495,373,5.74,0.00573,1936.12,36,10099.94,8526.06,2141.11,204.99
ENT-PLT-003,2025-10-20,495,380,5.52,0.00523,2059.0,28,6953.67,8754.87,2096.25,37.25
ENT-PLT-003,2025-10-21,495,425,5.81,0.00531,2074.28,44,6616.69,7752.0,2470.17,395.89
ENT-PLT-003,2025-10-22,495,421,6.12,0.00676,2049.31,42,9605.02,8105.55,2577.99,528.68
ENT-PLT-003,2025-10-23,495,385,6.78,0.00541,1843.89,39,6573.25,8245.85,2609.29,765.4
ENT-PLT-003,2025-10-24,495,404,6.71,0.00602,2001.6,41,3532.05,7379.11,2711.84,710.24
ENT-PLT-003,2025-10-25,495,436,6.3,0.00686,2091.98,41,8299.15,7382.83,2744.98,653.0
ENT-PLT-003,2025-10-26,495,451,5.29,0.00684,1769.16,35,8488.89,7152.67,2385.93,616.77
ENT-PLT-003,2025-10-27,495,382,5.75,0.00564,1761.53,43,8758.89,7410.56,2196.68,435.15
ENT-PLT-003,2025-10-28,495,461,6.44,0.00643,2091.73,38,6838.32,7442.23,2970.5,878.77
ENT-PLT-003,2025-10-29,495,462,6.88,0.00449,2239.21,41,11524.91,7716.49,3177.83,938.62
ENT-PLT-003,2025-10-30,495,394,6.21,0.006,2183.45,39,3477.03,7274.18,2444.87,261.42
ENT-PLT-003,2025-10-31,495,418,5.75,0.00663,1916.02,32,2994.17,7197.34,2405.33,489.31
ENT-PLT-003,2025-11-01,495,519,7.59,0.00582,2838.03,59,13734.39,7973.8,3940.79,1102.76
ENT-PLT-003,2025-11-02,495,534,7.9,0.00674,2513.79,50,11220.29,8364.0,4217.64,1703.85
ENT-PLT-003,2025-11-03,495,544,7.82,0.00547,2475.16,44,4864.12,7807.6,4253.63,1778.47
ENT-PLT-003,2025-11-04,495,489,5.98,0.00629,2346.13,43,5858.54,7667.63,2922.53,576.4
ENT-PLT-003,2025-11-05,495,455,5.86,0.00634,2466.33,43,4636.44,6683.57,2668.03,201.7
ENT-PLT-003,2025-11-06,495,462,6.73,0.0048,2181.21,49,13328.12,8090.87,3108.86,927.65
ENT-PLT-003,2025-11-07,495,503,7.19,0.00581,2331.44,55,8925.39,8938.18,3616.94,1285.5
ENT-PLT-003,2025-11-08,495,501,7.83,0.00693,2483.3,45,9100.5,8276.2,3925.07,1441.77
ENT-PLT-003,2025-11-09,495,461,6.74,0.00637,2231.97,41,7599.61,7758.96,3109.44,877.47
ENT-PLT-003,2025-11-10,495,497,7.62,0.00658,2391.9,54,11221.9,8667.21,3785.99,1394.09
ENT-PLT-003,2025-11-11,495,532,7.68,0.00582,2615.94,52,14720.75,9933.24,4083.69,1467.75
ENT-PLT-003,2025-11-12,495,528,7.59,0.00616,2488.29,49,12433.08,11047.05,4005.1,1516.81
ENT-PLT-003,2025-11-13,495,496,6.84,0.0059,2415.78,41,6329.55,10047.25,3393.07,977.29
ENT-PLT-003,2025-11-14,495,522,7.24,0.00622,2478.81,53,5900.8,9615.17,3778.36,1299.55
ENT-PLT-003,2025-11-15,495,489,6.62,0.00515,2372.45,47,7801.78,9429.64,3237.07,864.62
ENT-PLT-003,2025-11-16,495,521,7.57,0.00693,2435.27,51,13529.76,10276.8,3941.96,1506.7
ENT-PLT-003,2025-11-17,495,563,7.33,0.00662,2399.97,40,11237.82,10279.07,4124.57,1724.61
ENT-PLT-003,2025-11-18,495,446,7.31,0.00641,2313.83,41,8228.09,9351.55,3258.89,945.05
ENT-PLT-003,2025-11-19,495,500,7.54,0.00457,2355.49,44,5523.17,8364.42,3770.67,1415.17
ENT-PLT-003,2025-11-20,495,504,7.12,0.00731,2497.19,46,9076.88,8756.9,3589.48,1092.29
ENT-PLT-003,2025-11-21,495,472,6.55,0.00465,2164.49,38,3864.79,8466.04,3092.21,927.71
ENT-PLT-003,2025-11-22,495,510,7.18,0.00652,2601.51,41,9403.49,8694.86,3661.05,1059.55
ENT-PLT-003,2025-11-23,495,457,6.87,0.00542,2335.41,40,6656.43,7712.95,3138.7,803.28
ENT-PLT-003,2025-11-24,495,507,7.98,0.00542,2719.92,42,5873.26,6946.59,4044.77,1324.84
ENT-PLT-003,2025-11-25,495,492,7.9,0.0045,2653.8,59,13765.44,7737.64,3888.84,1235.04
ENT-PLT-003,2025-11-26,495,523,7.06,0.00447,2461.5,47,11407.39,8578.24,3692.46,1230.97
ENT-PLT-003,2025-11-27,495,480,6.74,0.00637,2429.67,44,9912.85,8697.66,3235.05,805.37
ENT-PLT-003,2025-11-28,495,471,6.64,0.00656,2373.31,42,7219.82,9176.95,3127.01,753.71
ENT-PLT-003,2025-11-29,495,529,8.18,0.00694,2768.44,54,5605.21,8634.34,4325.4,1556.96
ENT-PLT-003,2025-11-30,495,458,7.07,0.00636,2280.85,49,8353.71,8876.81,3237.89,957.04
ENT-PLT-003,2025-12-01,495,538,7.87,0.00545,2494.36,37,9897.52,9451.71,4235.87,1741.51
ENT-PLT-003,2025-12-02,495,524,7.22,0.00516,2598.71,46,7330.37,8532.41,3782.72,1184.01
ENT-PLT-003,2025-12-03,495,558,7.55,0.00641,2654.73,47,7778.67,8014.02,4214.86,1560.13
ENT-PLT-003,2025-12-04,495,458,6.92,0.00592,2155.13,46,4642.04,7261.05,3168.54,1013.4
ENT-PLT-003,2025-12-05,495,515,7.57,0.00546,2335.05,42,6893.24,7214.39,3897.96,1562.91
ENT-PLT-003,2025-12-06,495,510,7.13,0.00431,2720.95,38,4732.83,7089.77,3636.39,915.43
ENT-PLT-003,2025-12-07,495,495,7.25,0.00643,2431.49,56,10308.88,7369.08,3587.82,1156.33
ENT-PLT-003,2025-12-08,495,493,7.39,0.00518,2610.32,40,5494.77,6740.11,3643.24,1032.93
ENT-PLT-003,2025-12-09,495,435,6.3,0.00742,2342.2,47,6617.66,6638.3,2740.42,398.22
ENT-PLT-003,2025-12-10,495,546,7.92,0.00641,2712.81,48,9983.37,6953.26,4326.37,1613.56
ENT-PLT-003,2025-12-11,495,491,7.13,0.00423,2405.85,46,10746.03,7825.25,3499.2,1093.35
ENT-PLT-003,2025-12-12,495,493,7.33,0.00798,2539.92,47,13275.28,8736.97,3616.07,1076.15
ENT-PLT-003,2025-12-13,495,518,6.5,0.00611,2163.38,39,3875.28,8614.47,3366.54,1203.16
ENT-PLT-003,2025-12-14,495,468,7.17,0.00536,2190.39,49,4581.1,7796.21,3353.53,1163.14
ENT-PLT-003,2025-12-15,495,510,7.4,0.00543,2657.54,51,4791.48,7695.74,3774.16,1116.61
ENT-PLT-003,2025-12-16,495,474,7.2,0.00539,2322.69,46,4797.91,7435.78,3412.45,1089.76
ENT-PLT-003,2025-12-17,495,550,7.17,0.00638,2659.18,53,13045.74,7873.26,3940.89,1281.72
ENT-PLT-003,2025-12-18,495,468,6.7,0.0048,2209.19,43,6463.33,7261.45,3137.58,928.38
ENT-PLT-003,2025-12-19,495,523,7.17,0.00798,2360.01,48,13654.22,7315.58,3748.66,1388.65
ENT-PLT-003,2025-12-20,495,488,7.28,0.00483,2219.97,39,5586.68,7560.07,3551.48,1331.5
ENT-PLT-003,2025-12-21,495,505,7.45,0.00571,2557.73,44,5123.26,7637.52,3763.74,1206.0
ENT-PLT-003,2025-12-22,495,492,7.02,0.00494,2326.62,47,8459.43,8161.51,3451.78,1125.17
ENT-PLT-003,2025-12-23,495,473,6.59,0.00617,2209.02,44,4231.89,8080.65,3118.44,909.42
ENT-PLT-003,2025-12-24,495,478,6.65,0.00558,2613.06,46,8471.53,7427.19,3177.97,564.91
ENT-PLT-003,2025-12-25,495,489,6.81,0.00489,2265.45,35,5497.58,7289.23,3327.88,1062.43
ENT-PLT-003,2025-12-26,495,536,7.68,0.00423,2559.69,55,12146.57,7073.85,4117.32,1557.63
ENT-PLT-003,2025-12-27,495,500,7.39,0.00611,2407.44,42,10655.82,7798.01,3692.63,1285.19
ENT-PLT-003,2025-12-28,495,504,7.66,0.0053,2420.22,51,5249.0,7815.97,3861.94,1441.72
ENT-PLT-003,2025-12-29,495,496,7.13,0.00374,2420.92,45,12940.57,8456.14,3534.75,1113.83
ENT-PLT-003,2025-12-30,495,521,7.79,0.00423,2392.24,42,2921.63,8268.96,4058.39,1666.15
ENT-PLT-003,2025-12-31,495,544,7.53,0.00583,2513.25,45,7297.59,8101.25,4095.19,1581.94
ENT-PLT-003,2026-01-01,495,520,7.33,0.00566,2595.5,42,5520.65,8104.55,3809.07,1213.57
ENT-PLT-003,2026-01-02,495,476,7.0,0.0068,2153.98,41,4184.3,6967.08,3330.47,1176.49
ENT-PLT-003,2026-01-03,495,515,7.34,0.00364,2464.4,42,8741.79,6693.65,3781.15,1316.75
ENT-PLT-003,2026-01-04,495,558,8.25,0.00443,2667.48,42,2929.66,6362.31,4605.86,1938.38
ENT-PLT-003,2026-01-05,495,516,7.07,0.00545,2190.41,49,11470.69,6152.33,3648.77,1458.36
ENT-PLT-003,2026-01-06,495,505,6.82,0.00511,2323.7,46,11004.31,7307.0,3444.36,1120.66
ENT-PLT-003,2026-01-07,495,523,7.32,0.00796,2396.04,49,14640.24,8355.95,3830.55,1434.52
ENT-PLT-003,2026-01-08,495,489,6.8,0.00532,2477.64,44,8694.43,8809.35,3326.24,848.6
ENT-PLT-003,2026-01-09,495,495,6.75,0.00551,2266.15,41,6382.92,9123.43,3338.83,1072.68
ENT-PLT-003,2026-01-10,495,478,6.79,0.00585,2358.21,51,11104.28,9460.93,3246.94,888.73
ENT-PLT-003,2026-01-11,495,451,7.04,0.00545,2315.93,45,5087.42,9769.19,3172.88,856.95
ENT-PLT-003,2026-01-12,495,545,7.26,0.0044,2385.47,47,9534.2,9492.54,3955.53,1570.06
ENT-PLT-003,2026-01-13,495,483,7.29,0.00527,2531.55,47,12457.14,9700.09,3520.55,989.0
ENT-PLT-003,2026-01-14,495,494,7.0,0.00563,2362.77,48,10491.25,9107.38,3458.09,1095.32
ENT-PLT-003,2026-01-15,495,531,7.43,0.00617,2466.55,46,6116.52,8739.1,3945.52,1478.97
ENT-PLT-003,2026-01-16,495,501,7.16,0.00609,2617.46,53,11120.65,9415.92,3587.06,969.6
ENT-PLT-003,2026-01-17,495,481,7.52,0.00576,2386.15,45,6753.07,8794.32,3615.8,1229.64
ENT-PLT-003,2026-01-18,495,447,6.7,0.00744,2528.41,49,5424.95,8842.54,2993.81,465.4
ENT-PLT-003,2026-01-19,495,462,7.3,0.00606,1996.23,48,6935.32,8471.27,3371.12,1374.9
ENT-PLT-003,2026-01-20,495,477,7.04,0.00528,2344.74,36,7898.99,7820.11,3357.93,1013.19
ENT-PLT-003,2026-01-21,495,501,7.09,0.00452,2515.71,47,11357.02,7943.79,3550.96,1035.25
ENT-PLT-003,2026-01-22,495,507,7.08,0.00549,2425.23,40,2432.04,7417.43,3590.07,1164.84
ENT-PLT-003,2026-01-23,495,535,7.14,0.00557,2534.13,43,6896.54,6813.99,3819.18,1285.05
ENT-PLT-003,2026-01-24,495,468,7.02,0.00588,2223.57,39,3093.53,6291.2,3284.73,1061.17
ENT-PLT-003,2026-01-25,495,507,7.3,0.00529,2431.78,40,11537.72,7164.45,3701.22,1269.45
ENT-PLT-003,2026-01-26,495,443,6.18,0.0047,2155.36,45,4784.74,6857.23,2739.3,583.94
ENT-PLT-003,2026-01-27,495,508,7.8,0.00583,2722.4,47,4316.29,6345.41,3963.11,1240.71
ENT-PLT-003,2026-01-28,495,455,7.05,0.00601,2117.62,44,7324.98,5769.41,3206.13,1088.5
ENT-PLT-004,2025-07-01,865,560,5.55,0.00634,1206.32,41,11403.37,11403.37,3110.75,1904.43
ENT-PLT-004,2025-07-02,865,516,5.24,0.00711,1346.09,28,4410.65,7907.01,2703.85,1357.76
ENT-PLT-004,2025-07-03,865,571,5.7,0.008,1200.33,43,9967.0,8593.67,3255.37,2055.04
ENT-PLT-004,2025-07-04,865,587,6.24,0.00737,1303.97,42,3122.65,7225.92,3664.45,2360.48
ENT-PLT-004,2025-07-05,865,649,5.63,0.00846,1576.41,47,7783.72,7337.48,3654.6,2078.19
ENT-PLT-004,2025-07-06,865,618,6.48,0.00865,1549.2,34,8499.61,7531.16,4007.41,2458.21
ENT-PLT-004,2025-07-07,865,601,6.26,0.00795,1577.17,36,5011.42,7171.2,3760.12,2182.95
ENT-PLT-004,2025-07-08,865,618,5.44,0.00789,1511.56,31,4407.78,6171.83,3358.9,1847.34
ENT-PLT-004,2025-07-09,865,605,6.17,0.00744,1587.44,42,7779.54,6653.1,3733.48,2146.04
ENT-PLT-004,2025-07-10,865,520,5.23,0.0066,1249.35,29,6722.22,6189.56,2721.87,1472.52
ENT-PLT-004,2025-07-11,865,587,6.16,0.00721,1412.23,39,8025.73,6890.0,3615.7,2203.47
ENT-PLT-004,2025-07-12,865,631,6.11,0.0082,1646.82,36,3441.86,6269.74,3857.23,2210.4
ENT-PLT-004,2025-07-13,865,500,5.2,0.00831,1175.85,23,6747.67,6019.46,2601.24,1425.38
ENT-PLT-004,2025-07-14,865,615,5.52,0.00687,1394.57,39,11008.13,6876.13,3393.76,1999.18
ENT-PLT-004,2025-07-15,865,625,5.58,0.00651,1502.41,38,4330.41,6865.08,3485.65,1983.24
ENT-PLT-004,2025-07-16,865,538,5.45,0.00859,1326.87,33,3539.78,6259.4,2930.67,1603.79
ENT-PLT-004,2025-07-17,865,562,5.44,0.00913,1451.46,42,11573.2,6952.4,3054.93,1603.47
ENT-PLT-004,2025-07-18,865,591,5.91,0.00768,1353.33,31,5635.18,6610.89,3490.81,2137.48
ENT-PLT-004,2025-07-19,865,592,5.16,0.00708,1347.44,37,6863.79,7099.74,3053.97,1706.54
ENT-PLT-004,2025-07-20,865,529,5.32,0.00687,1529.18,32,3673.65,6660.59,2811.9,1282.71
ENT-PLT-004,2025-07-21,865,644,6.67,0.0074,1597.66,40,11207.68,6689.1,4298.13,2700.47
ENT-PLT-004,2025-07-22,865,615,6.36,0.00811,1604.98,45,10926.15,7631.35,3911.52,2306.55
ENT-PLT-004,2025-07-23,865,618,5.95,0.00916,1486.78,43,7140.39,8145.72,3674.16,2187.38
ENT-PLT-004,2025-07-24,865,594,5.91,0.00826,1361.74,35,2180.66,6803.93,3509.75,2148.01
ENT-PLT-004,2025-07-25,865,604,5.25,0.00614,1464.53,31,7481.24,7067.65,3171.35,1706.82
ENT-PLT-004,2025-07-26,865,645,6.31,0.0085,1597.97,50,6943.67,7079.06,4067.59,2469.62
ENT-PLT-004,2025-07-27,865,579,6.02,0.00737,1555.97,34,6144.99,7432.11,3483.89,1927.92
ENT-PLT-004,2025-07-28,865,632,6.18,0.00856,1489.25,40,10976.33,7399.06,3906.27,2417.02
ENT-PLT-004,2025-07-29,865,577,5.64,0.00758,1293.46,46,6540.45,6772.53,3252.39,1958.93
ENT-PLT-004,2025-07-30,865,637,5.97,0.00689,1562.81,42,5616.58,6554.84,3801.34,2238.53
ENT-PLT-004,2025-07-31,865,561,5.01,0.00657,1159.06,38,5232.74,6990.86,2809.37,1650.31
ENT-PLT-004,2025-08-01,865,748,6.73,0.00785,1841.44,53,7322.67,6968.2,5032.18,3190.73
ENT-PLT-004,2025-08-02,865,728,7.28,0.00608,1928.74,49,13927.72,7965.92,5301.3,3372.57
ENT-PLT-004,2025-08-03,865,805,7.37,0.0081,1906.83,42,5698.69,7902.17,5936.27,4029.44
ENT-PLT-004,2025-08-04,865,701,6.8,0.00985,1800.64,52,11179.49,7931.19,4766.24,2965.6
ENT-PLT-004,2025-08-05,865,720,6.59,0.00769,1774.89,43,9412.4,8341.47,4743.18,2968.29
ENT-PLT-004,2025-08-06,865,728,6.88,0.0066,1821.32,39,9804.36,8939.73,5011.79,3190.47
ENT-PLT-004,2025-08-07,865,754,7.1,0.00777,1928.5,51,11907.67,9893.29,5352.69,3424.19
ENT-PLT-004,2025-08-08,865,761,7.26,0.00913,1905.84,42,9641.41,10224.54,5521.74,3615.9
ENT-PLT-004,2025-08-09,865,758,7.33,0.00737,1808.14,48,6827.81,9210.26,5557.73,3749.59
ENT-PLT-004,2025-08-10,865,742,7.33,0.00545,1890.53,61,14383.05,10450.89,5439.9,3549.37
ENT-PLT-004,2025-08-11,865,814,7.82,0.00653,1816.72,48,7928.77,9986.5,6366.66,4549.94
ENT-PLT-004,2025-08-12,865,706,6.89,0.00575,1733.26,46,11259.76,10250.41,4864.24,3130.98
ENT-PLT-004,2025-08-13,865,784,7.43,0.00592,2035.31,50,12272.44,10602.99,5828.93,3793.61
ENT-PLT-004,2025-08-14,865,784,7.72,0.00761,2004.63,55,6719.14,9861.77,6049.85,4045.22
ENT-PLT-004,2025-08-15,865,815,7.46,0.00725,1805.8,45,11405.5,10113.78,6078.3,4272.5
ENT-PLT-004,2025-08-16,865,789,7.42,0.00844,1918.15,36,10452.57,10631.6,5854.65,3936.5
ENT-PLT-004,2025-08-17,865,768,7.42,0.00858,1926.32,56,4261.95,9185.73,5696.82,3770.51
ENT-PLT-004,2025-08-18,865,728,6.96,0.00793,1767.53,36,7118.71,9070.01,5067.75,3300.22
ENT-PLT-004,2025-08-19,865,746,7.05,0.00695,1971.54,52,13325.59,9365.13,5259.78,3288.24
ENT-PLT-004,2025-08-20,865,799,6.54,0.008,1907.93,51,8617.54,8843.0,5228.73,3320.8
ENT-PLT-004,2025-08-21,865,808,7.45,0.00505,1997.68,47,6134.22,8759.44,6016.57,4018.9
ENT-PLT-004,2025-08-22,865,765,7.35,0.00723,1928.68,54,13190.41,9014.43,5625.68,3697.0
ENT-PLT-004,2025-08-23,865,736,7.12,0.00693,1951.7,39,10700.76,9049.88,5239.13,3287.43
ENT-PLT-004,2025-08-24,865,765,7.33,0.00799,1970.93,55,15767.33,10693.51,5611.08,3640.15
ENT-PLT-004,2025-08-25,865,717,6.91,0.00814,1903.08,50,14141.59,11696.78,4952.19,3049.11
ENT-PLT-004,2025-08-26,865,774,7.54,0.00821,1882.56,57,3793.42,10335.04,5832.9,3950.34
ENT-PLT-004,2025-08-27,865,778,7.74,0.0073,1967.4,51,13678.6,11058.05,6022.33,4054.93
ENT-PLT-004,2025-08-28,865,794,7.66,0.00686,1964.64,52,4675.62,10849.68,6084.97,4120.34
ENT-PLT-004,2025-08-29,865,778,7.3,0.00742,1911.31,52,5736.28,9784.8,5678.55,3767.24
ENT-PLT-004,2025-08-30,865,801,7.38,0.00852,1959.9,52,9446.24,9605.58,5911.85,3951.95
ENT-PLT-004,2025-08-31,865,759,6.45,0.00735,1935.33,49,7879.36,8478.73,4898.63,2963.29
ENT-PLT-004,2025-09-01,865,819,7.85,0.00734,2002.72,59,6787.72,7428.18,6430.39,4427.67
ENT-PLT-004,2025-09-02,865,766,7.09,0.006,1911.01,50,14570.81,8967.81,5431.09,3520.08
ENT-PLT-004,2025-09-03,865,783,7.39,0.00784,1854.82,56,5244.56,7762.94,5782.78,3927.96
ENT-PLT-004,2025-09-04,865,751,7.56,0.00781,1876.83,56,7299.06,8137.72,5676.54,3799.7
ENT-PLT-004,2025-09-05,865,775,7.04,0.00803,1983.33,55,12126.42,9050.6,5457.63,3474.3
ENT-PLT-004,2025-09-06,865,768,7.53,0.00668,1873.95,48,7530.1,8776.86,5780.01,3906.05
ENT-PLT-004,2025-09-07,865,754,6.71,0.0077,1813.85,53,12528.57,9441.03,5062.08,3248.23
ENT-PLT-004,2025-09-08,865,718,6.51,0.00816,1760.59,38,3828.03,9018.22,4675.16,2914.58
ENT-PLT-004,2025-09-09,865,701,6.95,0.00716,1753.96,51,8140.54,8099.61,4872.34,3118.38
ENT-PLT-004,2025-09-10,865,793,7.07,0.0082,1952.82,51,8889.22,8620.28,5604.36,3651.54
ENT-PLT-004,2025-09-11,865,796,7.88,0.00505,1889.47,50,8913.62,8850.93,6275.71,4386.23
ENT-PLT-004,2025-09-12,865,782,7.41,0.00726,1753.17,50,4711.15,7791.6,5792.28,4039.11
ENT-PLT-004,2025-09-13,865,769,6.89,0.0072,2022.29,50,11760.36,8395.93,5298.24,3275.95
ENT-PLT-004,2025-09-14,865,746,6.91,0.0064,1688.8,44,13069.51,8473.2,5152.48,3463.68
ENT-PLT-004,2025-09-15,865,742,6.79,0.00708,1820.71,46,11017.21,9500.23,5041.81,3221.1
ENT-PLT-004,2025-09-16,865,747,7.15,0.00617,1941.73,51,10827.88,9884.14,5343.84,3402.1
ENT-PLT-004,2025-09-17,865,792,7.85,0.00862,1942.92,53,14240.37,10648.59,6219.2,4276.29
ENT-PLT-004,2025-09-18,865,795,6.91,0.00923,1896.3,53,8775.06,10628.79,5496.57,3600.27
ENT-PLT-004,2025-09-19,865,767,7.16,0.00572,2198.39,52,14002.2,11956.08,5489.93,3291.54
ENT-PLT-004,2025-09-20,865,800,7.35,0.0076,2022.46,44,5415.84,11049.72,5883.94,3861.48
ENT-PLT-004,2025-09-21,865,780,7.53,0.00705,1908.1,60,5332.0,9944.36,5870.14,3962.05
ENT-PLT-004,2025-09-22,865,771,7.62,0.00814,1780.03,52,14845.57,10491.27,5872.71,4092.67
ENT-PLT-004,2025-09-23,865,817,7.66,0.00837,1781.42,49,10943.55,10507.8,6254.93,4473.51
ENT-PLT-004,2025-09-24,865,783,7.65,0.00905,1746.69,49,9559.5,9839.1,5986.99,4240.3
ENT-PLT-004,2025-09-25,865,780,7.34,0.00599,1814.49,52,5101.2,9314.27,5723.98,3909.48
ENT-PLT-004,2025-09-26,865,773,7.0,0.006,1927.01,61,14143.5,9334.45,5407.6,3480.59
ENT-PLT-004,2025-09-27,865,778,7.15,0.00757,1885.26,54,8291.45,9745.25,5565.67,3680.41
ENT-PLT-004,2025-09-28,865,752,6.92,0.00802,1780.04,56,7391.91,10039.53,5204.57,3424.53
ENT-PLT-004,2025-09-29,865,699,6.32,0.0079,1886.46,44,10614.59,9435.1,4417.84,2531.38
ENT-PLT-004,2025-09-30,865,709,6.64,0.00755,2016.55,44,12971.34,9724.78,4710.26,2693.71
ENT-PLT-004,2025-10-01,865,752,7.35,0.00685,1773.57,46,13237.51,10250.21,5525.16,3751.59
ENT-PLT-004,2025-10-02,865,725,6.43,0.00841,1618.84,42,4594.78,10177.87,4659.3,3040.47
ENT-PLT-004,2025-10-03,865,711,7.09,0.00669,1655.66,38,7737.83,9262.77,5037.85,3382.2
ENT-PLT-004,2025-10-04,865,718,6.4,0.00818,1639.07,45,4359.71,8701.1,4595.32,2956.25
ENT-PLT-004,2025-10-05,865,796,7.12,0.00921,1774.07,61,7399.82,8702.23,5667.93,3893.86
ENT-PLT-004,2025-10-06,865,777,7.17,0.00775,1828.13,40,7078.12,8197.02,5570.57,3742.44
ENT-PLT-004,2025-10-07,865,722,6.96,0.00719,1535.82,50,13199.58,8229.62,5025.08,3489.26
ENT-PLT-004,2025-10-08,865,741,7.1,0.00646,1886.71,49,11994.56,8052.06,5258.95,3372.24
ENT-PLT-004,2025-10-09,865,786,6.91,0.00691,1867.47,49,7134.34,8414.85,5433.24,3565.77
ENT-PLT-004,2025-10-10,865,686,6.61,0.00636,1651.84,43,7056.48,8317.52,4531.64,2879.8
ENT-PLT-004,2025-10-11,865,765,6.94,0.00612,1791.19,41,11024.67,9269.65,5310.79,3519.6
ENT-PLT-004,2025-10-12,865,761,7.51,0.0076,1964.71,44,3680.97,8738.39,5717.62,3752.9
ENT-PLT-004,2025-10-13,865,723,6.73,0.0061,1658.85,38,8830.8,8988.77,4862.74,3203.89
ENT-PLT-004,2025-10-14,865,680,6.52,0.00662,1526.33,48,3309.42,7575.89,4432.95,2906.62
ENT-PLT-004,2025-10-15,865,753,6.63,0.00549,1907.45,49,10354.93,7341.66,4989.21,3081.76
ENT-PLT-004,2025-10-16,865,747,6.94,0.00847,1906.54,48,13143.68,8200.14,5182.03,3275.49
ENT-PLT-004,2025-10-17,865,730,6.79,0.00827,1788.57,49,11161.47,8786.56,4959.82,3171.25
ENT-PLT-004,2025-10-18,865,751,7.36,0.00689,1694.13,46,9917.09,8628.34,5528.26,3834.13
ENT-PLT-004,2025-10-19,865,780,6.93,0.00803,2012.83,54,10215.52,9561.84,5404.89,3392.06
ENT-PLT-004,2025-10-20,865,797,7.78,0.00729,1850.18,61,4983.93,9012.29,6197.23,4347.04
ENT-PLT-004,2025-10-21,865,722,6.8,0.00751,1751.5,52,7325.78,9586.06,4911.52,3160.03
ENT-PLT-004,2025-10-22,865,728,7.02,0.00793,1835.98,49,5171.93,8845.63,5109.87,3273.9
ENT-PLT-004,2025-10-23,865,704,6.98,0.00711,1915.63,50,3911.22,7526.71,4915.57,2999.94
ENT-PLT-004,2025-10-24,865,733,6.61,0.00533,1632.81,37,3514.4,6434.27,4846.11,3213.29
ENT-PLT-004,2025-10-25,865,729,7.16,0.00603,1928.34,47,11826.94,6707.1,5217.82,3289.47
ENT-PLT-004,2025-10-26,865,725,7.58,0.00732,1904.07,59,7021.99,6250.88,5494.7,3590.63
ENT-PLT-004,2025-10-27,865,720,6.83,0.00773,1903.04,48,7952.9,6675.02,4918.95,3015.9
ENT-PLT-004,2025-10-28,865,828,7.68,0.00814,2120.61,49,8623.29,6860.38,6359.44,4238.83
ENT-PLT-004,2025-10-29,865,679,6.76,0.00771,1887.51,43,8518.71,7338.49,4591.14,2703.63
ENT-PLT-004,2025-10-30,865,795,7.45,0.00799,1980.14,47,11863.46,8474.53,5918.84,3938.7
ENT-PLT-004,2025-10-31,865,716,7.64,0.0076,1949.57,55,7545.95,9050.46,5470.5,3520.93
ENT-PLT-004,2025-11-01,865,944,8.73,0.00578,2237.0,59,16531.51,9722.55,8241.15,6004.15
ENT-PLT-004,2025-11-02,865,947,8.75,0.00896,2448.01,62,14167.91,10743.39,8286.84,5838.83
ENT-PLT-004,2025-11-03,865,970,9.19,0.00684,2307.44,71,12102.47,11336.19,8913.36,6605.92
ENT-PLT-004,2025-11-04,865,867,8.28,0.00769,2135.91,50,13750.1,12068.59,7179.48,5043.57
ENT-PLT-004,2025-11-05,865,888,8.37,0.00713,1998.65,67,8459.53,12060.13,7428.24,5429.59
ENT-PLT-004,2025-11-06,865,849,8.04,0.00661,2008.42,55,8530.45,11583.99,6822.76,4814.34
ENT-PLT-004,2025-11-07,865,895,8.48,0.00892,2192.54,62,15600.44,12734.63,7593.64,5401.1
ENT-PLT-004,2025-11-08,865,855,8.72,0.0088,2145.17,66,4799.06,11058.57,7456.0,5310.83
ENT-PLT-004,2025-11-09,865,879,8.34,0.00658,2283.09,60,9557.44,10399.93,7333.72,5050.63
ENT-PLT-004,2025-11-10,865,851,8.74,0.00793,1738.12,54,15277.59,10853.52,7437.22,5699.1
ENT-PLT-004,2025-11-11,865,911,8.68,0.00787,2113.39,64,14367.02,10941.65,7910.29,5796.9
ENT-PLT-004,2025-11-12,865,910,9.09,0.00784,2216.46,59,9633.91,11109.42,8268.87,6052.41
ENT-PLT-004,2025-11-13,865,857,8.28,0.0079,2098.0,59,12704.71,11705.74,7092.0,4994.0
ENT-PLT-004,2025-11-14,865,812,7.88,0.00738,2213.67,59,13207.17,11363.84,6398.23,4184.56
ENT-PLT-004,2025-11-15,865,832,8.73,0.00751,2101.97,54,7209.18,11708.15,7263.04,5161.07
ENT-PLT-004,2025-11-16,865,908,8.73,0.00804,2292.76,56,10553.28,11850.41,7925.29,5632.53
ENT-PLT-004,2025-11-17,865,934,9.47,0.00835,2384.59,66,6762.54,10633.97,8843.83,6459.24
ENT-PLT-004,2025-11-18,865,893,7.92,0.00565,2129.04,50,14223.52,10613.47,7071.96,4942.92
ENT-PLT-004,2025-11-19,865,948,9.01,0.00699,2512.67,56,4808.49,9924.13,8545.2,6032.53
ENT-PLT-004,2025-11-20,865,898,8.59,0.00801,2263.1,63,8881.44,9377.95,7711.28,5448.18
ENT-PLT-004,2025-11-21,865,898,8.06,0.0059,2193.51,45,9922.01,8908.64,7234.09,5040.58
ENT-PLT-004,2025-11-22,865,818,7.98,0.00861,1973.86,53,3925.7,8439.57,6529.88,4556.03
ENT-PLT-004,2025-11-23,865,947,8.53,0.00772,2242.25,55,11102.96,8518.1,8079.29,5837.03
ENT-PLT-004,2025-11-24,865,957,9.15,0.00857,2216.29,59,14258.04,9588.88,8759.07,6542.78
ENT-PLT-004,2025-11-25,865,880,8.6,0.00801,2217.41,54,11357.36,9179.43,7564.25,5346.83
ENT-PLT-004,2025-11-26,865,851,8.54,0.0066,2129.21,51,9150.8,9799.76,7264.22,5135.01
ENT-PLT-004,2025-11-27,865,926,8.72,0.00896,2439.3,63,6623.75,9477.23,8078.65,5639.35
ENT-PLT-004,2025-11-28,865,847,7.54,0.00692,1984.29,53,3535.69,8564.9,6384.78,4400.49
ENT-PLT-004,2025-11-29,865,956,8.87,0.0081,2145.67,59,13227.78,9893.77,8483.24,6337.57
ENT-PLT-004,2025-11-30,865,833,8.3,0.00597,2126.7,60,10184.17,9762.51,6917.08,4790.38
ENT-PLT-004,2025-12-01,865,839,8.03,0.00834,2019.54,48,9459.59,9077.02,6739.59,4720.05
ENT-PLT-004,2025-12-02,865,917,8.67,0.00788,2170.34,55,12006.64,9169.78,7949.19,5778.85
ENT-PLT-004,2025-12-03,865,985,8.92,0.00803,2252.77,63,17653.87,10384.5,8785.94,6533.17
ENT-PLT-004,2025-12-04,865,882,8.63,0.00692,2070.02,63,14517.81,11512.22,7608.51,5538.49
ENT-PLT-004,2025-12-05,865,927,8.73,0.00969,2177.16,52,8226.86,12182.39,8093.79,5916.63
ENT-PLT-004,2025-12-06,865,818,7.48,0.00784,1928.45,53,3312.67,10765.94,6117.23,4188.77
ENT-PLT-004,2025-12-07,865,895,9.19,0.00792,2333.57,64,4923.25,10014.38,8227.29,5893.72
ENT-PLT-004,2025-12-08,865,844,8.33,0.00861,2070.43,57,16488.74,11018.55,7032.41,4961.98
ENT-PLT-004,2025-12-09,865,942,8.65,0.00671,2191.55,69,8470.43,10513.37,8144.84,5953.29
ENT-PLT-004,2025-12-10,865,887,9.18,0.00761,2293.36,62,11431.2,9624.42,8140.21,5846.86
ENT-PLT-004,2025-12-11,865,803,7.63,0.00754,2088.06,54,4323.56,8168.1,6127.54,4039.49
ENT-PLT-004,2025-12-12,865,930,8.83,0.00635,2347.22,51,11173.61,8589.06,8213.18,5865.95
ENT-PLT-004,2025-12-13,865,895,8.94,0.00721,2155.43,56,3551.0,8623.11,8000.62,5845.19
ENT-PLT-004,2025-12-14,865,840,7.76,0.00798,2133.25,55,8316.45,9107.85,6521.39,4388.14
ENT-PLT-004,2025-12-15,865,944,8.84,0.00745,2256.51,58,13518.84,8683.58,8345.8,6089.29
ENT-PLT-004,2025-12-16,865,776,7.97,0.00682,1938.91,56,7627.92,8563.23,6185.98,4247.08
ENT-PLT-004,2025-12-17,865,846,8.21,0.00796,2177.7,54,12624.07,8733.64,6949.18,4771.48
ENT-PLT-004,2025-12-18,865,897,8.33,0.00744,2084.69,57,8721.37,9361.89,7473.31,5388.62
ENT-PLT-004,2025-12-19,865,892,8.84,0.00615,2305.45,59,3820.27,8311.42,7883.67,5578.22
ENT-PLT-004,2025-12-20,865,904,8.94,0.00633,2375.24,52,6086.11,8673.58,8081.95,5706.7
ENT-PLT-004,2025-12-21,865,909,8.41,0.01028,2080.81,53,14609.9,9572.64,7648.34,5567.52
ENT-PLT-004,2025-12-22,865,885,8.22,0.00711,2300.07,61,7425.57,8702.17,7271.56,4971.49
ENT-PLT-004,2025-12-23,865,827,7.93,0.00642,2027.52,55,8716.9,8857.74,6558.41,4530.89
ENT-PLT-004,2025-12-24,865,973,8.25,0.00847,2394.73,62,16868.29,9464.06,8025.38,5630.65
ENT-PLT-004,2025-12-25,865,896,7.66,0.00821,2056.22,58,12742.0,10038.43,6867.7,4811.48
ENT-PLT-004,2025-12-26,865,813,7.87,0.00718,1900.75,61,15139.6,11655.48,6398.32,4497.57
ENT-PLT-004,2025-12-27,865,851,7.65,0.00793,2135.01,51,6816.44,11759.81,6513.42,4378.42
ENT-PLT-004,2025-12-28,865,841,8.35,0.00541,2184.25,66,10487.95,11170.96,7019.62,4835.37
ENT-PLT-004,2025-12-29,865,827,7.68,0.00927,1924.2,44,7199.64,11138.69,6347.54,4423.34
ENT-PLT-004,2025-12-30,865,960,9.08,0.00692,2293.02,69,16878.61,12304.65,8717.22,6424.21
ENT-PLT-004,2025-12-31,865,899,8.15,0.00666,2260.61,62,7375.99,10948.61,7323.06,5062.44
ENT-PLT-004,2026-01-01,865,919,8.42,0.00617,2136.11,52,3560.56,9636.97,7735.28,5599.17
ENT-PLT-004,2026-01-02,865,817,7.92,0.00756,2190.79,48,6698.98,8431.17,6469.69,4278.9
ENT-PLT-004,2026-01-03,865,839,7.73,0.00738,1759.73,53,11107.51,9044.18,6488.88,4729.15
ENT-PLT-004,2026-01-04,865,862,8.44,0.00687,2059.64,58,7701.11,8646.06,7273.3,5213.67
ENT-PLT-004,2026-01-05,865,948,9.37,0.00774,2310.54,64,12467.16,9398.56,8886.49,6575.95
ENT-PLT-004,2026-01-06,865,890,8.53,0.00671,2248.87,55,4796.36,7672.52,7594.1,5345.23
ENT-PLT-004,2026-01-07,865,955,8.98,0.00948,2369.54,56,13670.34,8571.72,8575.77,6206.23
ENT-PLT-004,2026-01-08,865,898,8.83,0.00741,2068.43,60,10041.6,9497.58,7931.41,5862.97
ENT-PLT-004,2026-01-09,865,781,7.78,0.00697,2061.81,57,5844.58,9375.52,6073.25,4011.44
ENT-PLT-004,2026-01-10,865,910,8.31,0.00548,2382.71,66,19172.96,10527.73,7559.3,5176.6
ENT-PLT-004,2026-01-11,865,826,7.82,0.00795,1880.41,45,8043.3,10576.61,6455.81,4575.4
ENT-PLT-004,2026-01-12,865,945,7.82,0.00582,2152.12,61,11176.51,10392.24,7385.67,5233.56
ENT-PLT-004,2026-01-13,865,956,9.07,0.00723,2387.17,57,7019.39,10709.81,8668.6,6281.43
ENT-PLT-004,2026-01-14,865,930,9.0,0.00816,2483.5,62,13532.03,10690.05,8369.28,5885.78
ENT-PLT-004,2026-01-15,865,897,8.31,0.00761,2092.18,52,5611.54,10057.19,7455.83,5363.64
ENT-PLT-004,2026-01-16,865,870,8.03,0.00847,2135.75,62,9177.89,10533.37,6987.96,4852.22
ENT-PLT-004,2026-01-17,865,905,8.43,0.00734,2111.98,55,5846.33,8629.57,7631.5,5519.52
ENT-PLT-004,2026-01-18,865,863,8.4,0.00803,1994.89,47,13122.49,9355.17,7253.39,5258.5
ENT-PLT-004,2026-01-19,865,938,8.9,0.00865,2411.33,61,4611.0,8417.24,8344.27,5932.93
ENT-PLT-004,2026-01-20,865,905,8.54,0.00791,2327.3,61,14442.41,9477.67,7727.8,5400.5
ENT-PLT-004,2026-01-21,865,865,8.14,0.00523,1972.65,63,8783.22,8799.27,7043.07,5070.41
ENT-PLT-004,2026-01-22,865,901,8.58,0.00726,2362.12,67,18919.12,10700.35,7732.04,5369.92
ENT-PLT-004,2026-01-23,865,834,7.86,0.00609,2107.88,56,8559.95,10612.07,6552.71,4444.83
ENT-PLT-004,2026-01-24,865,931,8.8,0.00921,2173.63,53,12163.81,11514.57,8191.73,6018.1
ENT-PLT-004,2026-01-25,865,874,7.99,0.00817,2064.84,55,16159.31,11948.4,6979.18,4914.34
ENT-PLT-004,2026-01-26,865,847,8.38,0.00657,2092.78,57,13839.6,13266.77,7096.28,5003.49
ENT-PLT-004,2026-01-27,865,855,7.58,0.00762,2145.85,56,8901.07,12475.15,6480.18,4334.32
ENT-PLT-004,2026-01-28,865,888,8.67,0.00822,2167.78,62,3823.91,11766.68,7699.09,5531.31
